0.0000 6.99866782e-04 0.0 0.0
0.0500 7.02084668e-04 0.0 0.0
0.1000 7.04308798e-04 0.0 0.0
0.1500 7.06539188e-04 0.0 0.0
0.2000 7.08775853e-04 0.0 0.0
0.2500 7.11018807e-04 0.0 0.0
0.3000 7.13268066e-04 0.0 0.0
0.3500 7.15523643e-04 0.0 0.0
0.4000 7.17785555e-04 0.0 0.0
0.4500 7.20053816e-04 0.0 0.0
0.5000 7.22328441e-04 0.0 0.0
0.5500 7.24609445e-04 0.0 0.0
0.6000 7.26896843e-04 0.0 0.0
0.6500 7.29190651e-04 0.0 0.0
0.7000 7.31490883e-04 0.0 0.0
0.7500 7.33797555e-04 0.0 0.0
0.8000 7.36110681e-04 0.0 0.0
0.8500 7.38430278e-04 0.0 0.0
0.9000 7.40756359e-04 0.0 0.0
0.9500 7.43088941e-04 0.0 0.0
1.0000 7.45428039e-04 0.0 0.0
1.0500 7.47773667e-04 0.0 0.0
1.1000 7.50125842e-04 0.0 0.0
1.1500 7.52484579e-04 0.0 0.0
1.2000 7.54849892e-04 0.0 0.0
1.2500 7.57221798e-04 0.0 0.0
1.3000 7.59600312e-04 0.0 0.0
1.3500 7.61985449e-04 0.0 0.0
1.4000 7.64377224e-04 0.0 0.0
1.4500 7.66775655e-04 0.0 0.0
1.5000 7.69180754e-04 0.0 0.0
1.5500 7.71592540e-04 0.0 0.0
1.6000 7.74011026e-04 0.0 0.0
1.6500 7.76436229e-04 0.0 0.0
1.7000 7.78868164e-04 0.0 0.0
1.7500 7.81306847e-04 0.0 0.0
1.8000 7.83752293e-04 0.0 0.0
1.8500 7.86204519e-04 0.0 0.0
1.9000 7.88663540e-04 0.0 0.0
1.9500 7.91129371e-04 0.0 0.0
2.0000 7.93602029e-04 0.0 0.0
2.0500 7.96081530e-04 0.0 0.0
2.1000 7.98567889e-04 0.0 0.0
2.1500 8.01061122e-04 0.0 0.0
2.2000 8.03561245e-04 0.0 0.0
2.2500 8.06068274e-04 0.0 0.0
2.3000 8.08582225e-04 0.0 0.0
2.3500 8.11103114e-04 0.0 0.0
2.4000 8.13630957e-04 0.0 0.0
2.4500 8.16165770e-04 0.0 0.0
2.5000 8.18707569e-04 0.0 0.0
2.5500 8.21256370e-04 0.0 0.0
2.6000 8.23812190e-04 0.0 0.0
2.6500 8.26375044e-04 0.0 0.0
2.7000 8.28944948e-04 0.0 0.0
2.7500 8.31521919e-04 0.0 0.0
2.8000 8.34105973e-04 0.0 0.0
2.8500 8.36697127e-04 0.0 0.0
2.9000 8.39295396e-04 0.0 0.0
2.9500 8.41900797e-04 0.0 0.0
3.0000 8.44513345e-04 0.0 0.0
3.0500 8.47133059e-04 0.0 0.0
3.1000 8.49759953e-04 0.0 0.0
3.1500 8.52394045e-04 0.0 0.0
3.2000 8.55035351e-04 0.0 0.0
3.2500 8.57683886e-04 0.0 0.0
3.3000 8.60339669e-04 0.0 0.0
3.3500 8.63002715e-04 0.0 0.0
3.4000 8.65673040e-04 0.0 0.0
3.4500 8.68350662e-04 0.0 0.0
3.5000 8.71035597e-04 0.0 0.0
3.5500 8.73727861e-04 0.0 0.0
3.6000 8.76427472e-04 0.0 0.0
3.6500 8.79134445e-04 0.0 0.0
3.7000 8.81848799e-04 0.0 0.0
3.7500 8.84570548e-04 0.0 0.0
3.8000 8.87299711e-04 0.0 0.0
3.8500 8.90036304e-04 0.0 0.0
3.9000 8.92780343e-04 0.0 0.0
3.9500 8.95531846e-04 0.0 0.0
4.0000 8.98290829e-04 0.0 0.0
4.0500 9.01057310e-04 0.0 0.0
4.1000 9.03831305e-04 0.0 0.0
4.1500 9.06612832e-04 0.0 0.0
4.2000 9.09401906e-04 0.0 0.0
4.2500 9.12198546e-04 0.0 0.0
4.3000 9.15002768e-04 0.0 0.0
4.3500 9.17814589e-04 0.0 0.0
4.4000 9.20634026e-04 0.0 0.0
4.4500 9.23461097e-04 0.0 0.0
4.5000 9.26295819e-04 0.0 0.0
4.5500 9.29138209e-04 0.0 0.0
4.6000 9.31988283e-04 0.0 0.0
4.6500 9.34846060e-04 0.0 0.0
4.7000 9.37711556e-04 0.0 0.0
4.7500 9.40584789e-04 0.0 0.0
4.8000 9.43465776e-04 0.0 0.0
4.8500 9.46354534e-04 0.0 0.0
4.9000 9.49251081e-04 0.0 0.0
4.9500 9.52155434e-04 0.0 0.0
5.0000 9.55067611e-04 0.0 0.0
5.0500 9.57987628e-04 0.0 0.0
5.1000 9.60915504e-04 0.0 0.0
5.1500 9.63851256e-04 0.0 0.0
5.2000 9.66794902e-04 0.0 0.0
5.2500 9.69746458e-04 0.0 0.0
5.3000 9.72705943e-04 0.0 0.0
5.3500 9.75673374e-04 0.0 0.0
5.4000 9.78648769e-04 0.0 0.0
5.4500 9.81632145e-04 0.0 0.0
5.5000 9.84623520e-04 0.0 0.0
5.5500 9.87622912e-04 0.0 0.0
5.6000 9.90630339e-04 0.0 0.0
5.6500 9.93645818e-04 0.0 0.0
5.7000 9.96669367e-04 0.0 0.0
5.7500 9.99701004e-04 0.0 0.0
5.8000 1.00274075e-03 0.0 0.0
5.8500 1.00578861e-03 0.0 0.0
5.9000 1.00884462e-03 0.0 0.0
5.9500 1.01190879e-03 0.0 0.0
6.0000 1.01498113e-03 0.0 0.0
6.0500 1.01806167e-03 0.0 0.0
6.1000 1.02115043e-03 0.0 0.0
6.1500 1.02424741e-03 0.0 0.0
6.2000 1.02735265e-03 0.0 0.0
6.2500 1.03046615e-03 0.0 0.0
6.3000 1.03358794e-03 0.0 0.0
6.3500 1.03671803e-03 0.0 0.0
6.4000 1.03985644e-03 0.0 0.0
6.4500 1.04300320e-03 0.0 0.0
6.5000 1.04615831e-03 0.0 0.0
6.5500 1.04932180e-03 0.0 0.0
6.6000 1.05249368e-03 0.0 0.0
6.6500 1.05567398e-03 0.0 0.0
6.7000 1.05886271e-03 0.0 0.0
6.7500 1.06205989e-03 0.0 0.0
6.8000 1.06526554e-03 0.0 0.0
6.8500 1.06847967e-03 0.0 0.0
6.9000 1.07170231e-03 0.0 0.0
6.9500 1.07493348e-03 0.0 0.0
7.0000 1.07817318e-03 0.0 0.0
7.0500 1.08142145e-03 0.0 0.0
7.1000 1.08467829e-03 0.0 0.0
7.1500 1.08794374e-03 0.0 0.0
7.2000 1.09121780e-03 0.0 0.0
7.2500 1.09450049e-03 0.0 0.0
7.3000 1.09779184e-03 0.0 0.0
7.3500 1.10109186e-03 0.0 0.0
7.4000 1.10440057e-03 0.0 0.0
7.4500 1.10771799e-03 0.0 0.0
7.5000 1.11104415e-03 0.0 0.0
7.5500 1.11437904e-03 0.0 0.0
7.6000 1.11772271e-03 0.0 0.0
7.6500 1.12107516e-03 0.0 0.0
7.7000 1.12443641e-03 0.0 0.0
7.7500 1.12780649e-03 0.0 0.0
7.8000 1.13118541e-03 0.0 0.0
7.8500 1.13457319e-03 0.0 0.0
7.9000 1.13796985e-03 0.0 0.0
7.9500 1.14137540e-03 0.0 0.0
8.0000 1.14478988e-03 0.0 0.0
8.0500 1.14821329e-03 0.0 0.0
8.1000 1.15164566e-03 0.0 0.0
8.1500 1.15508700e-03 0.0 0.0
8.2000 1.15853734e-03 0.0 0.0
8.2500 1.16199669e-03 0.0 0.0
8.3000 1.16546508e-03 0.0 0.0
8.3500 1.16894252e-03 0.0 0.0
8.4000 1.17242902e-03 0.0 0.0
8.4500 1.17592462e-03 0.0 0.0
8.5000 1.17942933e-03 0.0 0.0
8.5500 1.18294316e-03 0.0 0.0
8.6000 1.18646615e-03 0.0 0.0
8.6500 1.18999830e-03 0.0 0.0
8.7000 1.19353964e-03 0.0 0.0
8.7500 1.19709019e-03 0.0 0.0
8.8000 1.20064996e-03 0.0 0.0
8.8500 1.20421898e-03 0.0 0.0
8.9000 1.20779727e-03 0.0 0.0
8.9500 1.21138484e-03 0.0 0.0
9.0000 1.21498171e-03 0.0 0.0
9.0500 1.21858791e-03 0.0 0.0
9.1000 1.22220345e-03 0.0 0.0
9.1500 1.22582835e-03 0.0 0.0
9.2000 1.22946264e-03 0.0 0.0
9.2500 1.23310633e-03 0.0 0.0
9.3000 1.23675944e-03 0.0 0.0
9.3500 1.24042200e-03 0.0 0.0
9.4000 1.24409401e-03 0.0 0.0
9.4500 1.24777551e-03 0.0 0.0
9.5000 1.25146651e-03 0.0 0.0
9.5500 1.25516703e-03 0.0 0.0
9.6000 1.25887710e-03 0.0 0.0
9.6500 1.26259672e-03 0.0 0.0
9.7000 1.26632593e-03 0.0 0.0
9.7500 1.27006473e-03 0.0 0.0
9.8000 1.27381316e-03 0.0 0.0
9.8500 1.27757123e-03 0.0 0.0
9.9000 1.28133896e-03 0.0 0.0
9.9500 1.28511638e-03 0.0 0.0
10.0000 1.28890349e-03 0.0 0.0
10.0500 1.29270033e-03 0.0 0.0
10.1000 1.29650691e-03 0.0 0.0
10.1500 1.30032325e-03 0.0 0.0
10.2000 1.30414937e-03 0.0 0.0
10.2500 1.30798530e-03 0.0 0.0
10.3000 1.31183105e-03 0.0 0.0
10.3500 1.31568664e-03 0.0 0.0
10.4000 1.31955210e-03 0.0 0.0
10.4500 1.32342744e-03 0.0 0.0
10.5000 1.32731268e-03 0.0 0.0
10.5500 1.33120785e-03 0.0 0.0
10.6000 1.33511297e-03 0.0 0.0
10.6500 1.33902805e-03 0.0 0.0
10.7000 1.34295311e-03 0.0 0.0
10.7500 1.34688819e-03 0.0 0.0
10.8000 1.35083329e-03 0.0 0.0
10.8500 1.35478844e-03 0.0 0.0
10.9000 1.35875365e-03 0.0 0.0
10.9500 1.36272896e-03 0.0 0.0
11.0000 1.36671438e-03 0.0 0.0
11.0500 1.37070992e-03 0.0 0.0
11.1000 1.37471562e-03 0.0 0.0
11.1500 1.37873149e-03 0.0 0.0
11.2000 1.38275755e-03 0.0 0.0
11.2500 1.38679383e-03 0.0 0.0
11.3000 1.39084034e-03 0.0 0.0
11.3500 1.39489710e-03 0.0 0.0
11.4000 1.39896415e-03 0.0 0.0
11.4500 1.40304148e-03 0.0 0.0
11.5000 1.40712914e-03 0.0 0.0
11.5500 1.41122713e-03 0.0 0.0
11.6000 1.41533549e-03 0.0 0.0
11.6500 1.41945423e-03 0.0 0.0
11.7000 1.42358336e-03 0.0 0.0
11.7500 1.42772292e-03 0.0 0.0
11.8000 1.43187293e-03 0.0 0.0
11.8500 1.43603340e-03 0.0 0.0
11.9000 1.44020435e-03 0.0 0.0
11.9500 1.44438581e-03 0.0 0.0
12.0000 1.44857780e-03 0.0 0.0
12.0500 1.45278035e-03 0.0 0.0
12.1000 1.45699346e-03 0.0 0.0
12.1500 1.46121716e-03 0.0 0.0
12.2000 1.46545148e-03 0.0 0.0
12.2500 1.46969643e-03 0.0 0.0
12.3000 1.47395204e-03 0.0 0.0
12.3500 1.47821833e-03 0.0 0.0
12.4000 1.48249531e-03 0.0 0.0
12.4500 1.48678302e-03 0.0 0.0
12.5000 1.49108147e-03 0.0 0.0
12.5500 1.49539068e-03 0.0 0.0
12.6000 1.49971067e-03 0.0 0.0
12.6500 1.50404147e-03 0.0 0.0
12.7000 1.50838310e-03 0.0 0.0
12.7500 1.51273558e-03 0.0 0.0
12.8000 1.51709893e-03 0.0 0.0
12.8500 1.52147318e-03 0.0 0.0
12.9000 1.52585834e-03 0.0 0.0
12.9500 1.53025443e-03 0.0 0.0
13.0000 1.53466148e-03 0.0 0.0
13.0500 1.53907951e-03 0.0 0.0
13.1000 1.54350854e-03 0.0 0.0
13.1500 1.54794860e-03 0.0 0.0
13.2000 1.55239970e-03 0.0 0.0
13.2500 1.55686187e-03 0.0 0.0
13.3000 1.56133512e-03 0.0 0.0
13.3500 1.56581949e-03 0.0 0.0
13.4000 1.57031499e-03 0.0 0.0
13.4500 1.57482164e-03 0.0 0.0
13.5000 1.57933947e-03 0.0 0.0
13.5500 1.58386850e-03 0.0 0.0
13.6000 1.58840874e-03 0.0 0.0
13.6500 1.59296023e-03 0.0 0.0
13.7000 1.59752299e-03 0.0 0.0
13.7500 1.60209703e-03 0.0 0.0
13.8000 1.60668238e-03 0.0 0.0
13.8500 1.61127906e-03 0.0 0.0
13.9000 1.61588709e-03 0.0 0.0
13.9500 1.62050650e-03 0.0 0.0
14.0000 1.62513731e-03 0.0 0.0
14.0500 1.62977953e-03 0.0 0.0
14.1000 1.63443320e-03 0.0 0.0
14.1500 1.63909833e-03 0.0 0.0
14.2000 1.64377495e-03 0.0 0.0
14.2500 1.64846308e-03 0.0 0.0
14.3000 1.65316274e-03 0.0 0.0
14.3500 1.65787395e-03 0.0 0.0
14.4000 1.66259674e-03 0.0 0.0
14.4500 1.66733113e-03 0.0 0.0
14.5000 1.67207713e-03 0.0 0.0
14.5500 1.67683479e-03 0.0 0.0
14.6000 1.68160410e-03 0.0 0.0
14.6500 1.68638511e-03 0.0 0.0
14.7000 1.69117783e-03 0.0 0.0
14.7500 1.69598228e-03 0.0 0.0
14.8000 1.70079848e-03 0.0 0.0
14.8500 1.70562647e-03 0.0 0.0
14.9000 1.71046626e-03 0.0 0.0
14.9500 1.71531787e-03 0.0 0.0
15.0000 1.72018133e-03 0.0 0.0
15.0500 1.72505666e-03 0.0 0.0
15.1000 1.72994389e-03 0.0 0.0
15.1500 1.73484302e-03 0.0 0.0
15.2000 1.73975410e-03 0.0 0.0
15.2500 1.74467714e-03 0.0 0.0
15.3000 1.74961216e-03 0.0 0.0
15.3500 1.75455919e-03 0.0 0.0
15.4000 1.75951825e-03 0.0 0.0
15.4500 1.76448936e-03 0.0 0.0
15.5000 1.76947254e-03 0.0 0.0
15.5500 1.77446783e-03 0.0 0.0
15.6000 1.77947524e-03 0.0 0.0
15.6500 1.78449479e-03 0.0 0.0
15.7000 1.78952651e-03 0.0 0.0
15.7500 1.79457042e-03 0.0 0.0
15.8000 1.79962655e-03 0.0 0.0
15.8500 1.80469491e-03 0.0 0.0
15.9000 1.80977554e-03 0.0 0.0
15.9500 1.81486844e-03 0.0 0.0
16.0000 1.81997366e-03 0.0 0.0
16.0500 1.82509120e-03 0.0 0.0
16.1000 1.83022110e-03 0.0 0.0
16.1500 1.83536337e-03 0.0 0.0
16.2000 1.84051805e-03 0.0 0.0
16.2500 1.84568515e-03 0.0 0.0
16.3000 1.85086469e-03 0.0 0.0
16.3500 1.85605671e-03 0.0 0.0
16.4000 1.86126121e-03 0.0 0.0
16.4500 1.86647824e-03 0.0 0.0
16.5000 1.87170780e-03 0.0 0.0
16.5500 1.87694993e-03 0.0 0.0
16.6000 1.88220465e-03 0.0 0.0
16.6500 1.88747198e-03 0.0 0.0
16.7000 1.89275194e-03 0.0 0.0
16.7500 1.89804456e-03 0.0 0.0
16.8000 1.90334986e-03 0.0 0.0
16.8500 1.90866787e-03 0.0 0.0
16.9000 1.91399860e-03 0.0 0.0
16.9500 1.91934209e-03 0.0 0.0
17.0000 1.92469836e-03 0.0 0.0
17.0500 1.93006742e-03 0.0 0.0
17.1000 1.93544931e-03 0.0 0.0
17.1500 1.94084405e-03 0.0 0.0
17.2000 1.94625165e-03 0.0 0.0
17.2500 1.95167216e-03 0.0 0.0
17.3000 1.95710558e-03 0.0 0.0
17.3500 1.96255194e-03 0.0 0.0
17.4000 1.96801127e-03 0.0 0.0
17.4500 1.97348359e-03 0.0 0.0
17.5000 1.97896893e-03 0.0 0.0
17.5500 1.98446730e-03 0.0 0.0
17.6000 1.98997874e-03 0.0 0.0
17.6500 1.99550326e-03 0.0 0.0
17.7000 2.00104090e-03 0.0 0.0
17.7500 2.00659166e-03 0.0 0.0
17.8000 2.01215559e-03 0.0 0.0
17.8500 2.01773270e-03 0.0 0.0
17.9000 2.02332302e-03 0.0 0.0
17.9500 2.02892656e-03 0.0 0.0
18.0000 2.03454337e-03 0.0 0.0
18.0500 2.04017345e-03 0.0 0.0
18.1000 2.04581683e-03 0.0 0.0
18.1500 2.05147354e-03 0.0 0.0
18.2000 2.05714361e-03 0.0 0.0
18.2500 2.06282705e-03 0.0 0.0
18.3000 2.06852389e-03 0.0 0.0
18.3500 2.07423415e-03 0.0 0.0
18.4000 2.07995787e-03 0.0 0.0
18.4500 2.08569506e-03 0.0 0.0
18.5000 2.09144574e-03 0.0 0.0
18.5500 2.09720995e-03 0.0 0.0
18.6000 2.10298770e-03 0.0 0.0
18.6500 2.10877903e-03 0.0 0.0
18.7000 2.11458395e-03 0.0 0.0
18.7500 2.12040249e-03 0.0 0.0
18.8000 2.12623468e-03 0.0 0.0
18.8500 2.13208053e-03 0.0 0.0
18.9000 2.13794008e-03 0.0 0.0
18.9500 2.14381335e-03 0.0 0.0
19.0000 2.14970036e-03 0.0 0.0
19.0500 2.15560113e-03 0.0 0.0
19.1000 2.16151570e-03 0.0 0.0
19.1500 2.16744409e-03 0.0 0.0
19.2000 2.17338631e-03 0.0 0.0
19.2500 2.17934241e-03 0.0 0.0
19.3000 2.18531239e-03 0.0 0.0
19.3500 2.19129629e-03 0.0 0.0
19.4000 2.19729413e-03 0.0 0.0
19.4500 2.20330594e-03 0.0 0.0
19.5000 2.20933173e-03 0.0 0.0
19.5500 2.21537154e-03 0.0 0.0
19.6000 2.22142539e-03 0.0 0.0
19.6500 2.22749331e-03 0.0 0.0
19.7000 2.23357531e-03 0.0 0.0
19.7500 2.23967143e-03 0.0 0.0
19.8000 2.24578168e-03 0.0 0.0
19.8500 2.25190611e-03 0.0 0.0
19.9000 2.25804472e-03 0.0 0.0
19.9500 2.26419754e-03 0.0 0.0
20.0000 2.27036461e-03 0.0 0.0
20.0500 2.27654593e-03 0.0 0.0
20.1000 2.28274155e-03 0.0 0.0
20.1500 2.28895148e-03 0.0 0.0
20.2000 2.29517576e-03 0.0 0.0
20.2500 2.30141439e-03 0.0 0.0
20.3000 2.30766742e-03 0.0 0.0
20.3500 2.31393486e-03 0.0 0.0
20.4000 2.32021674e-03 0.0 0.0
20.4500 2.32651309e-03 0.0 0.0
20.5000 2.33282392e-03 0.0 0.0
20.5500 2.33914928e-03 0.0 0.0
20.6000 2.34548917e-03 0.0 0.0
20.6500 2.35184363e-03 0.0 0.0
20.7000 2.35821268e-03 0.0 0.0
20.7500 2.36459635e-03 0.0 0.0
20.8000 2.37099466e-03 0.0 0.0
20.8500 2.37740764e-03 0.0 0.0
20.9000 2.38383531e-03 0.0 0.0
20.9500 2.39027770e-03 0.0 0.0
21.0000 2.39673484e-03 0.0 0.0
21.0500 2.40320674e-03 0.0 0.0
21.1000 2.40969344e-03 0.0 0.0
21.1500 2.41619496e-03 0.0 0.0
21.2000 2.42271132e-03 0.0 0.0
21.2500 2.42924256e-03 0.0 0.0
21.3000 2.43578869e-03 0.0 0.0
21.3500 2.44234975e-03 0.0 0.0
21.4000 2.44892575e-03 0.0 0.0
21.4500 2.45551673e-03 0.0 0.0
21.5000 2.46212270e-03 0.0 0.0
21.5500 2.46874370e-03 0.0 0.0
21.6000 2.47537975e-03 0.0 0.0
21.6500 2.48203088e-03 0.0 0.0
21.7000 2.48869711e-03 0.0 0.0
21.7500 2.49537846e-03 0.0 0.0
21.8000 2.50207497e-03 0.0 0.0
21.8500 2.50878666e-03 0.0 0.0
21.9000 2.51551355e-03 0.0 0.0
21.9500 2.52225568e-03 0.0 0.0
22.0000 2.52901306e-03 0.0 0.0
22.0500 2.53578572e-03 0.0 0.0
22.1000 2.54257369e-03 0.0 0.0
22.1500 2.54937699e-03 0.0 0.0
22.2000 2.55619566e-03 0.0 0.0
22.2500 2.56302970e-03 0.0 0.0
22.3000 2.56987916e-03 0.0 0.0
22.3500 2.57674406e-03 0.0 0.0
22.4000 2.58362442e-03 0.0 0.0
22.4500 2.59052027e-03 0.0 0.0
22.5000 2.59743164e-03 0.0 0.0
22.5500 2.60435855e-03 0.0 0.0
22.6000 2.61130102e-03 0.0 0.0
22.6500 2.61825909e-03 0.0 0.0
22.7000 2.62523277e-03 0.0 0.0
22.7500 2.63222211e-03 0.0 0.0
22.8000 2.63922711e-03 0.0 0.0
22.8500 2.64624781e-03 0.0 0.0
22.9000 2.65328423e-03 0.0 0.0
22.9500 2.66033641e-03 0.0 0.0
23.0000 2.66740436e-03 0.0 0.0
23.0500 2.67448811e-03 0.0 0.0
23.1000 2.68158769e-03 0.0 0.0
23.1500 2.68870313e-03 0.0 0.0
23.2000 2.69583444e-03 0.0 0.0
23.2500 2.70298167e-03 0.0 0.0
23.3000 2.71014482e-03 0.0 0.0
23.3500 2.71732394e-03 0.0 0.0
23.4000 2.72451904e-03 0.0 0.0
23.4500 2.73173015e-03 0.0 0.0
23.5000 2.73895730e-03 0.0 0.0
23.5500 2.74620052e-03 0.0 0.0
23.6000 2.75345983e-03 0.0 0.0
23.6500 2.76073525e-03 0.0 0.0
23.7000 2.76802682e-03 0.0 0.0
23.7500 2.77533456e-03 0.0 0.0
23.8000 2.78265849e-03 0.0 0.0
23.8500 2.78999865e-03 0.0 0.0
23.9000 2.79735506e-03 0.0 0.0
23.9500 2.80472774e-03 0.0 0.0
24.0000 2.81211672e-03 0.0 0.0
24.0500 2.81952204e-03 0.0 0.0
24.1000 2.82694371e-03 0.0 0.0
24.1500 2.83438176e-03 0.0 0.0
24.2000 2.84183622e-03 0.0 0.0
24.2500 2.84930711e-03 0.0 0.0
24.3000 2.85679447e-03 0.0 0.0
24.3500 2.86429831e-03 0.0 0.0
24.4000 2.87181867e-03 0.0 0.0
24.4500 2.87935557e-03 0.0 0.0
24.5000 2.88690904e-03 0.0 0.0
24.5500 2.89447910e-03 0.0 0.0
24.6000 2.90206578e-03 0.0 0.0
24.6500 2.90966911e-03 0.0 0.0
24.7000 2.91728911e-03 0.0 0.0
24.7500 2.92492582e-03 0.0 0.0
24.8000 2.93257925e-03 0.0 0.0
24.8500 2.94024944e-03 0.0 0.0
24.9000 2.94793641e-03 0.0 0.0
24.9500 2.95564019e-03 0.0 0.0
25.0000 2.96336080e-03 0.0 0.0
25.0500 2.97109827e-03 0.0 0.0
25.1000 2.97885264e-03 0.0 0.0
25.1500 2.98662391e-03 0.0 0.0
25.2000 2.99441213e-03 0.0 0.0
25.2500 3.00221732e-03 0.0 0.0
25.3000 3.01003950e-03 0.0 0.0
25.3500 3.01787871e-03 0.0 0.0
25.4000 3.02573496e-03 0.0 0.0
25.4500 3.03360830e-03 0.0 0.0
25.5000 3.04149873e-03 0.0 0.0
25.5500 3.04940629e-03 0.0 0.0
25.6000 3.05733101e-03 0.0 0.0
25.6500 3.06527292e-03 0.0 0.0
25.7000 3.07323203e-03 0.0 0.0
25.7500 3.08120839e-03 0.0 0.0
25.8000 3.08920201e-03 0.0 0.0
25.8500 3.09721291e-03 0.0 0.0
25.9000 3.10524114e-03 0.0 0.0
25.9500 3.11328672e-03 0.0 0.0
26.0000 3.12134966e-03 0.0 0.0
26.0500 3.12943001e-03 0.0 0.0
26.1000 3.13752778e-03 0.0 0.0
26.1500 3.14564301e-03 0.0 0.0
26.2000 3.15377571e-03 0.0 0.0
26.2500 3.16192593e-03 0.0 0.0
26.3000 3.17009368e-03 0.0 0.0
26.3500 3.17827899e-03 0.0 0.0
26.4000 3.18648189e-03 0.0 0.0
26.4500 3.19470241e-03 0.0 0.0
26.5000 3.20294057e-03 0.0 0.0
26.5500 3.21119640e-03 0.0 0.0
26.6000 3.21946993e-03 0.0 0.0
26.6500 3.22776119e-03 0.0 0.0
26.7000 3.23607019e-03 0.0 0.0
26.7500 3.24439698e-03 0.0 0.0
26.8000 3.25274157e-03 0.0 0.0
26.8500 3.26110400e-03 0.0 0.0
26.9000 3.26948428e-03 0.0 0.0
26.9500 3.27788246e-03 0.0 0.0
27.0000 3.28629855e-03 0.0 0.0
27.0500 3.29473258e-03 0.0 0.0
27.1000 3.30318458e-03 0.0 0.0
27.1500 3.31165458e-03 0.0 0.0
27.2000 3.32014260e-03 0.0 0.0
27.2500 3.32864868e-03 0.0 0.0
27.3000 3.33717283e-03 0.0 0.0
27.3500 3.34571509e-03 0.0 0.0
27.4000 3.35427549e-03 0.0 0.0
27.4500 3.36285404e-03 0.0 0.0
27.5000 3.37145078e-03 0.0 0.0
27.5500 3.38006574e-03 0.0 0.0
27.6000 3.38869894e-03 0.0 0.0
27.6500 3.39735041e-03 0.0 0.0
27.7000 3.40602018e-03 0.0 0.0
27.7500 3.41470828e-03 0.0 0.0
27.8000 3.42341472e-03 0.0 0.0
27.8500 3.43213955e-03 0.0 0.0
27.9000 3.44088278e-03 0.0 0.0
27.9500 3.44964445e-03 0.0 0.0
28.0000 3.45842458e-03 0.0 0.0
28.0500 3.46722320e-03 0.0 0.0
28.1000 3.47604033e-03 0.0 0.0
28.1500 3.48487601e-03 0.0 0.0
28.2000 3.49373026e-03 0.0 0.0
28.2500 3.50260312e-03 0.0 0.0
28.3000 3.51149459e-03 0.0 0.0
28.3500 3.52040473e-03 0.0 0.0
28.4000 3.52933354e-03 0.0 0.0
28.4500 3.53828106e-03 0.0 0.0
28.5000 3.54724732e-03 0.0 0.0
28.5500 3.55623234e-03 0.0 0.0
28.6000 3.56523616e-03 0.0 0.0
28.6500 3.57425879e-03 0.0 0.0
28.7000 3.58330027e-03 0.0 0.0
28.7500 3.59236063e-03 0.0 0.0
28.8000 3.60143988e-03 0.0 0.0
28.8500 3.61053807e-03 0.0 0.0
28.9000 3.61965521e-03 0.0 0.0
28.9500 3.62879134e-03 0.0 0.0
29.0000 3.63794648e-03 0.0 0.0
29.0500 3.64712065e-03 0.0 0.0
29.1000 3.65631390e-03 0.0 0.0
29.1500 3.66552624e-03 0.0 0.0
29.2000 3.67475770e-03 0.0 0.0
29.2500 3.68400831e-03 0.0 0.0
29.3000 3.69327810e-03 0.0 0.0
29.3500 3.70256709e-03 0.0 0.0
29.4000 3.71187532e-03 0.0 0.0
29.4500 3.72120281e-03 0.0 0.0
29.5000 3.73054958e-03 0.0 0.0
29.5500 3.73991567e-03 0.0 0.0
29.6000 3.74930110e-03 0.0 0.0
29.6500 3.75870591e-03 0.0 0.0
29.7000 3.76813011e-03 0.0 0.0
29.7500 3.77757374e-03 0.0 0.0
29.8000 3.78703682e-03 0.0 0.0
29.8500 3.79651938e-03 0.0 0.0
29.9000 3.80602145e-03 0.0 0.0
29.9500 3.81554306e-03 0.0 0.0
30.0000 3.82508423e-03 0.0 0.0
30.0500 3.83464500e-03 0.0 0.0
30.1000 3.84422538e-03 0.0 0.0
30.1500 3.85382541e-03 0.0 0.0
30.2000 3.86344511e-03 0.0 0.0
30.2500 3.87308452e-03 0.0 0.0
30.3000 3.88274366e-03 0.0 0.0
30.3500 3.89242256e-03 0.0 0.0
30.4000 3.90212124e-03 0.0 0.0
30.4500 3.91183973e-03 0.0 0.0
30.5000 3.92157807e-03 0.0 0.0
30.5500 3.93133627e-03 0.0 0.0
30.6000 3.94111438e-03 0.0 0.0
30.6500 3.95091240e-03 0.0 0.0
30.7000 3.96073038e-03 0.0 0.0
30.7500 3.97056833e-03 0.0 0.0
30.8000 3.98042630e-03 0.0 0.0
30.8500 3.99030430e-03 0.0 0.0
30.9000 4.00020236e-03 0.0 0.0
30.9500 4.01012051e-03 0.0 0.0
31.0000 4.02005878e-03 0.0 0.0
31.0500 4.03001719e-03 0.0 0.0
31.1000 4.03999578e-03 0.0 0.0
31.1500 4.04999457e-03 0.0 0.0
31.2000 4.06001359e-03 0.0 0.0
31.2500 4.07005286e-03 0.0 0.0
31.3000 4.08011242e-03 0.0 0.0
31.3500 4.09019230e-03 0.0 0.0
31.4000 4.10029251e-03 0.0 0.0
31.4500 4.11041308e-03 0.0 0.0
31.5000 4.12055406e-03 0.0 0.0
31.5500 4.13071546e-03 0.0 0.0
31.6000 4.14089730e-03 0.0 0.0
31.6500 4.15109963e-03 0.0 0.0
31.7000 4.16132246e-03 0.0 0.0
31.7500 4.17156583e-03 0.0 0.0
31.8000 4.18182975e-03 0.0 0.0
31.8500 4.19211427e-03 0.0 0.0
31.9000 4.20241940e-03 0.0 0.0
31.9500 4.21274518e-03 0.0 0.0
32.0000 4.22309163e-03 0.0 0.0
32.0500 4.23345878e-03 0.0 0.0
32.1000 4.24384666e-03 0.0 0.0
32.1500 4.25425529e-03 0.0 0.0
32.2000 4.26468471e-03 0.0 0.0
32.2500 4.27513494e-03 0.0 0.0
32.3000 4.28560601e-03 0.0 0.0
32.3500 4.29609794e-03 0.0 0.0
32.4000 4.30661077e-03 0.0 0.0
32.4500 4.31714452e-03 0.0 0.0
32.5000 4.32769922e-03 0.0 0.0
32.5500 4.33827489e-03 0.0 0.0
32.6000 4.34887157e-03 0.0 0.0
32.6500 4.35948929e-03 0.0 0.0
32.7000 4.37012806e-03 0.0 0.0
32.7500 4.38078792e-03 0.0 0.0
32.8000 4.39146890e-03 0.0 0.0
32.8500 4.40217102e-03 0.0 0.0
32.9000 4.41289431e-03 0.0 0.0
32.9500 4.42363880e-03 0.0 0.0
33.0000 4.43440452e-03 0.0 0.0
33.0500 4.44519149e-03 0.0 0.0
33.1000 4.45599975e-03 0.0 0.0
33.1500 4.46682931e-03 0.0 0.0
33.2000 4.47768021e-03 0.0 0.0
33.2500 4.48855247e-03 0.0 0.0
33.3000 4.49944613e-03 0.0 0.0
33.3500 4.51036120e-03 0.0 0.0
33.4000 4.52129773e-03 0.0 0.0
33.4500 4.53225573e-03 0.0 0.0
33.5000 4.54323523e-03 0.0 0.0
33.5500 4.55423626e-03 0.0 0.0
33.6000 4.56525885e-03 0.0 0.0
33.6500 4.57630303e-03 0.0 0.0
33.7000 4.58736882e-03 0.0 0.0
33.7500 4.59845625e-03 0.0 0.0
33.8000 4.60956535e-03 0.0 0.0
33.8500 4.62069615e-03 0.0 0.0
33.9000 4.63184867e-03 0.0 0.0
33.9500 4.64302294e-03 0.0 0.0
34.0000 4.65421899e-03 0.0 0.0
34.0500 4.66543685e-03 0.0 0.0
34.1000 4.67667654e-03 0.0 0.0
34.1500 4.68793809e-03 0.0 0.0
34.2000 4.69922153e-03 0.0 0.0
34.2500 4.71052689e-03 0.0 0.0
34.3000 4.72185420e-03 0.0 0.0
34.3500 4.73320347e-03 0.0 0.0
34.4000 4.74457474e-03 0.0 0.0
34.4500 4.75596804e-03 0.0 0.0
34.5000 4.76738340e-03 0.0 0.0
34.5500 4.77882084e-03 0.0 0.0
34.6000 4.79028038e-03 0.0 0.0
34.6500 4.80176207e-03 0.0 0.0
34.7000 4.81326591e-03 0.0 0.0
34.7500 4.82479195e-03 0.0 0.0
34.8000 4.83634021e-03 0.0 0.0
34.8500 4.84791072e-03 0.0 0.0
34.9000 4.85950350e-03 0.0 0.0
34.9500 4.87111858e-03 0.0 0.0
35.0000 4.88275599e-03 0.0 0.0
35.0500 4.89441576e-03 0.0 0.0
35.1000 4.90609791e-03 0.0 0.0
35.1500 4.91780247e-03 0.0 0.0
35.2000 4.92952947e-03 0.0 0.0
35.2500 4.94127893e-03 0.0 0.0
35.3000 4.95305089e-03 0.0 0.0
35.3500 4.96484537e-03 0.0 0.0
35.4000 4.97666240e-03 0.0 0.0
35.4500 4.98850201e-03 0.0 0.0
35.5000 5.00036421e-03 0.0 0.0
35.5500 5.01224905e-03 0.0 0.0
35.6000 5.02415654e-03 0.0 0.0
35.6500 5.03608672e-03 0.0 0.0
35.7000 5.04803961e-03 0.0 0.0
35.7500 5.06001524e-03 0.0 0.0
35.8000 5.07201364e-03 0.0 0.0
35.8500 5.08403483e-03 0.0 0.0
35.9000 5.09607884e-03 0.0 0.0
35.9500 5.10814570e-03 0.0 0.0
36.0000 5.12023543e-03 0.0 0.0
36.0500 5.13234807e-03 0.0 0.0
36.1000 5.14448364e-03 0.0 0.0
36.1500 5.15664216e-03 0.0 0.0
36.2000 5.16882367e-03 0.0 0.0
36.2500 5.18102819e-03 0.0 0.0
36.3000 5.19325575e-03 0.0 0.0
36.3500 5.20550637e-03 0.0 0.0
36.4000 5.21778009e-03 0.0 0.0
36.4500 5.23007692e-03 0.0 0.0
36.5000 5.24239690e-03 0.0 0.0
36.5500 5.25474006e-03 0.0 0.0
36.6000 5.26710642e-03 0.0 0.0
36.6500 5.27949601e-03 0.0 0.0
36.7000 5.29190885e-03 0.0 0.0
36.7500 5.30434497e-03 0.0 0.0
36.8000 5.31680440e-03 0.0 0.0
36.8500 5.32928717e-03 0.0 0.0
36.9000 5.34179330e-03 0.0 0.0
36.9500 5.35432282e-03 0.0 0.0
37.0000 5.36687576e-03 0.0 0.0
37.0500 5.37945214e-03 0.0 0.0
37.1000 5.39205200e-03 0.0 0.0
37.1500 5.40467535e-03 0.0 0.0
37.2000 5.41732222e-03 0.0 0.0
37.2500 5.42999265e-03 0.0 0.0
37.3000 5.44268666e-03 0.0 0.0
37.3500 5.45540427e-03 0.0 0.0
37.4000 5.46814551e-03 0.0 0.0
37.4500 5.48091041e-03 0.0 0.0
37.5000 5.49369900e-03 0.0 0.0
37.5500 5.50651130e-03 0.0 0.0
37.6000 5.51934734e-03 0.0 0.0
37.6500 5.53220714e-03 0.0 0.0
37.7000 5.54509074e-03 0.0 0.0
37.7500 5.55799816e-03 0.0 0.0
37.8000 5.57092942e-03 0.0 0.0
37.8500 5.58388455e-03 0.0 0.0
37.9000 5.59686359e-03 0.0 0.0
37.9500 5.60986655e-03 0.0 0.0
38.0000 5.62289346e-03 0.0 0.0
38.0500 5.63594435e-03 0.0 0.0
38.1000 5.64901925e-03 0.0 0.0
38.1500 5.66211818e-03 0.0 0.0
38.2000 5.67524117e-03 0.0 0.0
38.2500 5.68838825e-03 0.0 0.0
38.3000 5.70155943e-03 0.0 0.0
38.3500 5.71475476e-03 0.0 0.0
38.4000 5.72797425e-03 0.0 0.0
38.4500 5.74121793e-03 0.0 0.0
38.5000 5.75448583e-03 0.0 0.0
38.5500 5.76777797e-03 0.0 0.0
38.6000 5.78109438e-03 0.0 0.0
38.6500 5.79443509e-03 0.0 0.0
38.7000 5.80780012e-03 0.0 0.0
38.7500 5.82118951e-03 0.0 0.0
38.8000 5.83460327e-03 0.0 0.0
38.8500 5.84804143e-03 0.0 0.0
38.9000 5.86150401e-03 0.0 0.0
38.9500 5.87499106e-03 0.0 0.0
39.0000 5.88850258e-03 0.0 0.0
39.0500 5.90203861e-03 0.0 0.0
39.1000 5.91559918e-03 0.0 0.0
39.1500 5.92918430e-03 0.0 0.0
39.2000 5.94279401e-03 0.0 0.0
39.2500 5.95642833e-03 0.0 0.0
39.3000 5.97008729e-03 0.0 0.0
39.3500 5.98377091e-03 0.0 0.0
39.4000 5.99747923e-03 0.0 0.0
39.4500 6.01121225e-03 0.0 0.0
39.5000 6.02497002e-03 0.0 0.0
39.5500 6.03875256e-03 0.0 0.0
39.6000 6.05255989e-03 0.0 0.0
39.6500 6.06639204e-03 0.0 0.0
39.7000 6.08024904e-03 0.0 0.0
39.7500 6.09413091e-03 0.0 0.0
39.8000 6.10803768e-03 0.0 0.0
39.8500 6.12196936e-03 0.0 0.0
39.9000 6.13592600e-03 0.0 0.0
39.9500 6.14990761e-03 0.0 0.0
40.0000 6.16391423e-03 0.0 0.0
40.0500 6.17794587e-03 0.0 0.0
40.1000 6.19200256e-03 0.0 0.0
40.1500 6.20608432e-03 0.0 0.0
40.2000 6.22019120e-03 0.0 0.0
40.2500 6.23432320e-03 0.0 0.0
40.3000 6.24848035e-03 0.0 0.0
40.3500 6.26266269e-03 0.0 0.0
40.4000 6.27687023e-03 0.0 0.0
40.4500 6.29110300e-03 0.0 0.0
40.5000 6.30536103e-03 0.0 0.0
40.5500 6.31964434e-03 0.0 0.0
40.6000 6.33395296e-03 0.0 0.0
40.6500 6.34828691e-03 0.0 0.0
40.7000 6.36264622e-03 0.0 0.0
40.7500 6.37703092e-03 0.0 0.0
40.8000 6.39144102e-03 0.0 0.0
40.8500 6.40587656e-03 0.0 0.0
40.9000 6.42033755e-03 0.0 0.0
40.9500 6.43482403e-03 0.0 0.0
41.0000 6.44933603e-03 0.0 0.0
41.0500 6.46387355e-03 0.0 0.0
41.1000 6.47843664e-03 0.0 0.0
41.1500 6.49302532e-03 0.0 0.0
41.2000 6.50763960e-03 0.0 0.0
41.2500 6.52227952e-03 0.0 0.0
41.3000 6.53694510e-03 0.0 0.0
41.3500 6.55163637e-03 0.0 0.0
41.4000 6.56635335e-03 0.0 0.0
41.4500 6.58109607e-03 0.0 0.0
41.5000 6.59586454e-03 0.0 0.0
41.5500 6.61065880e-03 0.0 0.0
41.6000 6.62547887e-03 0.0 0.0
41.6500 6.64032478e-03 0.0 0.0
41.7000 6.65519655e-03 0.0 0.0
41.7500 6.67009420e-03 0.0 0.0
41.8000 6.68501777e-03 0.0 0.0
41.8500 6.69996726e-03 0.0 0.0
41.9000 6.71494272e-03 0.0 0.0
41.9500 6.72994416e-03 0.0 0.0
42.0000 6.74497161e-03 0.0 0.0
42.0500 6.76002509e-03 0.0 0.0
42.1000 6.77510463e-03 0.0 0.0
42.1500 6.79021025e-03 0.0 0.0
42.2000 6.80534198e-03 0.0 0.0
42.2500 6.82049984e-03 0.0 0.0
42.3000 6.83568386e-03 0.0 0.0
42.3500 6.85089406e-03 0.0 0.0
42.4000 6.86613046e-03 0.0 0.0
42.4500 6.88139309e-03 0.0 0.0
42.5000 6.89668197e-03 0.0 0.0
42.5500 6.91199713e-03 0.0 0.0
42.6000 6.92733859e-03 0.0 0.0
42.6500 6.94270638e-03 0.0 0.0
42.7000 6.95810051e-03 0.0 0.0
42.7500 6.97352102e-03 0.0 0.0
42.8000 6.98896793e-03 0.0 0.0
42.8500 7.00444126e-03 0.0 0.0
42.9000 7.01994104e-03 0.0 0.0
42.9500 7.03546729e-03 0.0 0.0
43.0000 7.05102003e-03 0.0 0.0
43.0500 7.06659929e-03 0.0 0.0
43.1000 7.08220509e-03 0.0 0.0
43.1500 7.09783746e-03 0.0 0.0
43.2000 7.11349642e-03 0.0 0.0
43.2500 7.12918199e-03 0.0 0.0
43.3000 7.14489420e-03 0.0 0.0
43.3500 7.16063307e-03 0.0 0.0
43.4000 7.17639862e-03 0.0 0.0
43.4500 7.19219088e-03 0.0 0.0
43.5000 7.20800987e-03 0.0 0.0
43.5500 7.22385562e-03 0.0 0.0
43.6000 7.23972815e-03 0.0 0.0
43.6500 7.25562748e-03 0.0 0.0
43.7000 7.27155363e-03 0.0 0.0
43.7500 7.28750664e-03 0.0 0.0
43.8000 7.30348652e-03 0.0 0.0
43.8500 7.31949329e-03 0.0 0.0
43.9000 7.33552698e-03 0.0 0.0
43.9500 7.35158761e-03 0.0 0.0
44.0000 7.36767521e-03 0.0 0.0
44.0500 7.38378980e-03 0.0 0.0
44.1000 7.39993140e-03 0.0 0.0
44.1500 7.41610004e-03 0.0 0.0
44.2000 7.43229573e-03 0.0 0.0
44.2500 7.44851850e-03 0.0 0.0
44.3000 7.46476838e-03 0.0 0.0
44.3500 7.48104539e-03 0.0 0.0
44.4000 7.49734954e-03 0.0 0.0
44.4500 7.51368087e-03 0.0 0.0
44.5000 7.53003939e-03 0.0 0.0
44.5500 7.54642513e-03 0.0 0.0
44.6000 7.56283812e-03 0.0 0.0
44.6500 7.57927836e-03 0.0 0.0
44.7000 7.59574589e-03 0.0 0.0
44.7500 7.61224073e-03 0.0 0.0
44.8000 7.62876290e-03 0.0 0.0
44.8500 7.64531243e-03 0.0 0.0
44.9000 7.66188933e-03 0.0 0.0
44.9500 7.67849363e-03 0.0 0.0
45.0000 7.69512536e-03 0.0 0.0
45.0500 7.71178452e-03 0.0 0.0
45.1000 7.72847115e-03 0.0 0.0
45.1500 7.74518527e-03 0.0 0.0
45.2000 7.76192690e-03 0.0 0.0
45.2500 7.77869607e-03 0.0 0.0
45.3000 7.79549278e-03 0.0 0.0
45.3500 7.81231708e-03 0.0 0.0
45.4000 7.82916897e-03 0.0 0.0
45.4500 7.84604848e-03 0.0 0.0
45.5000 7.86295564e-03 0.0 0.0
45.5500 7.87989046e-03 0.0 0.0
45.6000 7.89685296e-03 0.0 0.0
45.6500 7.91384318e-03 0.0 0.0
45.7000 7.93086112e-03 0.0 0.0
45.7500 7.94790682e-03 0.0 0.0
45.8000 7.96498029e-03 0.0 0.0
45.8500 7.98208155e-03 0.0 0.0
45.9000 7.99921063e-03 0.0 0.0
45.9500 8.01636755e-03 0.0 0.0
46.0000 8.03355233e-03 0.0 0.0
46.0500 8.05076499e-03 0.0 0.0
46.1000 8.06800555e-03 0.0 0.0
46.1500 8.08527404e-03 0.0 0.0
46.2000 8.10257047e-03 0.0 0.0
46.2500 8.11989487e-03 0.0 0.0
46.3000 8.13724725e-03 0.0 0.0
46.3500 8.15462765e-03 0.0 0.0
46.4000 8.17203607e-03 0.0 0.0
46.4500 8.18947254e-03 0.0 0.0
46.5000 8.20693709e-03 0.0 0.0
46.5500 8.22442973e-03 0.0 0.0
46.6000 8.24195048e-03 0.0 0.0
46.6500 8.25949937e-03 0.0 0.0
46.7000 8.27707641e-03 0.0 0.0
46.7500 8.29468163e-03 0.0 0.0
46.8000 8.31231504e-03 0.0 0.0
46.8500 8.32997668e-03 0.0 0.0
46.9000 8.34766655e-03 0.0 0.0
46.9500 8.36538468e-03 0.0 0.0
47.0000 8.38313108e-03 0.0 0.0
47.0500 8.40090579e-03 0.0 0.0
47.1000 8.41870882e-03 0.0 0.0
47.1500 8.43654019e-03 0.0 0.0
47.2000 8.45439992e-03 0.0 0.0
47.2500 8.47228803e-03 0.0 0.0
47.3000 8.49020454e-03 0.0 0.0
47.3500 8.50814947e-03 0.0 0.0
47.4000 8.52612284e-03 0.0 0.0
47.4500 8.54412468e-03 0.0 0.0
47.5000 8.56215500e-03 0.0 0.0
47.5500 8.58021381e-03 0.0 0.0
47.6000 8.59830115e-03 0.0 0.0
47.6500 8.61641703e-03 0.0 0.0
47.7000 8.63456147e-03 0.0 0.0
47.7500 8.65273449e-03 0.0 0.0
47.8000 8.67093611e-03 0.0 0.0
47.8500 8.68916636e-03 0.0 0.0
47.9000 8.70742524e-03 0.0 0.0
47.9500 8.72571278e-03 0.0 0.0
48.0000 8.74402899e-03 0.0 0.0
48.0500 8.76237391e-03 0.0 0.0
48.1000 8.78074754e-03 0.0 0.0
48.1500 8.79914991e-03 0.0 0.0
48.2000 8.81758104e-03 0.0 0.0
48.2500 8.83604093e-03 0.0 0.0
48.3000 8.85452963e-03 0.0 0.0
48.3500 8.87304713e-03 0.0 0.0
48.4000 8.89159347e-03 0.0 0.0
48.4500 8.91016866e-03 0.0 0.0
48.5000 8.92877272e-03 0.0 0.0
48.5500 8.94740567e-03 0.0 0.0
48.6000 8.96606752e-03 0.0 0.0
48.6500 8.98475830e-03 0.0 0.0
48.7000 9.00347803e-03 0.0 0.0
48.7500 9.02222671e-03 0.0 0.0
48.8000 9.04100438e-03 0.0 0.0
48.8500 9.05981106e-03 0.0 0.0
48.9000 9.07864674e-03 0.0 0.0
48.9500 9.09751147e-03 0.0 0.0
49.0000 9.11640525e-03 0.0 0.0
49.0500 9.13532811e-03 0.0 0.0
49.1000 9.15428006e-03 0.0 0.0
49.1500 9.17326112e-03 0.0 0.0
49.2000 9.19227130e-03 0.0 0.0
49.2500 9.21131063e-03 0.0 0.0
49.3000 9.23037913e-03 0.0 0.0
49.3500 9.24947681e-03 0.0 0.0
49.4000 9.26860369e-03 0.0 0.0
49.4500 9.28775978e-03 0.0 0.0
49.5000 9.30694512e-03 0.0 0.0
49.5500 9.32615970e-03 0.0 0.0
49.6000 9.34540355e-03 0.0 0.0
49.6500 9.36467670e-03 0.0 0.0
49.7000 9.38397915e-03 0.0 0.0
49.7500 9.40331092e-03 0.0 0.0
49.8000 9.42267203e-03 0.0 0.0
49.8500 9.44206250e-03 0.0 0.0
49.9000 9.46148234e-03 0.0 0.0
49.9500 9.48093158e-03 0.0 0.0
50.0000 9.50041022e-03 0.0 0.0
50.0500 9.51991830e-03 0.0 0.0
50.1000 9.53945581e-03 0.0 0.0
50.1500 9.55902278e-03 0.0 0.0
50.2000 9.57861924e-03 0.0 0.0
50.2500 9.59824518e-03 0.0 0.0
50.3000 9.61790063e-03 0.0 0.0
50.3500 9.63758562e-03 0.0 0.0
50.4000 9.65730014e-03 0.0 0.0
50.4500 9.67704423e-03 0.0 0.0
50.5000 9.69681789e-03 0.0 0.0
50.5500 9.71662114e-03 0.0 0.0
50.6000 9.73645401e-03 0.0 0.0
50.6500 9.75631650e-03 0.0 0.0
50.7000 9.77620863e-03 0.0 0.0
50.7500 9.79613042e-03 0.0 0.0
50.8000 9.81608188e-03 0.0 0.0
50.8500 9.83606303e-03 0.0 0.0
50.9000 9.85607389e-03 0.0 0.0
50.9500 9.87611447e-03 0.0 0.0
51.0000 9.89618478e-03 0.0 0.0
51.0500 9.91628485e-03 0.0 0.0
51.1000 9.93641469e-03 0.0 0.0
51.1500 9.95657431e-03 0.0 0.0
51.2000 9.97676374e-03 0.0 0.0
51.2500 9.99698297e-03 0.0 0.0
51.3000 1.00172320e-02 0.0 0.0
51.3500 1.00375110e-02 0.0 0.0
51.4000 1.00578197e-02 0.0 0.0
51.4500 1.00781584e-02 0.0 0.0
51.5000 1.00985269e-02 0.0 0.0
51.5500 1.01189254e-02 0.0 0.0
51.6000 1.01393537e-02 0.0 0.0
51.6500 1.01598121e-02 0.0 0.0
51.7000 1.01803003e-02 0.0 0.0
51.7500 1.02008185e-02 0.0 0.0
51.8000 1.02213667e-02 0.0 0.0
51.8500 1.02419449e-02 0.0 0.0
51.9000 1.02625532e-02 0.0 0.0
51.9500 1.02831914e-02 0.0 0.0
52.0000 1.03038597e-02 0.0 0.0
52.0500 1.03245580e-02 0.0 0.0
52.1000 1.03452864e-02 0.0 0.0
52.1500 1.03660449e-02 0.0 0.0
52.2000 1.03868334e-02 0.0 0.0
52.2500 1.04076521e-02 0.0 0.0
52.3000 1.04285009e-02 0.0 0.0
52.3500 1.04493799e-02 0.0 0.0
52.4000 1.04702890e-02 0.0 0.0
52.4500 1.04912282e-02 0.0 0.0
52.5000 1.05121977e-02 0.0 0.0
52.5500 1.05331973e-02 0.0 0.0
52.6000 1.05542271e-02 0.0 0.0
52.6500 1.05752872e-02 0.0 0.0
52.7000 1.05963775e-02 0.0 0.0
52.7500 1.06174980e-02 0.0 0.0
52.8000 1.06386488e-02 0.0 0.0
52.8500 1.06598299e-02 0.0 0.0
52.9000 1.06810412e-02 0.0 0.0
52.9500 1.07022829e-02 0.0 0.0
53.0000 1.07235548e-02 0.0 0.0
53.0500 1.07448571e-02 0.0 0.0
53.1000 1.07661897e-02 0.0 0.0
53.1500 1.07875527e-02 0.0 0.0
53.2000 1.08089460e-02 0.0 0.0
53.2500 1.08303698e-02 0.0 0.0
53.3000 1.08518239e-02 0.0 0.0
53.3500 1.08733084e-02 0.0 0.0
53.4000 1.08948233e-02 0.0 0.0
53.4500 1.09163686e-02 0.0 0.0
53.5000 1.09379444e-02 0.0 0.0
53.5500 1.09595506e-02 0.0 0.0
53.6000 1.09811873e-02 0.0 0.0
53.6500 1.10028544e-02 0.0 0.0
53.7000 1.10245521e-02 0.0 0.0
53.7500 1.10462802e-02 0.0 0.0
53.8000 1.10680389e-02 0.0 0.0
53.8500 1.10898280e-02 0.0 0.0
53.9000 1.11116477e-02 0.0 0.0
53.9500 1.11334979e-02 0.0 0.0
54.0000 1.11553787e-02 0.0 0.0
54.0500 1.11772901e-02 0.0 0.0
54.1000 1.11992320e-02 0.0 0.0
54.1500 1.12212046e-02 0.0 0.0
54.2000 1.12432077e-02 0.0 0.0
54.2500 1.12652414e-02 0.0 0.0
54.3000 1.12873058e-02 0.0 0.0
54.3500 1.13094007e-02 0.0 0.0
54.4000 1.13315264e-02 0.0 0.0
54.4500 1.13536826e-02 0.0 0.0
54.5000 1.13758696e-02 0.0 0.0
54.5500 1.13980872e-02 0.0 0.0
54.6000 1.14203355e-02 0.0 0.0
54.6500 1.14426145e-02 0.0 0.0
54.7000 1.14649242e-02 0.0 0.0
54.7500 1.14872646e-02 0.0 0.0
54.8000 1.15096358e-02 0.0 0.0
54.8500 1.15320376e-02 0.0 0.0
54.9000 1.15544702e-02 0.0 0.0
54.9500 1.15769336e-02 0.0 0.0
55.0000 1.15994278e-02 0.0 0.0
55.0500 1.16219527e-02 0.0 0.0
55.1000 1.16445084e-02 0.0 0.0
55.1500 1.16670949e-02 0.0 0.0
55.2000 1.16897122e-02 0.0 0.0
55.2500 1.17123603e-02 0.0 0.0
55.3000 1.17350392e-02 0.0 0.0
55.3500 1.17577490e-02 0.0 0.0
55.4000 1.17804896e-02 0.0 0.0
55.4500 1.18032610e-02 0.0 0.0
55.5000 1.18260633e-02 0.0 0.0
55.5500 1.18488965e-02 0.0 0.0
55.6000 1.18717606e-02 0.0 0.0
55.6500 1.18946555e-02 0.0 0.0
55.7000 1.19175813e-02 0.0 0.0
55.7500 1.19405380e-02 0.0 0.0
55.8000 1.19635257e-02 0.0 0.0
55.8500 1.19865442e-02 0.0 0.0
55.9000 1.20095937e-02 0.0 0.0
55.9500 1.20326741e-02 0.0 0.0
56.0000 1.20557855e-02 0.0 0.0
56.0500 1.20789278e-02 0.0 0.0
56.1000 1.21021011e-02 0.0 0.0
56.1500 1.21253053e-02 0.0 0.0
56.2000 1.21485405e-02 0.0 0.0
56.2500 1.21718067e-02 0.0 0.0
56.3000 1.21951038e-02 0.0 0.0
56.3500 1.22184320e-02 0.0 0.0
56.4000 1.22417912e-02 0.0 0.0
56.4500 1.22651814e-02 0.0 0.0
56.5000 1.22886026e-02 0.0 0.0
56.5500 1.23120548e-02 0.0 0.0
56.6000 1.23355380e-02 0.0 0.0
56.6500 1.23590523e-02 0.0 0.0
56.7000 1.23825977e-02 0.0 0.0
56.7500 1.24061741e-02 0.0 0.0
56.8000 1.24297815e-02 0.0 0.0
56.8500 1.24534200e-02 0.0 0.0
56.9000 1.24770896e-02 0.0 0.0
56.9500 1.25007903e-02 0.0 0.0
57.0000 1.25245220e-02 0.0 0.0
57.0500 1.25482849e-02 0.0 0.0
57.1000 1.25720788e-02 0.0 0.0
57.1500 1.25959038e-02 0.0 0.0
57.2000 1.26197600e-02 0.0 0.0
57.2500 1.26436472e-02 0.0 0.0
57.3000 1.26675656e-02 0.0 0.0
57.3500 1.26915151e-02 0.0 0.0
57.4000 1.27154957e-02 0.0 0.0
57.4500 1.27395075e-02 0.0 0.0
57.5000 1.27635504e-02 0.0 0.0
57.5500 1.27876245e-02 0.0 0.0
57.6000 1.28117297e-02 0.0 0.0
57.6500 1.28358660e-02 0.0 0.0
57.7000 1.28600336e-02 0.0 0.0
57.7500 1.28842323e-02 0.0 0.0
57.8000 1.29084621e-02 0.0 0.0
57.8500 1.29327232e-02 0.0 0.0
57.9000 1.29570154e-02 0.0 0.0
57.9500 1.29813388e-02 0.0 0.0
58.0000 1.30056934e-02 0.0 0.0
58.0500 1.30300792e-02 0.0 0.0
58.1000 1.30544962e-02 0.0 0.0
58.1500 1.30789443e-02 0.0 0.0
58.2000 1.31034237e-02 0.0 0.0
58.2500 1.31279343e-02 0.0 0.0
58.3000 1.31524762e-02 0.0 0.0
58.3500 1.31770492e-02 0.0 0.0
58.4000 1.32016534e-02 0.0 0.0
58.4500 1.32262889e-02 0.0 0.0
58.5000 1.32509556e-02 0.0 0.0
58.5500 1.32756536e-02 0.0 0.0
58.6000 1.33003827e-02 0.0 0.0
58.6500 1.33251431e-02 0.0 0.0
58.7000 1.33499348e-02 0.0 0.0
58.7500 1.33747577e-02 0.0 0.0
58.8000 1.33996118e-02 0.0 0.0
58.8500 1.34244972e-02 0.0 0.0
58.9000 1.34494138e-02 0.0 0.0
58.9500 1.34743617e-02 0.0 0.0
59.0000 1.34993409e-02 0.0 0.0
59.0500 1.35243513e-02 0.0 0.0
59.1000 1.35493929e-02 0.0 0.0
59.1500 1.35744659e-02 0.0 0.0
59.2000 1.35995701e-02 0.0 0.0
59.2500 1.36247055e-02 0.0 0.0
59.3000 1.36498722e-02 0.0 0.0
59.3500 1.36750702e-02 0.0 0.0
59.4000 1.37002995e-02 0.0 0.0
59.4500 1.37255600e-02 0.0 0.0
59.5000 1.37508519e-02 0.0 0.0
59.5500 1.37761749e-02 0.0 0.0
59.6000 1.38015293e-02 0.0 0.0
59.6500 1.38269150e-02 0.0 0.0
59.7000 1.38523319e-02 0.0 0.0
59.7500 1.38777801e-02 0.0 0.0
59.8000 1.39032596e-02 0.0 0.0
59.8500 1.39287703e-02 0.0 0.0
59.9000 1.39543124e-02 0.0 0.0
59.9500 1.39798857e-02 0.0 0.0
60.0000 1.40054903e-02 0.0 0.0
60.0500 1.40311262e-02 0.0 0.0
60.1000 1.40567934e-02 0.0 0.0
60.1500 1.40824919e-02 0.0 0.0
60.2000 1.41082216e-02 0.0 0.0
60.2500 1.41339827e-02 0.0 0.0
60.3000 1.41597750e-02 0.0 0.0
60.3500 1.41855986e-02 0.0 0.0
60.4000 1.42114534e-02 0.0 0.0
60.4500 1.42373396e-02 0.0 0.0
60.5000 1.42632570e-02 0.0 0.0
60.5500 1.42892058e-02 0.0 0.0
60.6000 1.43151858e-02 0.0 0.0
60.6500 1.43411970e-02 0.0 0.0
60.7000 1.43672396e-02 0.0 0.0
60.7500 1.43933134e-02 0.0 0.0
60.8000 1.44194185e-02 0.0 0.0
60.8500 1.44455549e-02 0.0 0.0
60.9000 1.44717225e-02 0.0 0.0
60.9500 1.44979215e-02 0.0 0.0
61.0000 1.45241516e-02 0.0 0.0
61.0500 1.45504131e-02 0.0 0.0
61.1000 1.45767058e-02 0.0 0.0
61.1500 1.46030298e-02 0.0 0.0
61.2000 1.46293850e-02 0.0 0.0
61.2500 1.46557715e-02 0.0 0.0
61.3000 1.46821893e-02 0.0 0.0
61.3500 1.47086383e-02 0.0 0.0
61.4000 1.47351185e-02 0.0 0.0
61.4500 1.47616300e-02 0.0 0.0
61.5000 1.47881728e-02 0.0 0.0
61.5500 1.48147468e-02 0.0 0.0
61.6000 1.48413520e-02 0.0 0.0
61.6500 1.48679884e-02 0.0 0.0
61.7000 1.48946561e-02 0.0 0.0
61.7500 1.49213551e-02 0.0 0.0
61.8000 1.49480852e-02 0.0 0.0
61.8500 1.49748466e-02 0.0 0.0
61.9000 1.50016392e-02 0.0 0.0
61.9500 1.50284630e-02 0.0 0.0
62.0000 1.50553180e-02 0.0 0.0
62.0500 1.50822042e-02 0.0 0.0
62.1000 1.51091216e-02 0.0 0.0
62.1500 1.51360702e-02 0.0 0.0
62.2000 1.51630501e-02 0.0 0.0
62.2500 1.51900611e-02 0.0 0.0
62.3000 1.52171032e-02 0.0 0.0
62.3500 1.52441766e-02 0.0 0.0
62.4000 1.52712811e-02 0.0 0.0
62.4500 1.52984169e-02 0.0 0.0
62.5000 1.53255837e-02 0.0 0.0
62.5500 1.53527818e-02 0.0 0.0
62.6000 1.53800109e-02 0.0 0.0
62.6500 1.54072713e-02 0.0 0.0
62.7000 1.54345628e-02 0.0 0.0
62.7500 1.54618854e-02 0.0 0.0
62.8000 1.54892391e-02 0.0 0.0
62.8500 1.55166240e-02 0.0 0.0
62.9000 1.55440400e-02 0.0 0.0
62.9500 1.55714871e-02 0.0 0.0
63.0000 1.55989653e-02 0.0 0.0
63.0500 1.56264746e-02 0.0 0.0
63.1000 1.56540151e-02 0.0 0.0
63.1500 1.56815866e-02 0.0 0.0
63.2000 1.57091892e-02 0.0 0.0
63.2500 1.57368228e-02 0.0 0.0
63.3000 1.57644875e-02 0.0 0.0
63.3500 1.57921833e-02 0.0 0.0
63.4000 1.58199102e-02 0.0 0.0
63.4500 1.58476681e-02 0.0 0.0
63.5000 1.58754570e-02 0.0 0.0
63.5500 1.59032770e-02 0.0 0.0
63.6000 1.59311280e-02 0.0 0.0
63.6500 1.59590100e-02 0.0 0.0
63.7000 1.59869230e-02 0.0 0.0
63.7500 1.60148670e-02 0.0 0.0
63.8000 1.60428420e-02 0.0 0.0
63.8500 1.60708480e-02 0.0 0.0
63.9000 1.60988850e-02 0.0 0.0
63.9500 1.61269529e-02 0.0 0.0
64.0000 1.61550518e-02 0.0 0.0
64.0500 1.61831816e-02 0.0 0.0
64.1000 1.62113424e-02 0.0 0.0
64.1500 1.62395342e-02 0.0 0.0
64.2000 1.62677568e-02 0.0 0.0
64.2500 1.62960104e-02 0.0 0.0
64.3000 1.63242948e-02 0.0 0.0
64.3500 1.63526102e-02 0.0 0.0
64.4000 1.63809565e-02 0.0 0.0
64.4500 1.64093336e-02 0.0 0.0
64.5000 1.64377416e-02 0.0 0.0
64.5500 1.64661805e-02 0.0 0.0
64.6000 1.64946502e-02 0.0 0.0
64.6500 1.65231507e-02 0.0 0.0
64.7000 1.65516821e-02 0.0 0.0
64.7500 1.65802443e-02 0.0 0.0
64.8000 1.66088373e-02 0.0 0.0
64.8500 1.66374611e-02 0.0 0.0
64.9000 1.66661156e-02 0.0 0.0
64.9500 1.66948010e-02 0.0 0.0
65.0000 1.67235171e-02 0.0 0.0
65.0500 1.67522640e-02 0.0 0.0
65.1000 1.67810416e-02 0.0 0.0
65.1500 1.68098499e-02 0.0 0.0
65.2000 1.68386890e-02 0.0 0.0
65.2500 1.68675588e-02 0.0 0.0
65.3000 1.68964592e-02 0.0 0.0
65.3500 1.69253904e-02 0.0 0.0
65.4000 1.69543522e-02 0.0 0.0
65.4500 1.69833447e-02 0.0 0.0
65.5000 1.70123678e-02 0.0 0.0
65.5500 1.70414216e-02 0.0 0.0
65.6000 1.70705060e-02 0.0 0.0
65.6500 1.70996210e-02 0.0 0.0
65.7000 1.71287666e-02 0.0 0.0
65.7500 1.71579428e-02 0.0 0.0
65.8000 1.71871495e-02 0.0 0.0
65.8500 1.72163868e-02 0.0 0.0
65.9000 1.72456547e-02 0.0 0.0
65.9500 1.72749531e-02 0.0 0.0
66.0000 1.73042820e-02 0.0 0.0
66.0500 1.73336414e-02 0.0 0.0
66.1000 1.73630314e-02 0.0 0.0
66.1500 1.73924518e-02 0.0 0.0
66.2000 1.74219026e-02 0.0 0.0
66.2500 1.74513839e-02 0.0 0.0
66.3000 1.74808957e-02 0.0 0.0
66.3500 1.75104378e-02 0.0 0.0
66.4000 1.75400104e-02 0.0 0.0
66.4500 1.75696134e-02 0.0 0.0
66.5000 1.75992468e-02 0.0 0.0
66.5500 1.76289105e-02 0.0 0.0
66.6000 1.76586045e-02 0.0 0.0
66.6500 1.76883289e-02 0.0 0.0
66.7000 1.77180837e-02 0.0 0.0
66.7500 1.77478687e-02 0.0 0.0
66.8000 1.77776840e-02 0.0 0.0
66.8500 1.78075296e-02 0.0 0.0
66.9000 1.78374054e-02 0.0 0.0
66.9500 1.78673115e-02 0.0 0.0
67.0000 1.78972478e-02 0.0 0.0
67.0500 1.79272144e-02 0.0 0.0
67.1000 1.79572111e-02 0.0 0.0
67.1500 1.79872380e-02 0.0 0.0
67.2000 1.80172950e-02 0.0 0.0
67.2500 1.80473822e-02 0.0 0.0
67.3000 1.80774995e-02 0.0 0.0
67.3500 1.81076470e-02 0.0 0.0
67.4000 1.81378245e-02 0.0 0.0
67.4500 1.81680321e-02 0.0 0.0
67.5000 1.81982698e-02 0.0 0.0
67.5500 1.82285375e-02 0.0 0.0
67.6000 1.82588352e-02 0.0 0.0
67.6500 1.82891630e-02 0.0 0.0
67.7000 1.83195207e-02 0.0 0.0
67.7500 1.83499084e-02 0.0 0.0
67.8000 1.83803261e-02 0.0 0.0
67.8500 1.84107737e-02 0.0 0.0
67.9000 1.84412512e-02 0.0 0.0
67.9500 1.84717586e-02 0.0 0.0
68.0000 1.85022959e-02 0.0 0.0
68.0500 1.85328630e-02 0.0 0.0
68.1000 1.85634600e-02 0.0 0.0
68.1500 1.85940868e-02 0.0 0.0
68.2000 1.86247435e-02 0.0 0.0
68.2500 1.86554299e-02 0.0 0.0
68.3000 1.86861461e-02 0.0 0.0
68.3500 1.87168920e-02 0.0 0.0
68.4000 1.87476676e-02 0.0 0.0
68.4500 1.87784730e-02 0.0 0.0
68.5000 1.88093081e-02 0.0 0.0
68.5500 1.88401728e-02 0.0 0.0
68.6000 1.88710672e-02 0.0 0.0
68.6500 1.89019911e-02 0.0 0.0
68.7000 1.89329448e-02 0.0 0.0
68.7500 1.89639280e-02 0.0 0.0
68.8000 1.89949407e-02 0.0 0.0
68.8500 1.90259830e-02 0.0 0.0
68.9000 1.90570549e-02 0.0 0.0
68.9500 1.90881562e-02 0.0 0.0
69.0000 1.91192870e-02 0.0 0.0
69.0500 1.91504473e-02 0.0 0.0
69.1000 1.91816370e-02 0.0 0.0
69.1500 1.92128562e-02 0.0 0.0
69.2000 1.92441047e-02 0.0 0.0
69.2500 1.92753826e-02 0.0 0.0
69.3000 1.93066899e-02 0.0 0.0
69.3500 1.93380265e-02 0.0 0.0
69.4000 1.93693924e-02 0.0 0.0
69.4500 1.94007876e-02 0.0 0.0
69.5000 1.94322121e-02 0.0 0.0
69.5500 1.94636658e-02 0.0 0.0
69.6000 1.94951487e-02 0.0 0.0
69.6500 1.95266608e-02 0.0 0.0
69.7000 1.95582021e-02 0.0 0.0
69.7500 1.95897726e-02 0.0 0.0
69.8000 1.96213722e-02 0.0 0.0
69.8500 1.96530008e-02 0.0 0.0
69.9000 1.96846586e-02 0.0 0.0
69.9500 1.97163454e-02 0.0 0.0
70.0000 1.97480613e-02 0.0 0.0
70.0500 1.97798061e-02 0.0 0.0
70.1000 1.98115800e-02 0.0 0.0
70.1500 1.98433828e-02 0.0 0.0
70.2000 1.98752145e-02 0.0 0.0
70.2500 1.99070752e-02 0.0 0.0
70.3000 1.99389647e-02 0.0 0.0
70.3500 1.99708831e-02 0.0 0.0
70.4000 2.00028304e-02 0.0 0.0
70.4500 2.00348064e-02 0.0 0.0
70.5000 2.00668113e-02 0.0 0.0
70.5500 2.00988449e-02 0.0 0.0
70.6000 2.01309072e-02 0.0 0.0
70.6500 2.01629983e-02 0.0 0.0
70.7000 2.01951180e-02 0.0 0.0
70.7500 2.02272664e-02 0.0 0.0
70.8000 2.02594434e-02 0.0 0.0
70.8500 2.02916491e-02 0.0 0.0
70.9000 2.03238833e-02 0.0 0.0
70.9500 2.03561461e-02 0.0 0.0
71.0000 2.03884374e-02 0.0 0.0
71.0500 2.04207572e-02 0.0 0.0
71.1000 2.04531054e-02 0.0 0.0
71.1500 2.04854822e-02 0.0 0.0
71.2000 2.05178873e-02 0.0 0.0
71.2500 2.05503209e-02 0.0 0.0
71.3000 2.05827828e-02 0.0 0.0
71.3500 2.06152730e-02 0.0 0.0
71.4000 2.06477916e-02 0.0 0.0
71.4500 2.06803384e-02 0.0 0.0
71.5000 2.07129135e-02 0.0 0.0
71.5500 2.07455168e-02 0.0 0.0
71.6000 2.07781484e-02 0.0 0.0
71.6500 2.08108081e-02 0.0 0.0
71.7000 2.08434959e-02 0.0 0.0
71.7500 2.08762119e-02 0.0 0.0
71.8000 2.09089559e-02 0.0 0.0
71.8500 2.09417280e-02 0.0 0.0
71.9000 2.09745281e-02 0.0 0.0
71.9500 2.10073562e-02 0.0 0.0
72.0000 2.10402123e-02 0.0 0.0
72.0500 2.10730964e-02 0.0 0.0
72.1000 2.11060083e-02 0.0 0.0
72.1500 2.11389481e-02 0.0 0.0
72.2000 2.11719158e-02 0.0 0.0
72.2500 2.12049113e-02 0.0 0.0
72.3000 2.12379346e-02 0.0 0.0
72.3500 2.12709856e-02 0.0 0.0
72.4000 2.13040644e-02 0.0 0.0
72.4500 2.13371708e-02 0.0 0.0
72.5000 2.13703050e-02 0.0 0.0
72.5500 2.14034667e-02 0.0 0.0
72.6000 2.14366561e-02 0.0 0.0
72.6500 2.14698731e-02 0.0 0.0
72.7000 2.15031176e-02 0.0 0.0
72.7500 2.15363896e-02 0.0 0.0
72.8000 2.15696891e-02 0.0 0.0
72.8500 2.16030160e-02 0.0 0.0
72.9000 2.16363704e-02 0.0 0.0
72.9500 2.16697521e-02 0.0 0.0
73.0000 2.17031612e-02 0.0 0.0
73.0500 2.17365977e-02 0.0 0.0
73.1000 2.17700614e-02 0.0 0.0
73.1500 2.18035524e-02 0.0 0.0
73.2000 2.18370705e-02 0.0 0.0
73.2500 2.18706159e-02 0.0 0.0
73.3000 2.19041885e-02 0.0 0.0
73.3500 2.19377881e-02 0.0 0.0
73.4000 2.19714149e-02 0.0 0.0
73.4500 2.20050687e-02 0.0 0.0
73.5000 2.20387496e-02 0.0 0.0
73.5500 2.20724574e-02 0.0 0.0
73.6000 2.21061922e-02 0.0 0.0
73.6500 2.21399539e-02 0.0 0.0
73.7000 2.21737425e-02 0.0 0.0
73.7500 2.22075580e-02 0.0 0.0
73.8000 2.22414002e-02 0.0 0.0
73.8500 2.22752693e-02 0.0 0.0
73.9000 2.23091651e-02 0.0 0.0
73.9500 2.23430877e-02 0.0 0.0
74.0000 2.23770369e-02 0.0 0.0
74.0500 2.24110128e-02 0.0 0.0
74.1000 2.24450152e-02 0.0 0.0
74.1500 2.24790443e-02 0.0 0.0
74.2000 2.25130999e-02 0.0 0.0
74.2500 2.25471820e-02 0.0 0.0
74.3000 2.25812906e-02 0.0 0.0
74.3500 2.26154256e-02 0.0 0.0
74.4000 2.26495870e-02 0.0 0.0
74.4500 2.26837747e-02 0.0 0.0
74.5000 2.27179888e-02 0.0 0.0
74.5500 2.27522292e-02 0.0 0.0
74.6000 2.27864958e-02 0.0 0.0
74.6500 2.28207887e-02 0.0 0.0
74.7000 2.28551077e-02 0.0 0.0
74.7500 2.28894529e-02 0.0 0.0
74.8000 2.29238241e-02 0.0 0.0
74.8500 2.29582215e-02 0.0 0.0
74.9000 2.29926448e-02 0.0 0.0
74.9500 2.30270942e-02 0.0 0.0
75.0000 2.30615695e-02 0.0 0.0
75.0500 2.30960707e-02 0.0 0.0
75.1000 2.31305978e-02 0.0 0.0
75.1500 2.31651508e-02 0.0 0.0
75.2000 2.31997295e-02 0.0 0.0
75.2500 2.32343340e-02 0.0 0.0
75.3000 2.32689642e-02 0.0 0.0
75.3500 2.33036202e-02 0.0 0.0
75.4000 2.33383017e-02 0.0 0.0
75.4500 2.33730089e-02 0.0 0.0
75.5000 2.34077416e-02 0.0 0.0
75.5500 2.34424999e-02 0.0 0.0
75.6000 2.34772836e-02 0.0 0.0
75.6500 2.35120929e-02 0.0 0.0
75.7000 2.35469275e-02 0.0 0.0
75.7500 2.35817875e-02 0.0 0.0
75.8000 2.36166728e-02 0.0 0.0
75.8500 2.36515834e-02 0.0 0.0
75.9000 2.36865192e-02 0.0 0.0
75.9500 2.37214803e-02 0.0 0.0
76.0000 2.37564665e-02 0.0 0.0
76.0500 2.37914779e-02 0.0 0.0
76.1000 2.38265143e-02 0.0 0.0
76.1500 2.38615758e-02 0.0 0.0
76.2000 2.38966623e-02 0.0 0.0
76.2500 2.39317737e-02 0.0 0.0
76.3000 2.39669101e-02 0.0 0.0
76.3500 2.40020714e-02 0.0 0.0
76.4000 2.40372575e-02 0.0 0.0
76.4500 2.40724684e-02 0.0 0.0
76.5000 2.41077040e-02 0.0 0.0
76.5500 2.41429644e-02 0.0 0.0
76.6000 2.41782494e-02 0.0 0.0
76.6500 2.42135590e-02 0.0 0.0
76.7000 2.42488933e-02 0.0 0.0
76.7500 2.42842520e-02 0.0 0.0
76.8000 2.43196353e-02 0.0 0.0
76.8500 2.43550430e-02 0.0 0.0
76.9000 2.43904752e-02 0.0 0.0
76.9500 2.44259317e-02 0.0 0.0
77.0000 2.44614125e-02 0.0 0.0
77.0500 2.44969176e-02 0.0 0.0
77.1000 2.45324470e-02 0.0 0.0
77.1500 2.45680005e-02 0.0 0.0
77.2000 2.46035782e-02 0.0 0.0
77.2500 2.46391800e-02 0.0 0.0
77.3000 2.46748059e-02 0.0 0.0
77.3500 2.47104557e-02 0.0 0.0
77.4000 2.47461296e-02 0.0 0.0
77.4500 2.47818273e-02 0.0 0.0
77.5000 2.48175490e-02 0.0 0.0
77.5500 2.48532945e-02 0.0 0.0
77.6000 2.48890638e-02 0.0 0.0
77.6500 2.49248568e-02 0.0 0.0
77.7000 2.49606735e-02 0.0 0.0
77.7500 2.49965139e-02 0.0 0.0
77.8000 2.50323779e-02 0.0 0.0
77.8500 2.50682654e-02 0.0 0.0
77.9000 2.51041765e-02 0.0 0.0
77.9500 2.51401110e-02 0.0 0.0
78.0000 2.51760690e-02 0.0 0.0
78.0500 2.52120503e-02 0.0 0.0
78.1000 2.52480550e-02 0.0 0.0
78.1500 2.52840829e-02 0.0 0.0
78.2000 2.53201341e-02 0.0 0.0
78.2500 2.53562085e-02 0.0 0.0
78.3000 2.53923060e-02 0.0 0.0
78.3500 2.54284266e-02 0.0 0.0
78.4000 2.54645703e-02 0.0 0.0
78.4500 2.55007369e-02 0.0 0.0
78.5000 2.55369265e-02 0.0 0.0
78.5500 2.55731390e-02 0.0 0.0
78.6000 2.56093744e-02 0.0 0.0
78.6500 2.56456326e-02 0.0 0.0
78.7000 2.56819135e-02 0.0 0.0
78.7500 2.57182172e-02 0.0 0.0
78.8000 2.57545435e-02 0.0 0.0
78.8500 2.57908924e-02 0.0 0.0
78.9000 2.58272639e-02 0.0 0.0
78.9500 2.58636578e-02 0.0 0.0
79.0000 2.59000743e-02 0.0 0.0
79.0500 2.59365132e-02 0.0 0.0
79.1000 2.59729744e-02 0.0 0.0
79.1500 2.60094580e-02 0.0 0.0
79.2000 2.60459638e-02 0.0 0.0
79.2500 2.60824918e-02 0.0 0.0
79.3000 2.61190420e-02 0.0 0.0
79.3500 2.61556143e-02 0.0 0.0
79.4000 2.61922087e-02 0.0 0.0
79.4500 2.62288251e-02 0.0 0.0
79.5000 2.62654635e-02 0.0 0.0
79.5500 2.63021237e-02 0.0 0.0
79.6000 2.63388058e-02 0.0 0.0
79.6500 2.63755098e-02 0.0 0.0
79.7000 2.64122355e-02 0.0 0.0
79.7500 2.64489829e-02 0.0 0.0
79.8000 2.64857520e-02 0.0 0.0
79.8500 2.65225426e-02 0.0 0.0
79.9000 2.65593548e-02 0.0 0.0
79.9500 2.65961886e-02 0.0 0.0
80.0000 2.66330437e-02 0.0 0.0
80.0500 2.66699203e-02 0.0 0.0
80.1000 2.67068182e-02 0.0 0.0
80.1500 2.67437374e-02 0.0 0.0
80.2000 2.67806778e-02 0.0 0.0
80.2500 2.68176394e-02 0.0 0.0
80.3000 2.68546222e-02 0.0 0.0
80.3500 2.68916260e-02 0.0 0.0
80.4000 2.69286508e-02 0.0 0.0
80.4500 2.69656967e-02 0.0 0.0
80.5000 2.70027634e-02 0.0 0.0
80.5500 2.70398510e-02 0.0 0.0
80.6000 2.70769594e-02 0.0 0.0
80.6500 2.71140886e-02 0.0 0.0
80.7000 2.71512385e-02 0.0 0.0
80.7500 2.71884090e-02 0.0 0.0
80.8000 2.72256001e-02 0.0 0.0
80.8500 2.72628117e-02 0.0 0.0
80.9000 2.73000439e-02 0.0 0.0
80.9500 2.73372964e-02 0.0 0.0
81.0000 2.73745694e-02 0.0 0.0
81.0500 2.74118626e-02 0.0 0.0
81.1000 2.74491761e-02 0.0 0.0
81.1500 2.74865099e-02 0.0 0.0
81.2000 2.75238637e-02 0.0 0.0
81.2500 2.75612377e-02 0.0 0.0
81.3000 2.75986317e-02 0.0 0.0
81.3500 2.76360457e-02 0.0 0.0
81.4000 2.76734796e-02 0.0 0.0
81.4500 2.77109334e-02 0.0 0.0
81.5000 2.77484070e-02 0.0 0.0
81.5500 2.77859004e-02 0.0 0.0
81.6000 2.78234134e-02 0.0 0.0
81.6500 2.78609462e-02 0.0 0.0
81.7000 2.78984985e-02 0.0 0.0
81.7500 2.79360703e-02 0.0 0.0
81.8000 2.79736616e-02 0.0 0.0
81.8500 2.80112723e-02 0.0 0.0
81.9000 2.80489024e-02 0.0 0.0
81.9500 2.80865517e-02 0.0 0.0
82.0000 2.81242203e-02 0.0 0.0
82.0500 2.81619081e-02 0.0 0.0
82.1000 2.81996151e-02 0.0 0.0
82.1500 2.82373410e-02 0.0 0.0
82.2000 2.82750860e-02 0.0 0.0
82.2500 2.83128500e-02 0.0 0.0
82.3000 2.83506328e-02 0.0 0.0
82.3500 2.83884345e-02 0.0 0.0
82.4000 2.84262549e-02 0.0 0.0
82.4500 2.84640941e-02 0.0 0.0
82.5000 2.85019519e-02 0.0 0.0
82.5500 2.85398283e-02 0.0 0.0
82.6000 2.85777233e-02 0.0 0.0
82.6500 2.86156367e-02 0.0 0.0
82.7000 2.86535685e-02 0.0 0.0
82.7500 2.86915187e-02 0.0 0.0
82.8000 2.87294872e-02 0.0 0.0
82.8500 2.87674739e-02 0.0 0.0
82.9000 2.88054788e-02 0.0 0.0
82.9500 2.88435018e-02 0.0 0.0
83.0000 2.88815429e-02 0.0 0.0
83.0500 2.89196019e-02 0.0 0.0
83.1000 2.89576789e-02 0.0 0.0
83.1500 2.89957737e-02 0.0 0.0
83.2000 2.90338864e-02 0.0 0.0
83.2500 2.90720168e-02 0.0 0.0
83.3000 2.91101649e-02 0.0 0.0
83.3500 2.91483306e-02 0.0 0.0
83.4000 2.91865139e-02 0.0 0.0
83.4500 2.92247147e-02 0.0 0.0
83.5000 2.92629329e-02 0.0 0.0
83.5500 2.93011685e-02 0.0 0.0
83.6000 2.93394214e-02 0.0 0.0
83.6500 2.93776916e-02 0.0 0.0
83.7000 2.94159789e-02 0.0 0.0
83.7500 2.94542834e-02 0.0 0.0
83.8000 2.94926049e-02 0.0 0.0
83.8500 2.95309434e-02 0.0 0.0
83.9000 2.95692989e-02 0.0 0.0
83.9500 2.96076713e-02 0.0 0.0
84.0000 2.96460604e-02 0.0 0.0
84.0500 2.96844663e-02 0.0 0.0
84.1000 2.97228889e-02 0.0 0.0
84.1500 2.97613281e-02 0.0 0.0
84.2000 2.97997838e-02 0.0 0.0
84.2500 2.98382560e-02 0.0 0.0
84.3000 2.98767447e-02 0.0 0.0
84.3500 2.99152497e-02 0.0 0.0
84.4000 2.99537710e-02 0.0 0.0
84.4500 2.99923086e-02 0.0 0.0
84.5000 3.00308623e-02 0.0 0.0
84.5500 3.00694321e-02 0.0 0.0
84.6000 3.01080179e-02 0.0 0.0
84.6500 3.01466197e-02 0.0 0.0
84.7000 3.01852374e-02 0.0 0.0
84.7500 3.02238710e-02 0.0 0.0
84.8000 3.02625203e-02 0.0 0.0
84.8500 3.03011854e-02 0.0 0.0
84.9000 3.03398660e-02 0.0 0.0
84.9500 3.03785623e-02 0.0 0.0
85.0000 3.04172740e-02 0.0 0.0
85.0500 3.04560012e-02 0.0 0.0
85.1000 3.04947438e-02 0.0 0.0
85.1500 3.05335017e-02 0.0 0.0
85.2000 3.05722748e-02 0.0 0.0
85.2500 3.06110631e-02 0.0 0.0
85.3000 3.06498665e-02 0.0 0.0
85.3500 3.06886850e-02 0.0 0.0
85.4000 3.07275184e-02 0.0 0.0
85.4500 3.07663667e-02 0.0 0.0
85.5000 3.08052299e-02 0.0 0.0
85.5500 3.08441079e-02 0.0 0.0
85.6000 3.08830005e-02 0.0 0.0
85.6500 3.09219078e-02 0.0 0.0
85.7000 3.09608296e-02 0.0 0.0
85.7500 3.09997659e-02 0.0 0.0
85.8000 3.10387167e-02 0.0 0.0
85.8500 3.10776818e-02 0.0 0.0
85.9000 3.11166613e-02 0.0 0.0
85.9500 3.11556549e-02 0.0 0.0
86.0000 3.11946627e-02 0.0 0.0
86.0500 3.12336846e-02 0.0 0.0
86.1000 3.12727205e-02 0.0 0.0
86.1500 3.13117703e-02 0.0 0.0
86.2000 3.13508340e-02 0.0 0.0
86.2500 3.13899115e-02 0.0 0.0
86.3000 3.14290028e-02 0.0 0.0
86.3500 3.14681077e-02 0.0 0.0
86.4000 3.15072263e-02 0.0 0.0
86.4500 3.15463583e-02 0.0 0.0
86.5000 3.15855038e-02 0.0 0.0
86.5500 3.16246627e-02 0.0 0.0
86.6000 3.16638349e-02 0.0 0.0
86.6500 3.17030204e-02 0.0 0.0
86.7000 3.17422190e-02 0.0 0.0
86.7500 3.17814307e-02 0.0 0.0
86.8000 3.18206555e-02 0.0 0.0
86.8500 3.18598932e-02 0.0 0.0
86.9000 3.18991438e-02 0.0 0.0
86.9500 3.19384073e-02 0.0 0.0
87.0000 3.19776835e-02 0.0 0.0
87.0500 3.20169723e-02 0.0 0.0
87.1000 3.20562738e-02 0.0 0.0
87.1500 3.20955877e-02 0.0 0.0
87.2000 3.21349142e-02 0.0 0.0
87.2500 3.21742530e-02 0.0 0.0
87.3000 3.22136041e-02 0.0 0.0
87.3500 3.22529675e-02 0.0 0.0
87.4000 3.22923431e-02 0.0 0.0
87.4500 3.23317307e-02 0.0 0.0
87.5000 3.23711304e-02 0.0 0.0
87.5500 3.24105420e-02 0.0 0.0
87.6000 3.24499655e-02 0.0 0.0
87.6500 3.24894008e-02 0.0 0.0
87.7000 3.25288478e-02 0.0 0.0
87.7500 3.25683065e-02 0.0 0.0
87.8000 3.26077767e-02 0.0 0.0
87.8500 3.26472585e-02 0.0 0.0
87.9000 3.26867517e-02 0.0 0.0
87.9500 3.27262563e-02 0.0 0.0
88.0000 3.27657721e-02 0.0 0.0
88.0500 3.28052992e-02 0.0 0.0
88.1000 3.28448374e-02 0.0 0.0
88.1500 3.28843866e-02 0.0 0.0
88.2000 3.29239468e-02 0.0 0.0
88.2500 3.29635180e-02 0.0 0.0
88.3000 3.30031000e-02 0.0 0.0
88.3500 3.30426927e-02 0.0 0.0
88.4000 3.30822962e-02 0.0 0.0
88.4500 3.31219102e-02 0.0 0.0
88.5000 3.31615348e-02 0.0 0.0
88.5500 3.32011699e-02 0.0 0.0
88.6000 3.32408153e-02 0.0 0.0
88.6500 3.32804711e-02 0.0 0.0
88.7000 3.33201370e-02 0.0 0.0
88.7500 3.33598132e-02 0.0 0.0
88.8000 3.33994994e-02 0.0 0.0
88.8500 3.34391956e-02 0.0 0.0
88.9000 3.34789017e-02 0.0 0.0
88.9500 3.35186177e-02 0.0 0.0
89.0000 3.35583435e-02 0.0 0.0
89.0500 3.35980790e-02 0.0 0.0
89.1000 3.36378241e-02 0.0 0.0
89.1500 3.36775787e-02 0.0 0.0
89.2000 3.37173428e-02 0.0 0.0
89.2500 3.37571163e-02 0.0 0.0
89.3000 3.37968991e-02 0.0 0.0
89.3500 3.38366911e-02 0.0 0.0
89.4000 3.38764923e-02 0.0 0.0
89.4500 3.39163026e-02 0.0 0.0
89.5000 3.39561218e-02 0.0 0.0
89.5500 3.39959500e-02 0.0 0.0
89.6000 3.40357870e-02 0.0 0.0
89.6500 3.40756328e-02 0.0 0.0
89.7000 3.41154873e-02 0.0 0.0
89.7500 3.41553504e-02 0.0 0.0
89.8000 3.41952220e-02 0.0 0.0
89.8500 3.42351021e-02 0.0 0.0
89.9000 3.42749905e-02 0.0 0.0
89.9500 3.43148873e-02 0.0 0.0
90.0000 3.43547922e-02 0.0 0.0
90.0500 3.43947053e-02 0.0 0.0
90.1000 3.44346264e-02 0.0 0.0
90.1500 3.44745555e-02 0.0 0.0
90.2000 3.45144925e-02 0.0 0.0
90.2500 3.45544374e-02 0.0 0.0
90.3000 3.45943899e-02 0.0 0.0
90.3500 3.46343501e-02 0.0 0.0
90.4000 3.46743179e-02 0.0 0.0
90.4500 3.47142932e-02 0.0 0.0
90.5000 3.47542759e-02 0.0 0.0
90.5500 3.47942660e-02 0.0 0.0
90.6000 3.48342632e-02 0.0 0.0
90.6500 3.48742677e-02 0.0 0.0
90.7000 3.49142793e-02 0.0 0.0
90.7500 3.49542978e-02 0.0 0.0
90.8000 3.49943233e-02 0.0 0.0
90.8500 3.50343557e-02 0.0 0.0
90.9000 3.50743948e-02 0.0 0.0
90.9500 3.51144406e-02 0.0 0.0
91.0000 3.51544930e-02 0.0 0.0
91.0500 3.51945519e-02 0.0 0.0
91.1000 3.52346173e-02 0.0 0.0
91.1500 3.52746890e-02 0.0 0.0
91.2000 3.53147670e-02 0.0 0.0
91.2500 3.53548512e-02 0.0 0.0
91.3000 3.53949416e-02 0.0 0.0
91.3500 3.54350379e-02 0.0 0.0
91.4000 3.54751402e-02 0.0 0.0
91.4500 3.55152484e-02 0.0 0.0
91.5000 3.55553623e-02 0.0 0.0
91.5500 3.55954820e-02 0.0 0.0
91.6000 3.56356072e-02 0.0 0.0
91.6500 3.56757380e-02 0.0 0.0
91.7000 3.57158743e-02 0.0 0.0
91.7500 3.57560159e-02 0.0 0.0
91.8000 3.57961628e-02 0.0 0.0
91.8500 3.58363149e-02 0.0 0.0
91.9000 3.58764721e-02 0.0 0.0
91.9500 3.59166344e-02 0.0 0.0
92.0000 3.59568016e-02 0.0 0.0
92.0500 3.59969737e-02 0.0 0.0
92.1000 3.60371505e-02 0.0 0.0
92.1500 3.60773321e-02 0.0 0.0
92.2000 3.61175182e-02 0.0 0.0
92.2500 3.61577089e-02 0.0 0.0
92.3000 3.61979041e-02 0.0 0.0
92.3500 3.62381036e-02 0.0 0.0
92.4000 3.62783074e-02 0.0 0.0
92.4500 3.63185153e-02 0.0 0.0
92.5000 3.63587274e-02 0.0 0.0
92.5500 3.63989435e-02 0.0 0.0
92.6000 3.64391635e-02 0.0 0.0
92.6500 3.64793874e-02 0.0 0.0
92.7000 3.65196151e-02 0.0 0.0
92.7500 3.65598464e-02 0.0 0.0
92.8000 3.66000813e-02 0.0 0.0
92.8500 3.66403198e-02 0.0 0.0
92.9000 3.66805616e-02 0.0 0.0
92.9500 3.67208068e-02 0.0 0.0
93.0000 3.67610553e-02 0.0 0.0
93.0500 3.68013069e-02 0.0 0.0
93.1000 3.68415616e-02 0.0 0.0
93.1500 3.68818193e-02 0.0 0.0
93.2000 3.69220799e-02 0.0 0.0
93.2500 3.69623433e-02 0.0 0.0
93.3000 3.70026094e-02 0.0 0.0
93.3500 3.70428782e-02 0.0 0.0
93.4000 3.70831496e-02 0.0 0.0
93.4500 3.71234234e-02 0.0 0.0
93.5000 3.71636996e-02 0.0 0.0
93.5500 3.72039782e-02 0.0 0.0
93.6000 3.72442589e-02 0.0 0.0
93.6500 3.72845417e-02 0.0 0.0
93.7000 3.73248266e-02 0.0 0.0
93.7500 3.73651135e-02 0.0 0.0
93.8000 3.74054022e-02 0.0 0.0
93.8500 3.74456927e-02 0.0 0.0
93.9000 3.74859848e-02 0.0 0.0
93.9500 3.75262786e-02 0.0 0.0
94.0000 3.75665739e-02 0.0 0.0
94.0500 3.76068706e-02 0.0 0.0
94.1000 3.76471686e-02 0.0 0.0
94.1500 3.76874679e-02 0.0 0.0
94.2000 3.77277683e-02 0.0 0.0
94.2500 3.77680698e-02 0.0 0.0
94.3000 3.78083723e-02 0.0 0.0
94.3500 3.78486757e-02 0.0 0.0
94.4000 3.78889799e-02 0.0 0.0
94.4500 3.79292848e-02 0.0 0.0
94.5000 3.79695903e-02 0.0 0.0
94.5500 3.80098963e-02 0.0 0.0
94.6000 3.80502028e-02 0.0 0.0
94.6500 3.80905097e-02 0.0 0.0
94.7000 3.81308168e-02 0.0 0.0
94.7500 3.81711242e-02 0.0 0.0
94.8000 3.82114316e-02 0.0 0.0
94.8500 3.82517390e-02 0.0 0.0
94.9000 3.82920463e-02 0.0 0.0
94.9500 3.83323534e-02 0.0 0.0
95.0000 3.83726603e-02 0.0 0.0
95.0500 3.84129668e-02 0.0 0.0
95.1000 3.84532728e-02 0.0 0.0
95.1500 3.84935783e-02 0.0 0.0
95.2000 3.85338832e-02 0.0 0.0
95.2500 3.85741874e-02 0.0 0.0
95.3000 3.86144907e-02 0.0 0.0
95.3500 3.86547932e-02 0.0 0.0
95.4000 3.86950947e-02 0.0 0.0
95.4500 3.87353950e-02 0.0 0.0
95.5000 3.87756942e-02 0.0 0.0
95.5500 3.88159922e-02 0.0 0.0
95.6000 3.88562887e-02 0.0 0.0
95.6500 3.88965839e-02 0.0 0.0
95.7000 3.89368775e-02 0.0 0.0
95.7500 3.89771694e-02 0.0 0.0
95.8000 3.90174597e-02 0.0 0.0
95.8500 3.90577481e-02 0.0 0.0
95.9000 3.90980346e-02 0.0 0.0
95.9500 3.91383192e-02 0.0 0.0
96.0000 3.91786016e-02 0.0 0.0
96.0500 3.92188819e-02 0.0 0.0
96.1000 3.92591599e-02 0.0 0.0
96.1500 3.92994355e-02 0.0 0.0
96.2000 3.93397087e-02 0.0 0.0
96.2500 3.93799793e-02 0.0 0.0
96.3000 3.94202473e-02 0.0 0.0
96.3500 3.94605125e-02 0.0 0.0
96.4000 3.95007750e-02 0.0 0.0
96.4500 3.95410345e-02 0.0 0.0
96.5000 3.95812910e-02 0.0 0.0
96.5500 3.96215444e-02 0.0 0.0
96.6000 3.96617946e-02 0.0 0.0
96.6500 3.97020415e-02 0.0 0.0
96.7000 3.97422851e-02 0.0 0.0
96.7500 3.97825251e-02 0.0 0.0
96.8000 3.98227616e-02 0.0 0.0
96.8500 3.98629944e-02 0.0 0.0
96.9000 3.99032235e-02 0.0 0.0
96.9500 3.99434488e-02 0.0 0.0
97.0000 3.99836700e-02 0.0 0.0
97.0500 4.00238873e-02 0.0 0.0
97.1000 4.00641004e-02 0.0 0.0
97.1500 4.01043093e-02 0.0 0.0
97.2000 4.01445139e-02 0.0 0.0
97.2500 4.01847141e-02 0.0 0.0
97.3000 4.02249098e-02 0.0 0.0
97.3500 4.02651009e-02 0.0 0.0
97.4000 4.03052873e-02 0.0 0.0
97.4500 4.03454689e-02 0.0 0.0
97.5000 4.03856456e-02 0.0 0.0
97.5500 4.04258174e-02 0.0 0.0
97.6000 4.04659841e-02 0.0 0.0
97.6500 4.05061456e-02 0.0 0.0
97.7000 4.05463019e-02 0.0 0.0
97.7500 4.05864528e-02 0.0 0.0
97.8000 4.06265983e-02 0.0 0.0
97.8500 4.06667382e-02 0.0 0.0
97.9000 4.07068725e-02 0.0 0.0
97.9500 4.07470010e-02 0.0 0.0
98.0000 4.07871238e-02 0.0 0.0
98.0500 4.08272406e-02 0.0 0.0
98.1000 4.08673514e-02 0.0 0.0
98.1500 4.09074561e-02 0.0 0.0
98.2000 4.09475546e-02 0.0 0.0
98.2500 4.09876467e-02 0.0 0.0
98.3000 4.10277325e-02 0.0 0.0
98.3500 4.10678118e-02 0.0 0.0
98.4000 4.11078845e-02 0.0 0.0
98.4500 4.11479505e-02 0.0 0.0
98.5000 4.11880098e-02 0.0 0.0
98.5500 4.12280621e-02 0.0 0.0
98.6000 4.12681075e-02 0.0 0.0
98.6500 4.13081458e-02 0.0 0.0
98.7000 4.13481770e-02 0.0 0.0
98.7500 4.13882009e-02 0.0 0.0
98.8000 4.14282174e-02 0.0 0.0
98.8500 4.14682265e-02 0.0 0.0
98.9000 4.15082281e-02 0.0 0.0
98.9500 4.15482220e-02 0.0 0.0
99.0000 4.15882081e-02 0.0 0.0
99.0500 4.16281864e-02 0.0 0.0
99.1000 4.16681568e-02 0.0 0.0
99.1500 4.17081192e-02 0.0 0.0
99.2000 4.17480734e-02 0.0 0.0
99.2500 4.17880194e-02 0.0 0.0
99.3000 4.18279571e-02 0.0 0.0
99.3500 4.18678864e-02 0.0 0.0
99.4000 4.19078071e-02 0.0 0.0
99.4500 4.19477192e-02 0.0 0.0
99.5000 4.19876227e-02 0.0 0.0
99.5500 4.20275173e-02 0.0 0.0
99.6000 4.20674030e-02 0.0 0.0
99.6500 4.21072797e-02 0.0 0.0
99.7000 4.21471474e-02 0.0 0.0
99.7500 4.21870058e-02 0.0 0.0
99.8000 4.22268549e-02 0.0 0.0
99.8500 4.22666947e-02 0.0 0.0
99.9000 4.23065249e-02 0.0 0.0
99.9500 4.23463456e-02 0.0 0.0
100.0000 4.23861566e-02 0.0 0.0
100.0500 4.24259578e-02 0.0 0.0
100.1000 4.24657491e-02 0.0 0.0
100.1500 4.25055305e-02 0.0 0.0
100.2000 4.25453018e-02 0.0 0.0
100.2500 4.25850629e-02 0.0 0.0
100.3000 4.26248137e-02 0.0 0.0
100.3500 4.26645542e-02 0.0 0.0
100.4000 4.27042842e-02 0.0 0.0
100.4500 4.27440036e-02 0.0 0.0
100.5000 4.27837124e-02 0.0 0.0
100.5500 4.28234104e-02 0.0 0.0
100.6000 4.28630976e-02 0.0 0.0
100.6500 4.29027738e-02 0.0 0.0
100.7000 4.29424389e-02 0.0 0.0
100.7500 4.29820929e-02 0.0 0.0
100.8000 4.30217357e-02 0.0 0.0
100.8500 4.30613670e-02 0.0 0.0
100.9000 4.31009870e-02 0.0 0.0
100.9500 4.31405953e-02 0.0 0.0
101.0000 4.31801921e-02 0.0 0.0
101.0500 4.32197771e-02 0.0 0.0
101.1000 4.32593502e-02 0.0 0.0
101.1500 4.32989114e-02 0.0 0.0
101.2000 4.33384605e-02 0.0 0.0
101.2500 4.33779976e-02 0.0 0.0
101.3000 4.34175223e-02 0.0 0.0
101.3500 4.34570347e-02 0.0 0.0
101.4000 4.34965347e-02 0.0 0.0
101.4500 4.35360222e-02 0.0 0.0
101.5000 4.35754970e-02 0.0 0.0
101.5500 4.36149590e-02 0.0 0.0
101.6000 4.36544083e-02 0.0 0.0
101.6500 4.36938446e-02 0.0 0.0
101.7000 4.37332678e-02 0.0 0.0
101.7500 4.37726779e-02 0.0 0.0
101.8000 4.38120748e-02 0.0 0.0
101.8500 4.38514583e-02 0.0 0.0
101.9000 4.38908285e-02 0.0 0.0
101.9500 4.39301850e-02 0.0 0.0
102.0000 4.39695280e-02 0.0 0.0
102.0500 4.40088572e-02 0.0 0.0
102.1000 4.40481725e-02 0.0 0.0
102.1500 4.40874740e-02 0.0 0.0
102.2000 4.41267614e-02 0.0 0.0
102.2500 4.41660347e-02 0.0 0.0
102.3000 4.42052937e-02 0.0 0.0
102.3500 4.42445384e-02 0.0 0.0
102.4000 4.42837686e-02 0.0 0.0
102.4500 4.43229844e-02 0.0 0.0
102.5000 4.43621855e-02 0.0 0.0
102.5500 4.44013718e-02 0.0 0.0
102.6000 4.44405434e-02 0.0 0.0
102.6500 4.44797000e-02 0.0 0.0
102.7000 4.45188415e-02 0.0 0.0
102.7500 4.45579679e-02 0.0 0.0
102.8000 4.45970791e-02 0.0 0.0
102.8500 4.46361749e-02 0.0 0.0
102.9000 4.46752554e-02 0.0 0.0
102.9500 4.47143202e-02 0.0 0.0
103.0000 4.47533695e-02 0.0 0.0
103.0500 4.47924029e-02 0.0 0.0
103.1000 4.48314206e-02 0.0 0.0
103.1500 4.48704223e-02 0.0 0.0
103.2000 4.49094080e-02 0.0 0.0
103.2500 4.49483775e-02 0.0 0.0
103.3000 4.49873308e-02 0.0 0.0
103.3500 4.50262677e-02 0.0 0.0
103.4000 4.50651882e-02 0.0 0.0
103.4500 4.51040922e-02 0.0 0.0
103.5000 4.51429795e-02 0.0 0.0
103.5500 4.51818500e-02 0.0 0.0
103.6000 4.52207037e-02 0.0 0.0
103.6500 4.52595405e-02 0.0 0.0
103.7000 4.52983602e-02 0.0 0.0
103.7500 4.53371628e-02 0.0 0.0
103.8000 4.53759481e-02 0.0 0.0
103.8500 4.54147160e-02 0.0 0.0
103.9000 4.54534665e-02 0.0 0.0
103.9500 4.54921995e-02 0.0 0.0
104.0000 4.55309148e-02 0.0 0.0
104.0500 4.55696123e-02 0.0 0.0
104.1000 4.56082920e-02 0.0 0.0
104.1500 4.56469537e-02 0.0 0.0
104.2000 4.56855973e-02 0.0 0.0
104.2500 4.57242228e-02 0.0 0.0
104.3000 4.57628300e-02 0.0 0.0
104.3500 4.58014189e-02 0.0 0.0
104.4000 4.58399893e-02 0.0 0.0
104.4500 4.58785411e-02 0.0 0.0
104.5000 4.59170742e-02 0.0 0.0
104.5500 4.59555886e-02 0.0 0.0
104.6000 4.59940841e-02 0.0 0.0
104.6500 4.60325606e-02 0.0 0.0
104.7000 4.60710181e-02 0.0 0.0
104.7500 4.61094564e-02 0.0 0.0
104.8000 4.61478754e-02 0.0 0.0
104.8500 4.61862750e-02 0.0 0.0
104.9000 4.62246551e-02 0.0 0.0
104.9500 4.62630157e-02 0.0 0.0
105.0000 4.63013565e-02 0.0 0.0
105.0500 4.63396776e-02 0.0 0.0
105.1000 4.63779788e-02 0.0 0.0
105.1500 4.64162600e-02 0.0 0.0
105.2000 4.64545211e-02 0.0 0.0
105.2500 4.64927620e-02 0.0 0.0
105.3000 4.65309826e-02 0.0 0.0
105.3500 4.65691828e-02 0.0 0.0
105.4000 4.66073625e-02 0.0 0.0
105.4500 4.66455216e-02 0.0 0.0
105.5000 4.66836600e-02 0.0 0.0
105.5500 4.67217776e-02 0.0 0.0
105.6000 4.67598743e-02 0.0 0.0
105.6500 4.67979500e-02 0.0 0.0
105.7000 4.68360046e-02 0.0 0.0
105.7500 4.68740380e-02 0.0 0.0
105.8000 4.69120500e-02 0.0 0.0
105.8500 4.69500406e-02 0.0 0.0
105.9000 4.69880098e-02 0.0 0.0
105.9500 4.70259572e-02 0.0 0.0
106.0000 4.70638830e-02 0.0 0.0
106.0500 4.71017870e-02 0.0 0.0
106.1000 4.71396690e-02 0.0 0.0
106.1500 4.71775290e-02 0.0 0.0
106.2000 4.72153668e-02 0.0 0.0
106.2500 4.72531825e-02 0.0 0.0
106.3000 4.72909758e-02 0.0 0.0
106.3500 4.73287466e-02 0.0 0.0
106.4000 4.73664950e-02 0.0 0.0
106.4500 4.74042206e-02 0.0 0.0
106.5000 4.74419236e-02 0.0 0.0
106.5500 4.74796037e-02 0.0 0.0
106.6000 4.75172608e-02 0.0 0.0
106.6500 4.75548949e-02 0.0 0.0
106.7000 4.75925059e-02 0.0 0.0
106.7500 4.76300936e-02 0.0 0.0
106.8000 4.76676579e-02 0.0 0.0
106.8500 4.77051988e-02 0.0 0.0
106.9000 4.77427161e-02 0.0 0.0
106.9500 4.77802098e-02 0.0 0.0
107.0000 4.78176797e-02 0.0 0.0
107.0500 4.78551258e-02 0.0 0.0
107.1000 4.78925478e-02 0.0 0.0
107.1500 4.79299458e-02 0.0 0.0
107.2000 4.79673197e-02 0.0 0.0
107.2500 4.80046692e-02 0.0 0.0
107.3000 4.80419944e-02 0.0 0.0
107.3500 4.80792951e-02 0.0 0.0
107.4000 4.81165713e-02 0.0 0.0
107.4500 4.81538227e-02 0.0 0.0
107.5000 4.81910494e-02 0.0 0.0
107.5500 4.82282512e-02 0.0 0.0
107.6000 4.82654280e-02 0.0 0.0
107.6500 4.83025797e-02 0.0 0.0
107.7000 4.83397062e-02 0.0 0.0
107.7500 4.83768074e-02 0.0 0.0
107.8000 4.84138832e-02 0.0 0.0
107.8500 4.84509336e-02 0.0 0.0
107.9000 4.84879583e-02 0.0 0.0
107.9500 4.85249573e-02 0.0 0.0
108.0000 4.85619305e-02 0.0 0.0
108.0500 4.85988779e-02 0.0 0.0
108.1000 4.86357992e-02 0.0 0.0
108.1500 4.86726944e-02 0.0 0.0
108.2000 4.87095634e-02 0.0 0.0
108.2500 4.87464061e-02 0.0 0.0
108.3000 4.87832223e-02 0.0 0.0
108.3500 4.88200121e-02 0.0 0.0
108.4000 4.88567752e-02 0.0 0.0
108.4500 4.88935116e-02 0.0 0.0
108.5000 4.89302212e-02 0.0 0.0
108.5500 4.89669039e-02 0.0 0.0
108.6000 4.90035595e-02 0.0 0.0
108.6500 4.90401880e-02 0.0 0.0
108.7000 4.90767893e-02 0.0 0.0
108.7500 4.91133632e-02 0.0 0.0
108.8000 4.91499097e-02 0.0 0.0
108.8500 4.91864287e-02 0.0 0.0
108.9000 4.92229201e-02 0.0 0.0
108.9500 4.92593837e-02 0.0 0.0
109.0000 4.92958194e-02 0.0 0.0
109.0500 4.93322272e-02 0.0 0.0
109.1000 4.93686070e-02 0.0 0.0
109.1500 4.94049586e-02 0.0 0.0
109.2000 4.94412820e-02 0.0 0.0
109.2500 4.94775771e-02 0.0 0.0
109.3000 4.95138436e-02 0.0 0.0
109.3500 4.95500817e-02 0.0 0.0
109.4000 4.95862911e-02 0.0 0.0
109.4500 4.96224717e-02 0.0 0.0
109.5000 4.96586234e-02 0.0 0.0
109.5500 4.96947463e-02 0.0 0.0
109.6000 4.97308400e-02 0.0 0.0
109.6500 4.97669046e-02 0.0 0.0
109.7000 4.98029399e-02 0.0 0.0
109.7500 4.98389459e-02 0.0 0.0
109.8000 4.98749224e-02 0.0 0.0
109.8500 4.99108693e-02 0.0 0.0
109.9000 4.99467866e-02 0.0 0.0
109.9500 4.99826741e-02 0.0 0.0
110.0000 5.00185317e-02 0.0 0.0
110.0500 5.00543593e-02 0.0 0.0
110.1000 5.00901569e-02 0.0 0.0
110.1500 5.01259243e-02 0.0 0.0
110.2000 5.01616614e-02 0.0 0.0
110.2500 5.01973682e-02 0.0 0.0
110.3000 5.02330444e-02 0.0 0.0
110.3500 5.02686901e-02 0.0 0.0
110.4000 5.03043052e-02 0.0 0.0
110.4500 5.03398894e-02 0.0 0.0
110.5000 5.03754427e-02 0.0 0.0
110.5500 5.04109651e-02 0.0 0.0
110.6000 5.04464564e-02 0.0 0.0
110.6500 5.04819165e-02 0.0 0.0
110.7000 5.05173453e-02 0.0 0.0
110.7500 5.05527427e-02 0.0 0.0
110.8000 5.05881087e-02 0.0 0.0
110.8500 5.06234430e-02 0.0 0.0
110.9000 5.06587457e-02 0.0 0.0
110.9500 5.06940165e-02 0.0 0.0
111.0000 5.07292555e-02 0.0 0.0
111.0500 5.07644625e-02 0.0 0.0
111.1000 5.07996374e-02 0.0 0.0
111.1500 5.08347801e-02 0.0 0.0
111.2000 5.08698906e-02 0.0 0.0
111.2500 5.09049686e-02 0.0 0.0
111.3000 5.09400141e-02 0.0 0.0
111.3500 5.09750271e-02 0.0 0.0
111.4000 5.10100073e-02 0.0 0.0
111.4500 5.10449547e-02 0.0 0.0
111.5000 5.10798693e-02 0.0 0.0
111.5500 5.11147509e-02 0.0 0.0
111.6000 5.11495993e-02 0.0 0.0
111.6500 5.11844146e-02 0.0 0.0
111.7000 5.12191966e-02 0.0 0.0
111.7500 5.12539452e-02 0.0 0.0
111.8000 5.12886602e-02 0.0 0.0
111.8500 5.13233417e-02 0.0 0.0
111.9000 5.13579895e-02 0.0 0.0
111.9500 5.13926035e-02 0.0 0.0
112.0000 5.14271836e-02 0.0 0.0
112.0500 5.14617297e-02 0.0 0.0
112.1000 5.14962418e-02 0.0 0.0
112.1500 5.15307196e-02 0.0 0.0
112.2000 5.15651631e-02 0.0 0.0
112.2500 5.15995723e-02 0.0 0.0
112.3000 5.16339469e-02 0.0 0.0
112.3500 5.16682869e-02 0.0 0.0
112.4000 5.17025923e-02 0.0 0.0
112.4500 5.17368629e-02 0.0 0.0
112.5000 5.17710986e-02 0.0 0.0
112.5500 5.18052992e-02 0.0 0.0
112.6000 5.18394648e-02 0.0 0.0
112.6500 5.18735952e-02 0.0 0.0
112.7000 5.19076904e-02 0.0 0.0
112.7500 5.19417501e-02 0.0 0.0
112.8000 5.19757744e-02 0.0 0.0
112.8500 5.20097630e-02 0.0 0.0
112.9000 5.20437160e-02 0.0 0.0
112.9500 5.20776332e-02 0.0 0.0
113.0000 5.21115145e-02 0.0 0.0
113.0500 5.21453599e-02 0.0 0.0
113.1000 5.21791691e-02 0.0 0.0
113.1500 5.22129422e-02 0.0 0.0
113.2000 5.22466790e-02 0.0 0.0
113.2500 5.22803795e-02 0.0 0.0
113.3000 5.23140434e-02 0.0 0.0
113.3500 5.23476708e-02 0.0 0.0
113.4000 5.23812615e-02 0.0 0.0
113.4500 5.24148155e-02 0.0 0.0
113.5000 5.24483326e-02 0.0 0.0
113.5500 5.24818127e-02 0.0 0.0
113.6000 5.25152557e-02 0.0 0.0
113.6500 5.25486616e-02 0.0 0.0
113.7000 5.25820303e-02 0.0 0.0
113.7500 5.26153616e-02 0.0 0.0
113.8000 5.26486554e-02 0.0 0.0
113.8500 5.26819117e-02 0.0 0.0
113.9000 5.27151303e-02 0.0 0.0
113.9500 5.27483112e-02 0.0 0.0
114.0000 5.27814542e-02 0.0 0.0
114.0500 5.28145593e-02 0.0 0.0
114.1000 5.28476263e-02 0.0 0.0
114.1500 5.28806552e-02 0.0 0.0
114.2000 5.29136459e-02 0.0 0.0
114.2500 5.29465983e-02 0.0 0.0
114.3000 5.29795122e-02 0.0 0.0
114.3500 5.30123876e-02 0.0 0.0
114.4000 5.30452243e-02 0.0 0.0
114.4500 5.30780224e-02 0.0 0.0
114.5000 5.31107816e-02 0.0 0.0
114.5500 5.31435019e-02 0.0 0.0
114.6000 5.31761832e-02 0.0 0.0
114.6500 5.32088254e-02 0.0 0.0
114.7000 5.32414284e-02 0.0 0.0
114.7500 5.32739920e-02 0.0 0.0
114.8000 5.33065163e-02 0.0 0.0
114.8500 5.33390011e-02 0.0 0.0
114.9000 5.33714463e-02 0.0 0.0
114.9500 5.34038518e-02 0.0 0.0
115.0000 5.34362175e-02 0.0 0.0
115.0500 5.34685434e-02 0.0 0.0
115.1000 5.35008293e-02 0.0 0.0
115.1500 5.35330751e-02 0.0 0.0
115.2000 5.35652807e-02 0.0 0.0
115.2500 5.35974461e-02 0.0 0.0
115.3000 5.36295711e-02 0.0 0.0
115.3500 5.36616556e-02 0.0 0.0
115.4000 5.36936996e-02 0.0 0.0
115.4500 5.37257030e-02 0.0 0.0
115.5000 5.37576656e-02 0.0 0.0
115.5500 5.37895874e-02 0.0 0.0
115.6000 5.38214682e-02 0.0 0.0
115.6500 5.38533080e-02 0.0 0.0
115.7000 5.38851067e-02 0.0 0.0
115.7500 5.39168642e-02 0.0 0.0
115.8000 5.39485804e-02 0.0 0.0
115.8500 5.39802551e-02 0.0 0.0
115.9000 5.40118884e-02 0.0 0.0
115.9500 5.40434800e-02 0.0 0.0
116.0000 5.40750300e-02 0.0 0.0
116.0500 5.41065382e-02 0.0 0.0
116.1000 5.41380045e-02 0.0 0.0
116.1500 5.41694288e-02 0.0 0.0
116.2000 5.42008110e-02 0.0 0.0
116.2500 5.42321511e-02 0.0 0.0
116.3000 5.42634490e-02 0.0 0.0
116.3500 5.42947044e-02 0.0 0.0
116.4000 5.43259175e-02 0.0 0.0
116.4500 5.43570880e-02 0.0 0.0
116.5000 5.43882158e-02 0.0 0.0
116.5500 5.44193009e-02 0.0 0.0
116.6000 5.44503432e-02 0.0 0.0
116.6500 5.44813426e-02 0.0 0.0
116.7000 5.45122990e-02 0.0 0.0
116.7500 5.45432123e-02 0.0 0.0
116.8000 5.45740824e-02 0.0 0.0
116.8500 5.46049092e-02 0.0 0.0
116.9000 5.46356926e-02 0.0 0.0
116.9500 5.46664326e-02 0.0 0.0
117.0000 5.46971289e-02 0.0 0.0
117.0500 5.47277817e-02 0.0 0.0
117.1000 5.47583906e-02 0.0 0.0
117.1500 5.47889557e-02 0.0 0.0
117.2000 5.48194769e-02 0.0 0.0
117.2500 5.48499541e-02 0.0 0.0
117.3000 5.48803871e-02 0.0 0.0
117.3500 5.49107759e-02 0.0 0.0
117.4000 5.49411204e-02 0.0 0.0
117.4500 5.49714205e-02 0.0 0.0
117.5000 5.50016762e-02 0.0 0.0
117.5500 5.50318872e-02 0.0 0.0
117.6000 5.50620536e-02 0.0 0.0
117.6500 5.50921752e-02 0.0 0.0
117.7000 5.51222519e-02 0.0 0.0
117.7500 5.51522837e-02 0.0 0.0
117.8000 5.51822705e-02 0.0 0.0
117.8500 5.52122121e-02 0.0 0.0
117.9000 5.52421085e-02 0.0 0.0
117.9500 5.52719596e-02 0.0 0.0
118.0000 5.53017652e-02 0.0 0.0
118.0500 5.53315254e-02 0.0 0.0
118.1000 5.53612400e-02 0.0 0.0
118.1500 5.53909089e-02 0.0 0.0
118.2000 5.54205321e-02 0.0 0.0
118.2500 5.54501094e-02 0.0 0.0
118.3000 5.54796407e-02 0.0 0.0
118.3500 5.55091261e-02 0.0 0.0
118.4000 5.55385652e-02 0.0 0.0
118.4500 5.55679582e-02 0.0 0.0
118.5000 5.55973049e-02 0.0 0.0
118.5500 5.56266051e-02 0.0 0.0
118.6000 5.56558589e-02 0.0 0.0
118.6500 5.56850661e-02 0.0 0.0
118.7000 5.57142266e-02 0.0 0.0
118.7500 5.57433404e-02 0.0 0.0
118.8000 5.57724073e-02 0.0 0.0
118.8500 5.58014273e-02 0.0 0.0
118.9000 5.58304003e-02 0.0 0.0
118.9500 5.58593261e-02 0.0 0.0
119.0000 5.58882048e-02 0.0 0.0
119.0500 5.59170362e-02 0.0 0.0
119.1000 5.59458201e-02 0.0 0.0
119.1500 5.59745567e-02 0.0 0.0
119.2000 5.60032456e-02 0.0 0.0
119.2500 5.60318870e-02 0.0 0.0
119.3000 5.60604805e-02 0.0 0.0
119.3500 5.60890263e-02 0.0 0.0
119.4000 5.61175242e-02 0.0 0.0
119.4500 5.61459740e-02 0.0 0.0
119.5000 5.61743758e-02 0.0 0.0
119.5500 5.62027295e-02 0.0 0.0
119.6000 5.62310348e-02 0.0 0.0
119.6500 5.62592918e-02 0.0 0.0
119.7000 5.62875004e-02 0.0 0.0
119.7500 5.63156605e-02 0.0 0.0
119.8000 5.63437719e-02 0.0 0.0
119.8500 5.63718347e-02 0.0 0.0
119.9000 5.63998487e-02 0.0 0.0
119.9500 5.64278138e-02 0.0 0.0
120.0000 5.64557299e-02 0.0 0.0
120.0500 5.64835971e-02 0.0 0.0
120.1000 5.65114151e-02 0.0 0.0
120.1500 5.65391838e-02 0.0 0.0
120.2000 5.65669033e-02 0.0 0.0
120.2500 5.65945734e-02 0.0 0.0
120.3000 5.66221941e-02 0.0 0.0
120.3500 5.66497652e-02 0.0 0.0
120.4000 5.66772866e-02 0.0 0.0
120.4500 5.67047583e-02 0.0 0.0
120.5000 5.67321802e-02 0.0 0.0
120.5500 5.67595522e-02 0.0 0.0
120.6000 5.67868743e-02 0.0 0.0
120.6500 5.68141462e-02 0.0 0.0
120.7000 5.68413680e-02 0.0 0.0
120.7500 5.68685396e-02 0.0 0.0
120.8000 5.68956608e-02 0.0 0.0
120.8500 5.69227317e-02 0.0 0.0
120.9000 5.69497521e-02 0.0 0.0
120.9500 5.69767218e-02 0.0 0.0
121.0000 5.70036410e-02 0.0 0.0
121.0500 5.70305094e-02 0.0 0.0
121.1000 5.70573269e-02 0.0 0.0
121.1500 5.70840936e-02 0.0 0.0
121.2000 5.71108093e-02 0.0 0.0
121.2500 5.71374739e-02 0.0 0.0
121.3000 5.71640873e-02 0.0 0.0
121.3500 5.71906495e-02 0.0 0.0
121.4000 5.72171604e-02 0.0 0.0
121.4500 5.72436198e-02 0.0 0.0
121.5000 5.72700278e-02 0.0 0.0
121.5500 5.72963842e-02 0.0 0.0
121.6000 5.73226890e-02 0.0 0.0
121.6500 5.73489420e-02 0.0 0.0
121.7000 5.73751432e-02 0.0 0.0
121.7500 5.74012925e-02 0.0 0.0
121.8000 5.74273898e-02 0.0 0.0
121.8500 5.74534350e-02 0.0 0.0
121.9000 5.74794281e-02 0.0 0.0
121.9500 5.75053690e-02 0.0 0.0
122.0000 5.75312576e-02 0.0 0.0
122.0500 5.75570937e-02 0.0 0.0
122.1000 5.75828774e-02 0.0 0.0
122.1500 5.76086086e-02 0.0 0.0
122.2000 5.76342871e-02 0.0 0.0
122.2500 5.76599129e-02 0.0 0.0
122.3000 5.76854859e-02 0.0 0.0
122.3500 5.77110061e-02 0.0 0.0
122.4000 5.77364733e-02 0.0 0.0
122.4500 5.77618874e-02 0.0 0.0
122.5000 5.77872484e-02 0.0 0.0
122.5500 5.78125563e-02 0.0 0.0
122.6000 5.78378109e-02 0.0 0.0
122.6500 5.78630121e-02 0.0 0.0
122.7000 5.78881599e-02 0.0 0.0
122.7500 5.79132541e-02 0.0 0.0
122.8000 5.79382948e-02 0.0 0.0
122.8500 5.79632818e-02 0.0 0.0
122.9000 5.79882151e-02 0.0 0.0
122.9500 5.80130945e-02 0.0 0.0
123.0000 5.80379201e-02 0.0 0.0
123.0500 5.80626916e-02 0.0 0.0
123.1000 5.80874091e-02 0.0 0.0
123.1500 5.81120725e-02 0.0 0.0
123.2000 5.81366816e-02 0.0 0.0
123.2500 5.81612364e-02 0.0 0.0
123.3000 5.81857369e-02 0.0 0.0
123.3500 5.82101829e-02 0.0 0.0
123.4000 5.82345744e-02 0.0 0.0
123.4500 5.82589113e-02 0.0 0.0
123.5000 5.82831935e-02 0.0 0.0
123.5500 5.83074209e-02 0.0 0.0
123.6000 5.83315935e-02 0.0 0.0
123.6500 5.83557112e-02 0.0 0.0
123.7000 5.83797739e-02 0.0 0.0
123.7500 5.84037816e-02 0.0 0.0
123.8000 5.84277341e-02 0.0 0.0
123.8500 5.84516313e-02 0.0 0.0
123.9000 5.84754733e-02 0.0 0.0
123.9500 5.84992600e-02 0.0 0.0
124.0000 5.85229911e-02 0.0 0.0
124.0500 5.85466668e-02 0.0 0.0
124.1000 5.85702869e-02 0.0 0.0
124.1500 5.85938513e-02 0.0 0.0
124.2000 5.86173599e-02 0.0 0.0
124.2500 5.86408127e-02 0.0 0.0
124.3000 5.86642097e-02 0.0 0.0
124.3500 5.86875507e-02 0.0 0.0
124.4000 5.87108356e-02 0.0 0.0
124.4500 5.87340644e-02 0.0 0.0
124.5000 5.87572370e-02 0.0 0.0
124.5500 5.87803534e-02 0.0 0.0
124.6000 5.88034134e-02 0.0 0.0
124.6500 5.88264170e-02 0.0 0.0
124.7000 5.88493642e-02 0.0 0.0
124.7500 5.88722548e-02 0.0 0.0
124.8000 5.88950887e-02 0.0 0.0
124.8500 5.89178659e-02 0.0 0.0
124.9000 5.89405864e-02 0.0 0.0
124.9500 5.89632500e-02 0.0 0.0
125.0000 5.89858567e-02 0.0 0.0
125.0500 5.90084064e-02 0.0 0.0
125.1000 5.90308991e-02 0.0 0.0
125.1500 5.90533346e-02 0.0 0.0
125.2000 5.90757129e-02 0.0 0.0
125.2500 5.90980339e-02 0.0 0.0
125.3000 5.91202976e-02 0.0 0.0
125.3500 5.91425039e-02 0.0 0.0
125.4000 5.91646526e-02 0.0 0.0
125.4500 5.91867438e-02 0.0 0.0
125.5000 5.92087774e-02 0.0 0.0
125.5500 5.92307532e-02 0.0 0.0
125.6000 5.92526713e-02 0.0 0.0
125.6500 5.92745316e-02 0.0 0.0
125.7000 5.92963339e-02 0.0 0.0
125.7500 5.93180782e-02 0.0 0.0
125.8000 5.93397645e-02 0.0 0.0
125.8500 5.93613927e-02 0.0 0.0
125.9000 5.93829626e-02 0.0 0.0
125.9500 5.94044743e-02 0.0 0.0
126.0000 5.94259277e-02 0.0 0.0
126.0500 5.94473227e-02 0.0 0.0
126.1000 5.94686592e-02 0.0 0.0
126.1500 5.94899371e-02 0.0 0.0
126.2000 5.95111565e-02 0.0 0.0
126.2500 5.95323172e-02 0.0 0.0
126.3000 5.95534191e-02 0.0 0.0
126.3500 5.95744623e-02 0.0 0.0
126.4000 5.95954465e-02 0.0 0.0
126.4500 5.96163719e-02 0.0 0.0
126.5000 5.96372382e-02 0.0 0.0
126.5500 5.96580454e-02 0.0 0.0
126.6000 5.96787935e-02 0.0 0.0
126.6500 5.96994823e-02 0.0 0.0
126.7000 5.97201119e-02 0.0 0.0
126.7500 5.97406822e-02 0.0 0.0
126.8000 5.97611930e-02 0.0 0.0
126.8500 5.97816443e-02 0.0 0.0
126.9000 5.98020361e-02 0.0 0.0
126.9500 5.98223683e-02 0.0 0.0
127.0000 5.98426409e-02 0.0 0.0
127.0500 5.98628536e-02 0.0 0.0
127.1000 5.98830066e-02 0.0 0.0
127.1500 5.99030997e-02 0.0 0.0
127.2000 5.99231329e-02 0.0 0.0
127.2500 5.99431061e-02 0.0 0.0
127.3000 5.99630192e-02 0.0 0.0
127.3500 5.99828722e-02 0.0 0.0
127.4000 6.00026649e-02 0.0 0.0
127.4500 6.00223975e-02 0.0 0.0
127.5000 6.00420697e-02 0.0 0.0
127.5500 6.00616815e-02 0.0 0.0
127.6000 6.00812329e-02 0.0 0.0
127.6500 6.01007238e-02 0.0 0.0
127.7000 6.01201540e-02 0.0 0.0
127.7500 6.01395237e-02 0.0 0.0
127.8000 6.01588327e-02 0.0 0.0
127.8500 6.01780809e-02 0.0 0.0
127.9000 6.01972682e-02 0.0 0.0
127.9500 6.02163947e-02 0.0 0.0
128.0000 6.02354603e-02 0.0 0.0
128.0500 6.02544648e-02 0.0 0.0
128.1000 6.02734082e-02 0.0 0.0
128.1500 6.02922906e-02 0.0 0.0
128.2000 6.03111117e-02 0.0 0.0
128.2500 6.03298716e-02 0.0 0.0
128.3000 6.03485701e-02 0.0 0.0
128.3500 6.03672073e-02 0.0 0.0
128.4000 6.03857831e-02 0.0 0.0
128.4500 6.04042973e-02 0.0 0.0
128.5000 6.04227500e-02 0.0 0.0
128.5500 6.04411411e-02 0.0 0.0
128.6000 6.04594705e-02 0.0 0.0
128.6500 6.04777382e-02 0.0 0.0
128.7000 6.04959440e-02 0.0 0.0
128.7500 6.05140881e-02 0.0 0.0
128.8000 6.05321702e-02 0.0 0.0
128.8500 6.05501903e-02 0.0 0.0
128.9000 6.05681484e-02 0.0 0.0
128.9500 6.05860444e-02 0.0 0.0
129.0000 6.06038783e-02 0.0 0.0
129.0500 6.06216499e-02 0.0 0.0
129.1000 6.06393593e-02 0.0 0.0
129.1500 6.06570064e-02 0.0 0.0
129.2000 6.06745911e-02 0.0 0.0
129.2500 6.06921134e-02 0.0 0.0
129.3000 6.07095732e-02 0.0 0.0
129.3500 6.07269704e-02 0.0 0.0
129.4000 6.07443050e-02 0.0 0.0
129.4500 6.07615770e-02 0.0 0.0
129.5000 6.07787862e-02 0.0 0.0
129.5500 6.07959327e-02 0.0 0.0
129.6000 6.08130163e-02 0.0 0.0
129.6500 6.08300370e-02 0.0 0.0
129.7000 6.08469949e-02 0.0 0.0
129.7500 6.08638897e-02 0.0 0.0
129.8000 6.08807214e-02 0.0 0.0
129.8500 6.08974901e-02 0.0 0.0
129.9000 6.09141956e-02 0.0 0.0
129.9500 6.09308378e-02 0.0 0.0
130.0000 6.09474168e-02 0.0 0.0
130.0500 6.09639325e-02 0.0 0.0
130.1000 6.09803848e-02 0.0 0.0
130.1500 6.09967737e-02 0.0 0.0
130.2000 6.10130991e-02 0.0 0.0
130.2500 6.10293609e-02 0.0 0.0
130.3000 6.10455592e-02 0.0 0.0
130.3500 6.10616938e-02 0.0 0.0
130.4000 6.10777647e-02 0.0 0.0
130.4500 6.10937718e-02 0.0 0.0
130.5000 6.11097152e-02 0.0 0.0
130.5500 6.11255947e-02 0.0 0.0
130.6000 6.11414103e-02 0.0 0.0
130.6500 6.11571619e-02 0.0 0.0
130.7000 6.11728496e-02 0.0 0.0
130.7500 6.11884731e-02 0.0 0.0
130.8000 6.12040326e-02 0.0 0.0
130.8500 6.12195279e-02 0.0 0.0
130.9000 6.12349590e-02 0.0 0.0
130.9500 6.12503258e-02 0.0 0.0
131.0000 6.12656283e-02 0.0 0.0
131.0500 6.12808664e-02 0.0 0.0
131.1000 6.12960401e-02 0.0 0.0
131.1500 6.13111494e-02 0.0 0.0
131.2000 6.13261941e-02 0.0 0.0
131.2500 6.13411743e-02 0.0 0.0
131.3000 6.13560898e-02 0.0 0.0
131.3500 6.13709407e-02 0.0 0.0
131.4000 6.13857269e-02 0.0 0.0
131.4500 6.14004484e-02 0.0 0.0
131.5000 6.14151050e-02 0.0 0.0
131.5500 6.14296968e-02 0.0 0.0
131.6000 6.14442236e-02 0.0 0.0
131.6500 6.14586855e-02 0.0 0.0
131.7000 6.14730825e-02 0.0 0.0
131.7500 6.14874143e-02 0.0 0.0
131.8000 6.15016811e-02 0.0 0.0
131.8500 6.15158828e-02 0.0 0.0
131.9000 6.15300192e-02 0.0 0.0
131.9500 6.15440904e-02 0.0 0.0
132.0000 6.15580964e-02 0.0 0.0
132.0500 6.15720370e-02 0.0 0.0
132.1000 6.15859123e-02 0.0 0.0
132.1500 6.15997221e-02 0.0 0.0
132.2000 6.16134665e-02 0.0 0.0
132.2500 6.16271453e-02 0.0 0.0
132.3000 6.16407586e-02 0.0 0.0
132.3500 6.16543064e-02 0.0 0.0
132.4000 6.16677884e-02 0.0 0.0
132.4500 6.16812048e-02 0.0 0.0
132.5000 6.16945555e-02 0.0 0.0
132.5500 6.17078404e-02 0.0 0.0
132.6000 6.17210594e-02 0.0 0.0
132.6500 6.17342127e-02 0.0 0.0
132.7000 6.17473000e-02 0.0 0.0
132.7500 6.17603213e-02 0.0 0.0
132.8000 6.17732767e-02 0.0 0.0
132.8500 6.17861660e-02 0.0 0.0
132.9000 6.17989893e-02 0.0 0.0
132.9500 6.18117464e-02 0.0 0.0
133.0000 6.18244374e-02 0.0 0.0
133.0500 6.18370622e-02 0.0 0.0
133.1000 6.18496207e-02 0.0 0.0
133.1500 6.18621130e-02 0.0 0.0
133.2000 6.18745389e-02 0.0 0.0
133.2500 6.18868985e-02 0.0 0.0
133.3000 6.18991916e-02 0.0 0.0
133.3500 6.19114183e-02 0.0 0.0
133.4000 6.19235786e-02 0.0 0.0
133.4500 6.19356723e-02 0.0 0.0
133.5000 6.19476994e-02 0.0 0.0
133.5500 6.19596599e-02 0.0 0.0
133.6000 6.19715538e-02 0.0 0.0
133.6500 6.19833809e-02 0.0 0.0
133.7000 6.19951414e-02 0.0 0.0
133.7500 6.20068351e-02 0.0 0.0
133.8000 6.20184620e-02 0.0 0.0
133.8500 6.20300220e-02 0.0 0.0
133.9000 6.20415152e-02 0.0 0.0
133.9500 6.20529414e-02 0.0 0.0
134.0000 6.20643007e-02 0.0 0.0
134.0500 6.20755930e-02 0.0 0.0
134.1000 6.20868183e-02 0.0 0.0
134.1500 6.20979765e-02 0.0 0.0
134.2000 6.21090676e-02 0.0 0.0
134.2500 6.21200916e-02 0.0 0.0
134.3000 6.21310484e-02 0.0 0.0
134.3500 6.21419379e-02 0.0 0.0
134.4000 6.21527602e-02 0.0 0.0
134.4500 6.21635153e-02 0.0 0.0
134.5000 6.21742030e-02 0.0 0.0
134.5500 6.21848233e-02 0.0 0.0
134.6000 6.21953763e-02 0.0 0.0
134.6500 6.22058618e-02 0.0 0.0
134.7000 6.22162799e-02 0.0 0.0
134.7500 6.22266305e-02 0.0 0.0
134.8000 6.22369135e-02 0.0 0.0
134.8500 6.22471290e-02 0.0 0.0
134.9000 6.22572769e-02 0.0 0.0
134.9500 6.22673572e-02 0.0 0.0
135.0000 6.22773698e-02 0.0 0.0
135.0500 6.22873147e-02 0.0 0.0
135.1000 6.22971918e-02 0.0 0.0
135.1500 6.23070012e-02 0.0 0.0
135.2000 6.23167428e-02 0.0 0.0
135.2500 6.23264166e-02 0.0 0.0
135.3000 6.23360225e-02 0.0 0.0
135.3500 6.23455605e-02 0.0 0.0
135.4000 6.23550306e-02 0.0 0.0
135.4500 6.23644328e-02 0.0 0.0
135.5000 6.23737669e-02 0.0 0.0
135.5500 6.23830331e-02 0.0 0.0
135.6000 6.23922312e-02 0.0 0.0
135.6500 6.24013612e-02 0.0 0.0
135.7000 6.24104231e-02 0.0 0.0
135.7500 6.24194168e-02 0.0 0.0
135.8000 6.24283424e-02 0.0 0.0
135.8500 6.24371998e-02 0.0 0.0
135.9000 6.24459890e-02 0.0 0.0
135.9500 6.24547099e-02 0.0 0.0
136.0000 6.24633625e-02 0.0 0.0
136.0500 6.24719469e-02 0.0 0.0
136.1000 6.24804628e-02 0.0 0.0
136.1500 6.24889104e-02 0.0 0.0
136.2000 6.24972896e-02 0.0 0.0
136.2500 6.25056004e-02 0.0 0.0
136.3000 6.25138427e-02 0.0 0.0
136.3500 6.25220165e-02 0.0 0.0
136.4000 6.25301219e-02 0.0 0.0
136.4500 6.25381587e-02 0.0 0.0
136.5000 6.25461269e-02 0.0 0.0
136.5500 6.25540265e-02 0.0 0.0
136.6000 6.25618575e-02 0.0 0.0
136.6500 6.25696199e-02 0.0 0.0
136.7000 6.25773136e-02 0.0 0.0
136.7500 6.25849386e-02 0.0 0.0
136.8000 6.25924949e-02 0.0 0.0
136.8500 6.25999825e-02 0.0 0.0
136.9000 6.26074013e-02 0.0 0.0
136.9500 6.26147513e-02 0.0 0.0
137.0000 6.26220324e-02 0.0 0.0
137.0500 6.26292448e-02 0.0 0.0
137.1000 6.26363883e-02 0.0 0.0
137.1500 6.26434628e-02 0.0 0.0
137.2000 6.26504685e-02 0.0 0.0
137.2500 6.26574052e-02 0.0 0.0
137.3000 6.26642730e-02 0.0 0.0
137.3500 6.26710718e-02 0.0 0.0
137.4000 6.26778016e-02 0.0 0.0
137.4500 6.26844623e-02 0.0 0.0
137.5000 6.26910540e-02 0.0 0.0
137.5500 6.26975767e-02 0.0 0.0
137.6000 6.27040302e-02 0.0 0.0
137.6500 6.27104146e-02 0.0 0.0
137.7000 6.27167299e-02 0.0 0.0
137.7500 6.27229761e-02 0.0 0.0
137.8000 6.27291530e-02 0.0 0.0
137.8500 6.27352608e-02 0.0 0.0
137.9000 6.27412993e-02 0.0 0.0
137.9500 6.27472686e-02 0.0 0.0
138.0000 6.27531687e-02 0.0 0.0
138.0500 6.27589994e-02 0.0 0.0
138.1000 6.27647609e-02 0.0 0.0
138.1500 6.27704531e-02 0.0 0.0
138.2000 6.27760759e-02 0.0 0.0
138.2500 6.27816293e-02 0.0 0.0
138.3000 6.27871134e-02 0.0 0.0
138.3500 6.27925281e-02 0.0 0.0
138.4000 6.27978734e-02 0.0 0.0
138.4500 6.28031493e-02 0.0 0.0
138.5000 6.28083557e-02 0.0 0.0
138.5500 6.28134926e-02 0.0 0.0
138.6000 6.28185601e-02 0.0 0.0
138.6500 6.28235581e-02 0.0 0.0
138.7000 6.28284866e-02 0.0 0.0
138.7500 6.28333455e-02 0.0 0.0
138.8000 6.28381349e-02 0.0 0.0
138.8500 6.28428547e-02 0.0 0.0
138.9000 6.28475050e-02 0.0 0.0
138.9500 6.28520857e-02 0.0 0.0
139.0000 6.28565967e-02 0.0 0.0
139.0500 6.28610382e-02 0.0 0.0
139.1000 6.28654100e-02 0.0 0.0
139.1500 6.28697121e-02 0.0 0.0
139.2000 6.28739446e-02 0.0 0.0
139.2500 6.28781074e-02 0.0 0.0
139.3000 6.28822005e-02 0.0 0.0
139.3500 6.28862239e-02 0.0 0.0
139.4000 6.28901776e-02 0.0 0.0
139.4500 6.28940615e-02 0.0 0.0
139.5000 6.28978757e-02 0.0 0.0
139.5500 6.29016201e-02 0.0 0.0
139.6000 6.29052948e-02 0.0 0.0
139.6500 6.29088997e-02 0.0 0.0
139.7000 6.29124347e-02 0.0 0.0
139.7500 6.29159000e-02 0.0 0.0
139.8000 6.29192954e-02 0.0 0.0
139.8500 6.29226211e-02 0.0 0.0
139.9000 6.29258768e-02 0.0 0.0
139.9500 6.29290628e-02 0.0 0.0
140.0000 6.29321788e-02 0.0 0.0
140.0500 6.29352250e-02 0.0 0.0
140.1000 6.29382013e-02 0.0 0.0
140.1500 6.29411077e-02 0.0 0.0
140.2000 6.29439442e-02 0.0 0.0
140.2500 6.29467108e-02 0.0 0.0
140.3000 6.29494074e-02 0.0 0.0
140.3500 6.29520342e-02 0.0 0.0
140.4000 6.29545910e-02 0.0 0.0
140.4500 6.29570778e-02 0.0 0.0
140.5000 6.29594947e-02 0.0 0.0
140.5500 6.29618416e-02 0.0 0.0
140.6000 6.29641185e-02 0.0 0.0
140.6500 6.29663255e-02 0.0 0.0
140.7000 6.29684625e-02 0.0 0.0
140.7500 6.29705294e-02 0.0 0.0
140.8000 6.29725264e-02 0.0 0.0
140.8500 6.29744534e-02 0.0 0.0
140.9000 6.29763103e-02 0.0 0.0
140.9500 6.29780973e-02 0.0 0.0
141.0000 6.29798142e-02 0.0 0.0
141.0500 6.29814610e-02 0.0 0.0
141.1000 6.29830379e-02 0.0 0.0
141.1500 6.29845446e-02 0.0 0.0
141.2000 6.29859814e-02 0.0 0.0
141.2500 6.29873480e-02 0.0 0.0
141.3000 6.29886447e-02 0.0 0.0
141.3500 6.29898712e-02 0.0 0.0
141.4000 6.29910277e-02 0.0 0.0
141.4500 6.29921141e-02 0.0 0.0
141.5000 6.29931305e-02 0.0 0.0
141.5500 6.29940767e-02 0.0 0.0
141.6000 6.29949529e-02 0.0 0.0
141.6500 6.29957590e-02 0.0 0.0
141.7000 6.29964951e-02 0.0 0.0
141.7500 6.29971610e-02 0.0 0.0
141.8000 6.29977568e-02 0.0 0.0
141.8500 6.29982826e-02 0.0 0.0
141.9000 6.29987382e-02 0.0 0.0
141.9500 6.29991237e-02 0.0 0.0
142.0000 6.29994392e-02 0.0 0.0
142.0500 6.29996845e-02 0.0 0.0
142.1000 6.29998598e-02 0.0 0.0
142.1500 6.29999649e-02 0.0 0.0
142.2000 6.30000000e-02 0.0 0.0
142.2500 6.29999649e-02 0.0 0.0
142.3000 6.29998598e-02 0.0 0.0
142.3500 6.29996845e-02 0.0 0.0
142.4000 6.29994392e-02 0.0 0.0
142.4500 6.29991237e-02 0.0 0.0
142.5000 6.29987382e-02 0.0 0.0
142.5500 6.29982826e-02 0.0 0.0
142.6000 6.29977568e-02 0.0 0.0
142.6500 6.29971610e-02 0.0 0.0
142.7000 6.29964951e-02 0.0 0.0
142.7500 6.29957590e-02 0.0 0.0
142.8000 6.29949529e-02 0.0 0.0
142.8500 6.29940767e-02 0.0 0.0
142.9000 6.29931305e-02 0.0 0.0
142.9500 6.29921141e-02 0.0 0.0
143.0000 6.29910277e-02 0.0 0.0
143.0500 6.29898712e-02 0.0 0.0
143.1000 6.29886447e-02 0.0 0.0
143.1500 6.29873480e-02 0.0 0.0
143.2000 6.29859814e-02 0.0 0.0
143.2500 6.29845446e-02 0.0 0.0
143.3000 6.29830379e-02 0.0 0.0
143.3500 6.29814610e-02 0.0 0.0
143.4000 6.29798142e-02 0.0 0.0
143.4500 6.29780973e-02 0.0 0.0
143.5000 6.29763103e-02 0.0 0.0
143.5500 6.29744534e-02 0.0 0.0
143.6000 6.29725264e-02 0.0 0.0
143.6500 6.29705294e-02 0.0 0.0
143.7000 6.29684625e-02 0.0 0.0
143.7500 6.29663255e-02 0.0 0.0
143.8000 6.29641185e-02 0.0 0.0
143.8500 6.29618416e-02 0.0 0.0
143.9000 6.29594947e-02 0.0 0.0
143.9500 6.29570778e-02 0.0 0.0
144.0000 6.29545910e-02 0.0 0.0
144.0500 6.29520342e-02 0.0 0.0
144.1000 6.29494074e-02 0.0 0.0
144.1500 6.29467108e-02 0.0 0.0
144.2000 6.29439442e-02 0.0 0.0
144.2500 6.29411077e-02 0.0 0.0
144.3000 6.29382013e-02 0.0 0.0
144.3500 6.29352250e-02 0.0 0.0
144.4000 6.29321788e-02 0.0 0.0
144.4500 6.29290628e-02 0.0 0.0
144.5000 6.29258768e-02 0.0 0.0
144.5500 6.29226211e-02 0.0 0.0
144.6000 6.29192954e-02 0.0 0.0
144.6500 6.29159000e-02 0.0 0.0
144.7000 6.29124347e-02 0.0 0.0
144.7500 6.29088997e-02 0.0 0.0
144.8000 6.29052948e-02 0.0 0.0
144.8500 6.29016201e-02 0.0 0.0
144.9000 6.28978757e-02 0.0 0.0
144.9500 6.28940615e-02 0.0 0.0
145.0000 6.28901776e-02 0.0 0.0
145.0500 6.28862239e-02 0.0 0.0
145.1000 6.28822005e-02 0.0 0.0
145.1500 6.28781074e-02 0.0 0.0
145.2000 6.28739446e-02 0.0 0.0
145.2500 6.28697121e-02 0.0 0.0
145.3000 6.28654100e-02 0.0 0.0
145.3500 6.28610382e-02 0.0 0.0
145.4000 6.28565967e-02 0.0 0.0
145.4500 6.28520857e-02 0.0 0.0
145.5000 6.28475050e-02 0.0 0.0
145.5500 6.28428547e-02 0.0 0.0
145.6000 6.28381349e-02 0.0 0.0
145.6500 6.28333455e-02 0.0 0.0
145.7000 6.28284866e-02 0.0 0.0
145.7500 6.28235581e-02 0.0 0.0
145.8000 6.28185601e-02 0.0 0.0
145.8500 6.28134926e-02 0.0 0.0
145.9000 6.28083557e-02 0.0 0.0
145.9500 6.28031493e-02 0.0 0.0
146.0000 6.27978734e-02 0.0 0.0
146.0500 6.27925281e-02 0.0 0.0
146.1000 6.27871134e-02 0.0 0.0
146.1500 6.27816293e-02 0.0 0.0
146.2000 6.27760759e-02 0.0 0.0
146.2500 6.27704531e-02 0.0 0.0
146.3000 6.27647609e-02 0.0 0.0
146.3500 6.27589994e-02 0.0 0.0
146.4000 6.27531687e-02 0.0 0.0
146.4500 6.27472686e-02 0.0 0.0
146.5000 6.27412993e-02 0.0 0.0
146.5500 6.27352608e-02 0.0 0.0
146.6000 6.27291530e-02 0.0 0.0
146.6500 6.27229761e-02 0.0 0.0
146.7000 6.27167299e-02 0.0 0.0
146.7500 6.27104146e-02 0.0 0.0
146.8000 6.27040302e-02 0.0 0.0
146.8500 6.26975767e-02 0.0 0.0
146.9000 6.26910540e-02 0.0 0.0
146.9500 6.26844623e-02 0.0 0.0
147.0000 6.26778016e-02 0.0 0.0
147.0500 6.26710718e-02 0.0 0.0
147.1000 6.26642730e-02 0.0 0.0
147.1500 6.26574052e-02 0.0 0.0
147.2000 6.26504685e-02 0.0 0.0
147.2500 6.26434628e-02 0.0 0.0
147.3000 6.26363883e-02 0.0 0.0
147.3500 6.26292448e-02 0.0 0.0
147.4000 6.26220324e-02 0.0 0.0
147.4500 6.26147513e-02 0.0 0.0
147.5000 6.26074013e-02 0.0 0.0
147.5500 6.25999825e-02 0.0 0.0
147.6000 6.25924949e-02 0.0 0.0
147.6500 6.25849386e-02 0.0 0.0
147.7000 6.25773136e-02 0.0 0.0
147.7500 6.25696199e-02 0.0 0.0
147.8000 6.25618575e-02 0.0 0.0
147.8500 6.25540265e-02 0.0 0.0
147.9000 6.25461269e-02 0.0 0.0
147.9500 6.25381587e-02 0.0 0.0
148.0000 6.25301219e-02 0.0 0.0
148.0500 6.25220165e-02 0.0 0.0
148.1000 6.25138427e-02 0.0 0.0
148.1500 6.25056004e-02 0.0 0.0
148.2000 6.24972896e-02 0.0 0.0
148.2500 6.24889104e-02 0.0 0.0
148.3000 6.24804628e-02 0.0 0.0
148.3500 6.24719469e-02 0.0 0.0
148.4000 6.24633625e-02 0.0 0.0
148.4500 6.24547099e-02 0.0 0.0
148.5000 6.24459890e-02 0.0 0.0
148.5500 6.24371998e-02 0.0 0.0
148.6000 6.24283424e-02 0.0 0.0
148.6500 6.24194168e-02 0.0 0.0
148.7000 6.24104231e-02 0.0 0.0
148.7500 6.24013612e-02 0.0 0.0
148.8000 6.23922312e-02 0.0 0.0
148.8500 6.23830331e-02 0.0 0.0
148.9000 6.23737669e-02 0.0 0.0
148.9500 6.23644328e-02 0.0 0.0
149.0000 6.23550306e-02 0.0 0.0
149.0500 6.23455605e-02 0.0 0.0
149.1000 6.23360225e-02 0.0 0.0
149.1500 6.23264166e-02 0.0 0.0
149.2000 6.23167428e-02 0.0 0.0
149.2500 6.23070012e-02 0.0 0.0
149.3000 6.22971918e-02 0.0 0.0
149.3500 6.22873147e-02 0.0 0.0
149.4000 6.22773698e-02 0.0 0.0
149.4500 6.22673572e-02 0.0 0.0
149.5000 6.22572769e-02 0.0 0.0
149.5500 6.22471290e-02 0.0 0.0
149.6000 6.22369135e-02 0.0 0.0
149.6500 6.22266305e-02 0.0 0.0
149.7000 6.22162799e-02 0.0 0.0
149.7500 6.22058618e-02 0.0 0.0
149.8000 6.21953763e-02 0.0 0.0
149.8500 6.21848233e-02 0.0 0.0
149.9000 6.21742030e-02 0.0 0.0
149.9500 6.21635153e-02 0.0 0.0
150.0000 6.21527602e-02 0.0 0.0
150.0500 6.21419379e-02 0.0 0.0
150.1000 6.21310484e-02 0.0 0.0
150.1500 6.21200916e-02 0.0 0.0
150.2000 6.21090676e-02 0.0 0.0
150.2500 6.20979765e-02 0.0 0.0
150.3000 6.20868183e-02 0.0 0.0
150.3500 6.20755930e-02 0.0 0.0
150.4000 6.20643007e-02 0.0 0.0
150.4500 6.20529414e-02 0.0 0.0
150.5000 6.20415152e-02 0.0 0.0
150.5500 6.20300220e-02 0.0 0.0
150.6000 6.20184620e-02 0.0 0.0
150.6500 6.20068351e-02 0.0 0.0
150.7000 6.19951414e-02 0.0 0.0
150.7500 6.19833809e-02 0.0 0.0
150.8000 6.19715538e-02 0.0 0.0
150.8500 6.19596599e-02 0.0 0.0
150.9000 6.19476994e-02 0.0 0.0
150.9500 6.19356723e-02 0.0 0.0
151.0000 6.19235786e-02 0.0 0.0
151.0500 6.19114183e-02 0.0 0.0
151.1000 6.18991916e-02 0.0 0.0
151.1500 6.18868985e-02 0.0 0.0
151.2000 6.18745389e-02 0.0 0.0
151.2500 6.18621130e-02 0.0 0.0
151.3000 6.18496207e-02 0.0 0.0
151.3500 6.18370622e-02 0.0 0.0
151.4000 6.18244374e-02 0.0 0.0
151.4500 6.18117464e-02 0.0 0.0
151.5000 6.17989893e-02 0.0 0.0
151.5500 6.17861660e-02 0.0 0.0
151.6000 6.17732767e-02 0.0 0.0
151.6500 6.17603213e-02 0.0 0.0
151.7000 6.17473000e-02 0.0 0.0
151.7500 6.17342127e-02 0.0 0.0
151.8000 6.17210594e-02 0.0 0.0
151.8500 6.17078404e-02 0.0 0.0
151.9000 6.16945555e-02 0.0 0.0
151.9500 6.16812048e-02 0.0 0.0
152.0000 6.16677884e-02 0.0 0.0
152.0500 6.16543064e-02 0.0 0.0
152.1000 6.16407586e-02 0.0 0.0
152.1500 6.16271453e-02 0.0 0.0
152.2000 6.16134665e-02 0.0 0.0
152.2500 6.15997221e-02 0.0 0.0
152.3000 6.15859123e-02 0.0 0.0
152.3500 6.15720370e-02 0.0 0.0
152.4000 6.15580964e-02 0.0 0.0
152.4500 6.15440904e-02 0.0 0.0
152.5000 6.15300192e-02 0.0 0.0
152.5500 6.15158828e-02 0.0 0.0
152.6000 6.15016811e-02 0.0 0.0
152.6500 6.14874143e-02 0.0 0.0
152.7000 6.14730825e-02 0.0 0.0
152.7500 6.14586855e-02 0.0 0.0
152.8000 6.14442236e-02 0.0 0.0
152.8500 6.14296968e-02 0.0 0.0
152.9000 6.14151050e-02 0.0 0.0
152.9500 6.14004484e-02 0.0 0.0
153.0000 6.13857269e-02 0.0 0.0
153.0500 6.13709407e-02 0.0 0.0
153.1000 6.13560898e-02 0.0 0.0
153.1500 6.13411743e-02 0.0 0.0
153.2000 6.13261941e-02 0.0 0.0
153.2500 6.13111494e-02 0.0 0.0
153.3000 6.12960401e-02 0.0 0.0
153.3500 6.12808664e-02 0.0 0.0
153.4000 6.12656283e-02 0.0 0.0
153.4500 6.12503258e-02 0.0 0.0
153.5000 6.12349590e-02 0.0 0.0
153.5500 6.12195279e-02 0.0 0.0
153.6000 6.12040326e-02 0.0 0.0
153.6500 6.11884731e-02 0.0 0.0
153.7000 6.11728496e-02 0.0 0.0
153.7500 6.11571619e-02 0.0 0.0
153.8000 6.11414103e-02 0.0 0.0
153.8500 6.11255947e-02 0.0 0.0
153.9000 6.11097152e-02 0.0 0.0
153.9500 6.10937718e-02 0.0 0.0
154.0000 6.10777647e-02 0.0 0.0
154.0500 6.10616938e-02 0.0 0.0
154.1000 6.10455592e-02 0.0 0.0
154.1500 6.10293609e-02 0.0 0.0
154.2000 6.10130991e-02 0.0 0.0
154.2500 6.09967737e-02 0.0 0.0
154.3000 6.09803848e-02 0.0 0.0
154.3500 6.09639325e-02 0.0 0.0
154.4000 6.09474168e-02 0.0 0.0
154.4500 6.09308378e-02 0.0 0.0
154.5000 6.09141956e-02 0.0 0.0
154.5500 6.08974901e-02 0.0 0.0
154.6000 6.08807214e-02 0.0 0.0
154.6500 6.08638897e-02 0.0 0.0
154.7000 6.08469949e-02 0.0 0.0
154.7500 6.08300370e-02 0.0 0.0
154.8000 6.08130163e-02 0.0 0.0
154.8500 6.07959327e-02 0.0 0.0
154.9000 6.07787862e-02 0.0 0.0
154.9500 6.07615770e-02 0.0 0.0
155.0000 6.07443050e-02 0.0 0.0
155.0500 6.07269704e-02 0.0 0.0
155.1000 6.07095732e-02 0.0 0.0
155.1500 6.06921134e-02 0.0 0.0
155.2000 6.06745911e-02 0.0 0.0
155.2500 6.06570064e-02 0.0 0.0
155.3000 6.06393593e-02 0.0 0.0
155.3500 6.06216499e-02 0.0 0.0
155.4000 6.06038783e-02 0.0 0.0
155.4500 6.05860444e-02 0.0 0.0
155.5000 6.05681484e-02 0.0 0.0
155.5500 6.05501903e-02 0.0 0.0
155.6000 6.05321702e-02 0.0 0.0
155.6500 6.05140881e-02 0.0 0.0
155.7000 6.04959440e-02 0.0 0.0
155.7500 6.04777382e-02 0.0 0.0
155.8000 6.04594705e-02 0.0 0.0
155.8500 6.04411411e-02 0.0 0.0
155.9000 6.04227500e-02 0.0 0.0
155.9500 6.04042973e-02 0.0 0.0
156.0000 6.03857831e-02 0.0 0.0
156.0500 6.03672073e-02 0.0 0.0
156.1000 6.03485701e-02 0.0 0.0
156.1500 6.03298716e-02 0.0 0.0
156.2000 6.03111117e-02 0.0 0.0
156.2500 6.02922906e-02 0.0 0.0
156.3000 6.02734082e-02 0.0 0.0
156.3500 6.02544648e-02 0.0 0.0
156.4000 6.02354603e-02 0.0 0.0
156.4500 6.02163947e-02 0.0 0.0
156.5000 6.01972682e-02 0.0 0.0
156.5500 6.01780809e-02 0.0 0.0
156.6000 6.01588327e-02 0.0 0.0
156.6500 6.01395237e-02 0.0 0.0
156.7000 6.01201540e-02 0.0 0.0
156.7500 6.01007238e-02 0.0 0.0
156.8000 6.00812329e-02 0.0 0.0
156.8500 6.00616815e-02 0.0 0.0
156.9000 6.00420697e-02 0.0 0.0
156.9500 6.00223975e-02 0.0 0.0
157.0000 6.00026649e-02 0.0 0.0
157.0500 5.99828722e-02 0.0 0.0
157.1000 5.99630192e-02 0.0 0.0
157.1500 5.99431061e-02 0.0 0.0
157.2000 5.99231329e-02 0.0 0.0
157.2500 5.99030997e-02 0.0 0.0
157.3000 5.98830066e-02 0.0 0.0
157.3500 5.98628536e-02 0.0 0.0
157.4000 5.98426409e-02 0.0 0.0
157.4500 5.98223683e-02 0.0 0.0
157.5000 5.98020361e-02 0.0 0.0
157.5500 5.97816443e-02 0.0 0.0
157.6000 5.97611930e-02 0.0 0.0
157.6500 5.97406822e-02 0.0 0.0
157.7000 5.97201119e-02 0.0 0.0
157.7500 5.96994823e-02 0.0 0.0
157.8000 5.96787935e-02 0.0 0.0
157.8500 5.96580454e-02 0.0 0.0
157.9000 5.96372382e-02 0.0 0.0
157.9500 5.96163719e-02 0.0 0.0
158.0000 5.95954465e-02 0.0 0.0
158.0500 5.95744623e-02 0.0 0.0
158.1000 5.95534191e-02 0.0 0.0
158.1500 5.95323172e-02 0.0 0.0
158.2000 5.95111565e-02 0.0 0.0
158.2500 5.94899371e-02 0.0 0.0
158.3000 5.94686592e-02 0.0 0.0
158.3500 5.94473227e-02 0.0 0.0
158.4000 5.94259277e-02 0.0 0.0
158.4500 5.94044743e-02 0.0 0.0
158.5000 5.93829626e-02 0.0 0.0
158.5500 5.93613927e-02 0.0 0.0
158.6000 5.93397645e-02 0.0 0.0
158.6500 5.93180782e-02 0.0 0.0
158.7000 5.92963339e-02 0.0 0.0
158.7500 5.92745316e-02 0.0 0.0
158.8000 5.92526713e-02 0.0 0.0
158.8500 5.92307532e-02 0.0 0.0
158.9000 5.92087774e-02 0.0 0.0
158.9500 5.91867438e-02 0.0 0.0
159.0000 5.91646526e-02 0.0 0.0
159.0500 5.91425039e-02 0.0 0.0
159.1000 5.91202976e-02 0.0 0.0
159.1500 5.90980339e-02 0.0 0.0
159.2000 5.90757129e-02 0.0 0.0
159.2500 5.90533346e-02 0.0 0.0
159.3000 5.90308991e-02 0.0 0.0
159.3500 5.90084064e-02 0.0 0.0
159.4000 5.89858567e-02 0.0 0.0
159.4500 5.89632500e-02 0.0 0.0
159.5000 5.89405864e-02 0.0 0.0
159.5500 5.89178659e-02 0.0 0.0
159.6000 5.88950887e-02 0.0 0.0
159.6500 5.88722548e-02 0.0 0.0
159.7000 5.88493642e-02 0.0 0.0
159.7500 5.88264170e-02 0.0 0.0
159.8000 5.88034134e-02 0.0 0.0
159.8500 5.87803534e-02 0.0 0.0
159.9000 5.87572370e-02 0.0 0.0
159.9500 5.87340644e-02 0.0 0.0
160.0000 5.87108356e-02 0.0 0.0
160.0500 5.86875507e-02 0.0 0.0
160.1000 5.86642097e-02 0.0 0.0
160.1500 5.86408127e-02 0.0 0.0
160.2000 5.86173599e-02 0.0 0.0
160.2500 5.85938513e-02 0.0 0.0
160.3000 5.85702869e-02 0.0 0.0
160.3500 5.85466668e-02 0.0 0.0
160.4000 5.85229911e-02 0.0 0.0
160.4500 5.84992600e-02 0.0 0.0
160.5000 5.84754733e-02 0.0 0.0
160.5500 5.84516313e-02 0.0 0.0
160.6000 5.84277341e-02 0.0 0.0
160.6500 5.84037816e-02 0.0 0.0
160.7000 5.83797739e-02 0.0 0.0
160.7500 5.83557112e-02 0.0 0.0
160.8000 5.83315935e-02 0.0 0.0
160.8500 5.83074209e-02 0.0 0.0
160.9000 5.82831935e-02 0.0 0.0
160.9500 5.82589113e-02 0.0 0.0
161.0000 5.82345744e-02 0.0 0.0
161.0500 5.82101829e-02 0.0 0.0
161.1000 5.81857369e-02 0.0 0.0
161.1500 5.81612364e-02 0.0 0.0
161.2000 5.81366816e-02 0.0 0.0
161.2500 5.81120725e-02 0.0 0.0
161.3000 5.80874091e-02 0.0 0.0
161.3500 5.80626916e-02 0.0 0.0
161.4000 5.80379201e-02 0.0 0.0
161.4500 5.80130945e-02 0.0 0.0
161.5000 5.79882151e-02 0.0 0.0
161.5500 5.79632818e-02 0.0 0.0
161.6000 5.79382948e-02 0.0 0.0
161.6500 5.79132541e-02 0.0 0.0
161.7000 5.78881599e-02 0.0 0.0
161.7500 5.78630121e-02 0.0 0.0
161.8000 5.78378109e-02 0.0 0.0
161.8500 5.78125563e-02 0.0 0.0
161.9000 5.77872484e-02 0.0 0.0
161.9500 5.77618874e-02 0.0 0.0
162.0000 5.77364733e-02 0.0 0.0
162.0500 5.77110061e-02 0.0 0.0
162.1000 5.76854859e-02 0.0 0.0
162.1500 5.76599129e-02 0.0 0.0
162.2000 5.76342871e-02 0.0 0.0
162.2500 5.76086086e-02 0.0 0.0
162.3000 5.75828774e-02 0.0 0.0
162.3500 5.75570937e-02 0.0 0.0
162.4000 5.75312576e-02 0.0 0.0
162.4500 5.75053690e-02 0.0 0.0
162.5000 5.74794281e-02 0.0 0.0
162.5500 5.74534350e-02 0.0 0.0
162.6000 5.74273898e-02 0.0 0.0
162.6500 5.74012925e-02 0.0 0.0
162.7000 5.73751432e-02 0.0 0.0
162.7500 5.73489420e-02 0.0 0.0
162.8000 5.73226890e-02 0.0 0.0
162.8500 5.72963842e-02 0.0 0.0
162.9000 5.72700278e-02 0.0 0.0
162.9500 5.72436198e-02 0.0 0.0
163.0000 5.72171604e-02 0.0 0.0
163.0500 5.71906495e-02 0.0 0.0
163.1000 5.71640873e-02 0.0 0.0
163.1500 5.71374739e-02 0.0 0.0
163.2000 5.71108093e-02 0.0 0.0
163.2500 5.70840936e-02 0.0 0.0
163.3000 5.70573269e-02 0.0 0.0
163.3500 5.70305094e-02 0.0 0.0
163.4000 5.70036410e-02 0.0 0.0
163.4500 5.69767218e-02 0.0 0.0
163.5000 5.69497521e-02 0.0 0.0
163.5500 5.69227317e-02 0.0 0.0
163.6000 5.68956608e-02 0.0 0.0
163.6500 5.68685396e-02 0.0 0.0
163.7000 5.68413680e-02 0.0 0.0
163.7500 5.68141462e-02 0.0 0.0
163.8000 5.67868743e-02 0.0 0.0
163.8500 5.67595522e-02 0.0 0.0
163.9000 5.67321802e-02 0.0 0.0
163.9500 5.67047583e-02 0.0 0.0
164.0000 5.66772866e-02 0.0 0.0
164.0500 5.66497652e-02 0.0 0.0
164.1000 5.66221941e-02 0.0 0.0
164.1500 5.65945734e-02 0.0 0.0
164.2000 5.65669033e-02 0.0 0.0
164.2500 5.65391838e-02 0.0 0.0
164.3000 5.65114151e-02 0.0 0.0
164.3500 5.64835971e-02 0.0 0.0
164.4000 5.64557299e-02 0.0 0.0
164.4500 5.64278138e-02 0.0 0.0
164.5000 5.63998487e-02 0.0 0.0
164.5500 5.63718347e-02 0.0 0.0
164.6000 5.63437719e-02 0.0 0.0
164.6500 5.63156605e-02 0.0 0.0
164.7000 5.62875004e-02 0.0 0.0
164.7500 5.62592918e-02 0.0 0.0
164.8000 5.62310348e-02 0.0 0.0
164.8500 5.62027295e-02 0.0 0.0
164.9000 5.61743758e-02 0.0 0.0
164.9500 5.61459740e-02 0.0 0.0
165.0000 5.61175242e-02 0.0 0.0
165.0500 5.60890263e-02 0.0 0.0
165.1000 5.60604805e-02 0.0 0.0
165.1500 5.60318870e-02 0.0 0.0
165.2000 5.60032456e-02 0.0 0.0
165.2500 5.59745567e-02 0.0 0.0
165.3000 5.59458201e-02 0.0 0.0
165.3500 5.59170362e-02 0.0 0.0
165.4000 5.58882048e-02 0.0 0.0
165.4500 5.58593261e-02 0.0 0.0
165.5000 5.58304003e-02 0.0 0.0
165.5500 5.58014273e-02 0.0 0.0
165.6000 5.57724073e-02 0.0 0.0
165.6500 5.57433404e-02 0.0 0.0
165.7000 5.57142266e-02 0.0 0.0
165.7500 5.56850661e-02 0.0 0.0
165.8000 5.56558589e-02 0.0 0.0
165.8500 5.56266051e-02 0.0 0.0
165.9000 5.55973049e-02 0.0 0.0
165.9500 5.55679582e-02 0.0 0.0
166.0000 5.55385652e-02 0.0 0.0
166.0500 5.55091261e-02 0.0 0.0
166.1000 5.54796407e-02 0.0 0.0
166.1500 5.54501094e-02 0.0 0.0
166.2000 5.54205321e-02 0.0 0.0
166.2500 5.53909089e-02 0.0 0.0
166.3000 5.53612400e-02 0.0 0.0
166.3500 5.53315254e-02 0.0 0.0
166.4000 5.53017652e-02 0.0 0.0
166.4500 5.52719596e-02 0.0 0.0
166.5000 5.52421085e-02 0.0 0.0
166.5500 5.52122121e-02 0.0 0.0
166.6000 5.51822705e-02 0.0 0.0
166.6500 5.51522837e-02 0.0 0.0
166.7000 5.51222519e-02 0.0 0.0
166.7500 5.50921752e-02 0.0 0.0
166.8000 5.50620536e-02 0.0 0.0
166.8500 5.50318872e-02 0.0 0.0
166.9000 5.50016762e-02 0.0 0.0
166.9500 5.49714205e-02 0.0 0.0
167.0000 5.49411204e-02 0.0 0.0
167.0500 5.49107759e-02 0.0 0.0
167.1000 5.48803871e-02 0.0 0.0
167.1500 5.48499541e-02 0.0 0.0
167.2000 5.48194769e-02 0.0 0.0
167.2500 5.47889557e-02 0.0 0.0
167.3000 5.47583906e-02 0.0 0.0
167.3500 5.47277817e-02 0.0 0.0
167.4000 5.46971289e-02 0.0 0.0
167.4500 5.46664326e-02 0.0 0.0
167.5000 5.46356926e-02 0.0 0.0
167.5500 5.46049092e-02 0.0 0.0
167.6000 5.45740824e-02 0.0 0.0
167.6500 5.45432123e-02 0.0 0.0
167.7000 5.45122990e-02 0.0 0.0
167.7500 5.44813426e-02 0.0 0.0
167.8000 5.44503432e-02 0.0 0.0
167.8500 5.44193009e-02 0.0 0.0
167.9000 5.43882158e-02 0.0 0.0
167.9500 5.43570880e-02 0.0 0.0
168.0000 5.43259175e-02 0.0 0.0
168.0500 5.42947044e-02 0.0 0.0
168.1000 5.42634490e-02 0.0 0.0
168.1500 5.42321511e-02 0.0 0.0
168.2000 5.42008110e-02 0.0 0.0
168.2500 5.41694288e-02 0.0 0.0
168.3000 5.41380045e-02 0.0 0.0
168.3500 5.41065382e-02 0.0 0.0
168.4000 5.40750300e-02 0.0 0.0
168.4500 5.40434800e-02 0.0 0.0
168.5000 5.40118884e-02 0.0 0.0
168.5500 5.39802551e-02 0.0 0.0
168.6000 5.39485804e-02 0.0 0.0
168.6500 5.39168642e-02 0.0 0.0
168.7000 5.38851067e-02 0.0 0.0
168.7500 5.38533080e-02 0.0 0.0
168.8000 5.38214682e-02 0.0 0.0
168.8500 5.37895874e-02 0.0 0.0
168.9000 5.37576656e-02 0.0 0.0
168.9500 5.37257030e-02 0.0 0.0
169.0000 5.36936996e-02 0.0 0.0
169.0500 5.36616556e-02 0.0 0.0
169.1000 5.36295711e-02 0.0 0.0
169.1500 5.35974461e-02 0.0 0.0
169.2000 5.35652807e-02 0.0 0.0
169.2500 5.35330751e-02 0.0 0.0
169.3000 5.35008293e-02 0.0 0.0
169.3500 5.34685434e-02 0.0 0.0
169.4000 5.34362175e-02 0.0 0.0
169.4500 5.34038518e-02 0.0 0.0
169.5000 5.33714463e-02 0.0 0.0
169.5500 5.33390011e-02 0.0 0.0
169.6000 5.33065163e-02 0.0 0.0
169.6500 5.32739920e-02 0.0 0.0
169.7000 5.32414284e-02 0.0 0.0
169.7500 5.32088254e-02 0.0 0.0
169.8000 5.31761832e-02 0.0 0.0
169.8500 5.31435019e-02 0.0 0.0
169.9000 5.31107816e-02 0.0 0.0
169.9500 5.30780224e-02 0.0 0.0
170.0000 5.30452243e-02 0.0 0.0
170.0500 5.30123876e-02 0.0 0.0
170.1000 5.29795122e-02 0.0 0.0
170.1500 5.29465983e-02 0.0 0.0
170.2000 5.29136459e-02 0.0 0.0
170.2500 5.28806552e-02 0.0 0.0
170.3000 5.28476263e-02 0.0 0.0
170.3500 5.28145593e-02 0.0 0.0
170.4000 5.27814542e-02 0.0 0.0
170.4500 5.27483112e-02 0.0 0.0
170.5000 5.27151303e-02 0.0 0.0
170.5500 5.26819117e-02 0.0 0.0
170.6000 5.26486554e-02 0.0 0.0
170.6500 5.26153616e-02 0.0 0.0
170.7000 5.25820303e-02 0.0 0.0
170.7500 5.25486616e-02 0.0 0.0
170.8000 5.25152557e-02 0.0 0.0
170.8500 5.24818127e-02 0.0 0.0
170.9000 5.24483326e-02 0.0 0.0
170.9500 5.24148155e-02 0.0 0.0
171.0000 5.23812615e-02 0.0 0.0
171.0500 5.23476708e-02 0.0 0.0
171.1000 5.23140434e-02 0.0 0.0
171.1500 5.22803795e-02 0.0 0.0
171.2000 5.22466790e-02 0.0 0.0
171.2500 5.22129422e-02 0.0 0.0
171.3000 5.21791691e-02 0.0 0.0
171.3500 5.21453599e-02 0.0 0.0
171.4000 5.21115145e-02 0.0 0.0
171.4500 5.20776332e-02 0.0 0.0
171.5000 5.20437160e-02 0.0 0.0
171.5500 5.20097630e-02 0.0 0.0
171.6000 5.19757744e-02 0.0 0.0
171.6500 5.19417501e-02 0.0 0.0
171.7000 5.19076904e-02 0.0 0.0
171.7500 5.18735952e-02 0.0 0.0
171.8000 5.18394648e-02 0.0 0.0
171.8500 5.18052992e-02 0.0 0.0
171.9000 5.17710986e-02 0.0 0.0
171.9500 5.17368629e-02 0.0 0.0
172.0000 5.17025923e-02 0.0 0.0
172.0500 5.16682869e-02 0.0 0.0
172.1000 5.16339469e-02 0.0 0.0
172.1500 5.15995723e-02 0.0 0.0
172.2000 5.15651631e-02 0.0 0.0
172.2500 5.15307196e-02 0.0 0.0
172.3000 5.14962418e-02 0.0 0.0
172.3500 5.14617297e-02 0.0 0.0
172.4000 5.14271836e-02 0.0 0.0
172.4500 5.13926035e-02 0.0 0.0
172.5000 5.13579895e-02 0.0 0.0
172.5500 5.13233417e-02 0.0 0.0
172.6000 5.12886602e-02 0.0 0.0
172.6500 5.12539452e-02 0.0 0.0
172.7000 5.12191966e-02 0.0 0.0
172.7500 5.11844146e-02 0.0 0.0
172.8000 5.11495993e-02 0.0 0.0
172.8500 5.11147509e-02 0.0 0.0
172.9000 5.10798693e-02 0.0 0.0
172.9500 5.10449547e-02 0.0 0.0
173.0000 5.10100073e-02 0.0 0.0
173.0500 5.09750271e-02 0.0 0.0
173.1000 5.09400141e-02 0.0 0.0
173.1500 5.09049686e-02 0.0 0.0
173.2000 5.08698906e-02 0.0 0.0
173.2500 5.08347801e-02 0.0 0.0
173.3000 5.07996374e-02 0.0 0.0
173.3500 5.07644625e-02 0.0 0.0
173.4000 5.07292555e-02 0.0 0.0
173.4500 5.06940165e-02 0.0 0.0
173.5000 5.06587457e-02 0.0 0.0
173.5500 5.06234430e-02 0.0 0.0
173.6000 5.05881087e-02 0.0 0.0
173.6500 5.05527427e-02 0.0 0.0
173.7000 5.05173453e-02 0.0 0.0
173.7500 5.04819165e-02 0.0 0.0
173.8000 5.04464564e-02 0.0 0.0
173.8500 5.04109651e-02 0.0 0.0
173.9000 5.03754427e-02 0.0 0.0
173.9500 5.03398894e-02 0.0 0.0
174.0000 5.03043052e-02 0.0 0.0
174.0500 5.02686901e-02 0.0 0.0
174.1000 5.02330444e-02 0.0 0.0
174.1500 5.01973682e-02 0.0 0.0
174.2000 5.01616614e-02 0.0 0.0
174.2500 5.01259243e-02 0.0 0.0
174.3000 5.00901569e-02 0.0 0.0
174.3500 5.00543593e-02 0.0 0.0
174.4000 5.00185317e-02 0.0 0.0
174.4500 4.99826741e-02 0.0 0.0
174.5000 4.99467866e-02 0.0 0.0
174.5500 4.99108693e-02 0.0 0.0
174.6000 4.98749224e-02 0.0 0.0
174.6500 4.98389459e-02 0.0 0.0
174.7000 4.98029399e-02 0.0 0.0
174.7500 4.97669046e-02 0.0 0.0
174.8000 4.97308400e-02 0.0 0.0
174.8500 4.96947463e-02 0.0 0.0
174.9000 4.96586234e-02 0.0 0.0
174.9500 4.96224717e-02 0.0 0.0
175.0000 4.95862911e-02 0.0 0.0
175.0500 4.95500817e-02 0.0 0.0
175.1000 4.95138436e-02 0.0 0.0
175.1500 4.94775771e-02 0.0 0.0
175.2000 4.94412820e-02 0.0 0.0
175.2500 4.94049586e-02 0.0 0.0
175.3000 4.93686070e-02 0.0 0.0
175.3500 4.93322272e-02 0.0 0.0
175.4000 4.92958194e-02 0.0 0.0
175.4500 4.92593837e-02 0.0 0.0
175.5000 4.92229201e-02 0.0 0.0
175.5500 4.91864287e-02 0.0 0.0
175.6000 4.91499097e-02 0.0 0.0
175.6500 4.91133632e-02 0.0 0.0
175.7000 4.90767893e-02 0.0 0.0
175.7500 4.90401880e-02 0.0 0.0
175.8000 4.90035595e-02 0.0 0.0
175.8500 4.89669039e-02 0.0 0.0
175.9000 4.89302212e-02 0.0 0.0
175.9500 4.88935116e-02 0.0 0.0
176.0000 4.88567752e-02 0.0 0.0
176.0500 4.88200121e-02 0.0 0.0
176.1000 4.87832223e-02 0.0 0.0
176.1500 4.87464061e-02 0.0 0.0
176.2000 4.87095634e-02 0.0 0.0
176.2500 4.86726944e-02 0.0 0.0
176.3000 4.86357992e-02 0.0 0.0
176.3500 4.85988779e-02 0.0 0.0
176.4000 4.85619305e-02 0.0 0.0
176.4500 4.85249573e-02 0.0 0.0
176.5000 4.84879583e-02 0.0 0.0
176.5500 4.84509336e-02 0.0 0.0
176.6000 4.84138832e-02 0.0 0.0
176.6500 4.83768074e-02 0.0 0.0
176.7000 4.83397062e-02 0.0 0.0
176.7500 4.83025797e-02 0.0 0.0
176.8000 4.82654280e-02 0.0 0.0
176.8500 4.82282512e-02 0.0 0.0
176.9000 4.81910494e-02 0.0 0.0
176.9500 4.81538227e-02 0.0 0.0
177.0000 4.81165713e-02 0.0 0.0
177.0500 4.80792951e-02 0.0 0.0
177.1000 4.80419944e-02 0.0 0.0
177.1500 4.80046692e-02 0.0 0.0
177.2000 4.79673197e-02 0.0 0.0
177.2500 4.79299458e-02 0.0 0.0
177.3000 4.78925478e-02 0.0 0.0
177.3500 4.78551258e-02 0.0 0.0
177.4000 4.78176797e-02 0.0 0.0
177.4500 4.77802098e-02 0.0 0.0
177.5000 4.77427161e-02 0.0 0.0
177.5500 4.77051988e-02 0.0 0.0
177.6000 4.76676579e-02 0.0 0.0
177.6500 4.76300936e-02 0.0 0.0
177.7000 4.75925059e-02 0.0 0.0
177.7500 4.75548949e-02 0.0 0.0
177.8000 4.75172608e-02 0.0 0.0
177.8500 4.74796037e-02 0.0 0.0
177.9000 4.74419236e-02 0.0 0.0
177.9500 4.74042206e-02 0.0 0.0
178.0000 4.73664950e-02 0.0 0.0
178.0500 4.73287466e-02 0.0 0.0
178.1000 4.72909758e-02 0.0 0.0
178.1500 4.72531825e-02 0.0 0.0
178.2000 4.72153668e-02 0.0 0.0
178.2500 4.71775290e-02 0.0 0.0
178.3000 4.71396690e-02 0.0 0.0
178.3500 4.71017870e-02 0.0 0.0
178.4000 4.70638830e-02 0.0 0.0
178.4500 4.70259572e-02 0.0 0.0
178.5000 4.69880098e-02 0.0 0.0
178.5500 4.69500406e-02 0.0 0.0
178.6000 4.69120500e-02 0.0 0.0
178.6500 4.68740380e-02 0.0 0.0
178.7000 4.68360046e-02 0.0 0.0
178.7500 4.67979500e-02 0.0 0.0
178.8000 4.67598743e-02 0.0 0.0
178.8500 4.67217776e-02 0.0 0.0
178.9000 4.66836600e-02 0.0 0.0
178.9500 4.66455216e-02 0.0 0.0
179.0000 4.66073625e-02 0.0 0.0
179.0500 4.65691828e-02 0.0 0.0
179.1000 4.65309826e-02 0.0 0.0
179.1500 4.64927620e-02 0.0 0.0
179.2000 4.64545211e-02 0.0 0.0
179.2500 4.64162600e-02 0.0 0.0
179.3000 4.63779788e-02 0.0 0.0
179.3500 4.63396776e-02 0.0 0.0
179.4000 4.63013565e-02 0.0 0.0
179.4500 4.62630157e-02 0.0 0.0
179.5000 4.62246551e-02 0.0 0.0
179.5500 4.61862750e-02 0.0 0.0
179.6000 4.61478754e-02 0.0 0.0
179.6500 4.61094564e-02 0.0 0.0
179.7000 4.60710181e-02 0.0 0.0
179.7500 4.60325606e-02 0.0 0.0
179.8000 4.59940841e-02 0.0 0.0
179.8500 4.59555886e-02 0.0 0.0
179.9000 4.59170742e-02 0.0 0.0
179.9500 4.58785411e-02 0.0 0.0
180.0000 4.58399893e-02 0.0 0.0
180.0500 4.58014189e-02 0.0 0.0
180.1000 4.57628300e-02 0.0 0.0
180.1500 4.57242228e-02 0.0 0.0
180.2000 4.56855973e-02 0.0 0.0
180.2500 4.56469537e-02 0.0 0.0
180.3000 4.56082920e-02 0.0 0.0
180.3500 4.55696123e-02 0.0 0.0
180.4000 4.55309148e-02 0.0 0.0
180.4500 4.54921995e-02 0.0 0.0
180.5000 4.54534665e-02 0.0 0.0
180.5500 4.54147160e-02 0.0 0.0
180.6000 4.53759481e-02 0.0 0.0
180.6500 4.53371628e-02 0.0 0.0
180.7000 4.52983602e-02 0.0 0.0
180.7500 4.52595405e-02 0.0 0.0
180.8000 4.52207037e-02 0.0 0.0
180.8500 4.51818500e-02 0.0 0.0
180.9000 4.51429795e-02 0.0 0.0
180.9500 4.51040922e-02 0.0 0.0
181.0000 4.50651882e-02 0.0 0.0
181.0500 4.50262677e-02 0.0 0.0
181.1000 4.49873308e-02 0.0 0.0
181.1500 4.49483775e-02 0.0 0.0
181.2000 4.49094080e-02 0.0 0.0
181.2500 4.48704223e-02 0.0 0.0
181.3000 4.48314206e-02 0.0 0.0
181.3500 4.47924029e-02 0.0 0.0
181.4000 4.47533695e-02 0.0 0.0
181.4500 4.47143202e-02 0.0 0.0
181.5000 4.46752554e-02 0.0 0.0
181.5500 4.46361749e-02 0.0 0.0
181.6000 4.45970791e-02 0.0 0.0
181.6500 4.45579679e-02 0.0 0.0
181.7000 4.45188415e-02 0.0 0.0
181.7500 4.44797000e-02 0.0 0.0
181.8000 4.44405434e-02 0.0 0.0
181.8500 4.44013718e-02 0.0 0.0
181.9000 4.43621855e-02 0.0 0.0
181.9500 4.43229844e-02 0.0 0.0
182.0000 4.42837686e-02 0.0 0.0
182.0500 4.42445384e-02 0.0 0.0
182.1000 4.42052937e-02 0.0 0.0
182.1500 4.41660347e-02 0.0 0.0
182.2000 4.41267614e-02 0.0 0.0
182.2500 4.40874740e-02 0.0 0.0
182.3000 4.40481725e-02 0.0 0.0
182.3500 4.40088572e-02 0.0 0.0
182.4000 4.39695280e-02 0.0 0.0
182.4500 4.39301850e-02 0.0 0.0
182.5000 4.38908285e-02 0.0 0.0
182.5500 4.38514583e-02 0.0 0.0
182.6000 4.38120748e-02 0.0 0.0
182.6500 4.37726779e-02 0.0 0.0
182.7000 4.37332678e-02 0.0 0.0
182.7500 4.36938446e-02 0.0 0.0
182.8000 4.36544083e-02 0.0 0.0
182.8500 4.36149590e-02 0.0 0.0
182.9000 4.35754970e-02 0.0 0.0
182.9500 4.35360222e-02 0.0 0.0
183.0000 4.34965347e-02 0.0 0.0
183.0500 4.34570347e-02 0.0 0.0
183.1000 4.34175223e-02 0.0 0.0
183.1500 4.33779976e-02 0.0 0.0
183.2000 4.33384605e-02 0.0 0.0
183.2500 4.32989114e-02 0.0 0.0
183.3000 4.32593502e-02 0.0 0.0
183.3500 4.32197771e-02 0.0 0.0
183.4000 4.31801921e-02 0.0 0.0
183.4500 4.31405953e-02 0.0 0.0
183.5000 4.31009870e-02 0.0 0.0
183.5500 4.30613670e-02 0.0 0.0
183.6000 4.30217357e-02 0.0 0.0
183.6500 4.29820929e-02 0.0 0.0
183.7000 4.29424389e-02 0.0 0.0
183.7500 4.29027738e-02 0.0 0.0
183.8000 4.28630976e-02 0.0 0.0
183.8500 4.28234104e-02 0.0 0.0
183.9000 4.27837124e-02 0.0 0.0
183.9500 4.27440036e-02 0.0 0.0
184.0000 4.27042842e-02 0.0 0.0
184.0500 4.26645542e-02 0.0 0.0
184.1000 4.26248137e-02 0.0 0.0
184.1500 4.25850629e-02 0.0 0.0
184.2000 4.25453018e-02 0.0 0.0
184.2500 4.25055305e-02 0.0 0.0
184.3000 4.24657491e-02 0.0 0.0
184.3500 4.24259578e-02 0.0 0.0
184.4000 4.23861566e-02 0.0 0.0
184.4500 4.23463456e-02 0.0 0.0
184.5000 4.23065249e-02 0.0 0.0
184.5500 4.22666947e-02 0.0 0.0
184.6000 4.22268549e-02 0.0 0.0
184.6500 4.21870058e-02 0.0 0.0
184.7000 4.21471474e-02 0.0 0.0
184.7500 4.21072797e-02 0.0 0.0
184.8000 4.20674030e-02 0.0 0.0
184.8500 4.20275173e-02 0.0 0.0
184.9000 4.19876227e-02 0.0 0.0
184.9500 4.19477192e-02 0.0 0.0
185.0000 4.19078071e-02 0.0 0.0
185.0500 4.18678864e-02 0.0 0.0
185.1000 4.18279571e-02 0.0 0.0
185.1500 4.17880194e-02 0.0 0.0
185.2000 4.17480734e-02 0.0 0.0
185.2500 4.17081192e-02 0.0 0.0
185.3000 4.16681568e-02 0.0 0.0
185.3500 4.16281864e-02 0.0 0.0
185.4000 4.15882081e-02 0.0 0.0
185.4500 4.15482220e-02 0.0 0.0
185.5000 4.15082281e-02 0.0 0.0
185.5500 4.14682265e-02 0.0 0.0
185.6000 4.14282174e-02 0.0 0.0
185.6500 4.13882009e-02 0.0 0.0
185.7000 4.13481770e-02 0.0 0.0
185.7500 4.13081458e-02 0.0 0.0
185.8000 4.12681075e-02 0.0 0.0
185.8500 4.12280621e-02 0.0 0.0
185.9000 4.11880098e-02 0.0 0.0
185.9500 4.11479505e-02 0.0 0.0
186.0000 4.11078845e-02 0.0 0.0
186.0500 4.10678118e-02 0.0 0.0
186.1000 4.10277325e-02 0.0 0.0
186.1500 4.09876467e-02 0.0 0.0
186.2000 4.09475546e-02 0.0 0.0
186.2500 4.09074561e-02 0.0 0.0
186.3000 4.08673514e-02 0.0 0.0
186.3500 4.08272406e-02 0.0 0.0
186.4000 4.07871238e-02 0.0 0.0
186.4500 4.07470010e-02 0.0 0.0
186.5000 4.07068725e-02 0.0 0.0
186.5500 4.06667382e-02 0.0 0.0
186.6000 4.06265983e-02 0.0 0.0
186.6500 4.05864528e-02 0.0 0.0
186.7000 4.05463019e-02 0.0 0.0
186.7500 4.05061456e-02 0.0 0.0
186.8000 4.04659841e-02 0.0 0.0
186.8500 4.04258174e-02 0.0 0.0
186.9000 4.03856456e-02 0.0 0.0
186.9500 4.03454689e-02 0.0 0.0
187.0000 4.03052873e-02 0.0 0.0
187.0500 4.02651009e-02 0.0 0.0
187.1000 4.02249098e-02 0.0 0.0
187.1500 4.01847141e-02 0.0 0.0
187.2000 4.01445139e-02 0.0 0.0
187.2500 4.01043093e-02 0.0 0.0
187.3000 4.00641004e-02 0.0 0.0
187.3500 4.00238873e-02 0.0 0.0
187.4000 3.99836700e-02 0.0 0.0
187.4500 3.99434488e-02 0.0 0.0
187.5000 3.99032235e-02 0.0 0.0
187.5500 3.98629944e-02 0.0 0.0
187.6000 3.98227616e-02 0.0 0.0
187.6500 3.97825251e-02 0.0 0.0
187.7000 3.97422851e-02 0.0 0.0
187.7500 3.97020415e-02 0.0 0.0
187.8000 3.96617946e-02 0.0 0.0
187.8500 3.96215444e-02 0.0 0.0
187.9000 3.95812910e-02 0.0 0.0
187.9500 3.95410345e-02 0.0 0.0
188.0000 3.95007750e-02 0.0 0.0
188.0500 3.94605125e-02 0.0 0.0
188.1000 3.94202473e-02 0.0 0.0
188.1500 3.93799793e-02 0.0 0.0
188.2000 3.93397087e-02 0.0 0.0
188.2500 3.92994355e-02 0.0 0.0
188.3000 3.92591599e-02 0.0 0.0
188.3500 3.92188819e-02 0.0 0.0
188.4000 3.91786016e-02 0.0 0.0
188.4500 3.91383192e-02 0.0 0.0
188.5000 3.90980346e-02 0.0 0.0
188.5500 3.90577481e-02 0.0 0.0
188.6000 3.90174597e-02 0.0 0.0
188.6500 3.89771694e-02 0.0 0.0
188.7000 3.89368775e-02 0.0 0.0
188.7500 3.88965839e-02 0.0 0.0
188.8000 3.88562887e-02 0.0 0.0
188.8500 3.88159922e-02 0.0 0.0
188.9000 3.87756942e-02 0.0 0.0
188.9500 3.87353950e-02 0.0 0.0
189.0000 3.86950947e-02 0.0 0.0
189.0500 3.86547932e-02 0.0 0.0
189.1000 3.86144907e-02 0.0 0.0
189.1500 3.85741874e-02 0.0 0.0
189.2000 3.85338832e-02 0.0 0.0
189.2500 3.84935783e-02 0.0 0.0
189.3000 3.84532728e-02 0.0 0.0
189.3500 3.84129668e-02 0.0 0.0
189.4000 3.83726603e-02 0.0 0.0
189.4500 3.83323534e-02 0.0 0.0
189.5000 3.82920463e-02 0.0 0.0
189.5500 3.82517390e-02 0.0 0.0
189.6000 3.82114316e-02 0.0 0.0
189.6500 3.81711242e-02 0.0 0.0
189.7000 3.81308168e-02 0.0 0.0
189.7500 3.80905097e-02 0.0 0.0
189.8000 3.80502028e-02 0.0 0.0
189.8500 3.80098963e-02 0.0 0.0
189.9000 3.79695903e-02 0.0 0.0
189.9500 3.79292848e-02 0.0 0.0
190.0000 3.78889799e-02 0.0 0.0
190.0500 3.78486757e-02 0.0 0.0
190.1000 3.78083723e-02 0.0 0.0
190.1500 3.77680698e-02 0.0 0.0
190.2000 3.77277683e-02 0.0 0.0
190.2500 3.76874679e-02 0.0 0.0
190.3000 3.76471686e-02 0.0 0.0
190.3500 3.76068706e-02 0.0 0.0
190.4000 3.75665739e-02 0.0 0.0
190.4500 3.75262786e-02 0.0 0.0
190.5000 3.74859848e-02 0.0 0.0
190.5500 3.74456927e-02 0.0 0.0
190.6000 3.74054022e-02 0.0 0.0
190.6500 3.73651135e-02 0.0 0.0
190.7000 3.73248266e-02 0.0 0.0
190.7500 3.72845417e-02 0.0 0.0
190.8000 3.72442589e-02 0.0 0.0
190.8500 3.72039782e-02 0.0 0.0
190.9000 3.71636996e-02 0.0 0.0
190.9500 3.71234234e-02 0.0 0.0
191.0000 3.70831496e-02 0.0 0.0
191.0500 3.70428782e-02 0.0 0.0
191.1000 3.70026094e-02 0.0 0.0
191.1500 3.69623433e-02 0.0 0.0
191.2000 3.69220799e-02 0.0 0.0
191.2500 3.68818193e-02 0.0 0.0
191.3000 3.68415616e-02 0.0 0.0
191.3500 3.68013069e-02 0.0 0.0
191.4000 3.67610553e-02 0.0 0.0
191.4500 3.67208068e-02 0.0 0.0
191.5000 3.66805616e-02 0.0 0.0
191.5500 3.66403198e-02 0.0 0.0
191.6000 3.66000813e-02 0.0 0.0
191.6500 3.65598464e-02 0.0 0.0
191.7000 3.65196151e-02 0.0 0.0
191.7500 3.64793874e-02 0.0 0.0
191.8000 3.64391635e-02 0.0 0.0
191.8500 3.63989435e-02 0.0 0.0
191.9000 3.63587274e-02 0.0 0.0
191.9500 3.63185153e-02 0.0 0.0
192.0000 3.62783074e-02 0.0 0.0
192.0500 3.62381036e-02 0.0 0.0
192.1000 3.61979041e-02 0.0 0.0
192.1500 3.61577089e-02 0.0 0.0
192.2000 3.61175182e-02 0.0 0.0
192.2500 3.60773321e-02 0.0 0.0
192.3000 3.60371505e-02 0.0 0.0
192.3500 3.59969737e-02 0.0 0.0
192.4000 3.59568016e-02 0.0 0.0
192.4500 3.59166344e-02 0.0 0.0
192.5000 3.58764721e-02 0.0 0.0
192.5500 3.58363149e-02 0.0 0.0
192.6000 3.57961628e-02 0.0 0.0
192.6500 3.57560159e-02 0.0 0.0
192.7000 3.57158743e-02 0.0 0.0
192.7500 3.56757380e-02 0.0 0.0
192.8000 3.56356072e-02 0.0 0.0
192.8500 3.55954820e-02 0.0 0.0
192.9000 3.55553623e-02 0.0 0.0
192.9500 3.55152484e-02 0.0 0.0
193.0000 3.54751402e-02 0.0 0.0
193.0500 3.54350379e-02 0.0 0.0
193.1000 3.53949416e-02 0.0 0.0
193.1500 3.53548512e-02 0.0 0.0
193.2000 3.53147670e-02 0.0 0.0
193.2500 3.52746890e-02 0.0 0.0
193.3000 3.52346173e-02 0.0 0.0
193.3500 3.51945519e-02 0.0 0.0
193.4000 3.51544930e-02 0.0 0.0
193.4500 3.51144406e-02 0.0 0.0
193.5000 3.50743948e-02 0.0 0.0
193.5500 3.50343557e-02 0.0 0.0
193.6000 3.49943233e-02 0.0 0.0
193.6500 3.49542978e-02 0.0 0.0
193.7000 3.49142793e-02 0.0 0.0
193.7500 3.48742677e-02 0.0 0.0
193.8000 3.48342632e-02 0.0 0.0
193.8500 3.47942660e-02 0.0 0.0
193.9000 3.47542759e-02 0.0 0.0
193.9500 3.47142932e-02 0.0 0.0
194.0000 3.46743179e-02 0.0 0.0
194.0500 3.46343501e-02 0.0 0.0
194.1000 3.45943899e-02 0.0 0.0
194.1500 3.45544374e-02 0.0 0.0
194.2000 3.45144925e-02 0.0 0.0
194.2500 3.44745555e-02 0.0 0.0
194.3000 3.44346264e-02 0.0 0.0
194.3500 3.43947053e-02 0.0 0.0
194.4000 3.43547922e-02 0.0 0.0
194.4500 3.43148873e-02 0.0 0.0
194.5000 3.42749905e-02 0.0 0.0
194.5500 3.42351021e-02 0.0 0.0
194.6000 3.41952220e-02 0.0 0.0
194.6500 3.41553504e-02 0.0 0.0
194.7000 3.41154873e-02 0.0 0.0
194.7500 3.40756328e-02 0.0 0.0
194.8000 3.40357870e-02 0.0 0.0
194.8500 3.39959500e-02 0.0 0.0
194.9000 3.39561218e-02 0.0 0.0
194.9500 3.39163026e-02 0.0 0.0
195.0000 3.38764923e-02 0.0 0.0
195.0500 3.38366911e-02 0.0 0.0
195.1000 3.37968991e-02 0.0 0.0
195.1500 3.37571163e-02 0.0 0.0
195.2000 3.37173428e-02 0.0 0.0
195.2500 3.36775787e-02 0.0 0.0
195.3000 3.36378241e-02 0.0 0.0
195.3500 3.35980790e-02 0.0 0.0
195.4000 3.35583435e-02 0.0 0.0
195.4500 3.35186177e-02 0.0 0.0
195.5000 3.34789017e-02 0.0 0.0
195.5500 3.34391956e-02 0.0 0.0
195.6000 3.33994994e-02 0.0 0.0
195.6500 3.33598132e-02 0.0 0.0
195.7000 3.33201370e-02 0.0 0.0
195.7500 3.32804711e-02 0.0 0.0
195.8000 3.32408153e-02 0.0 0.0
195.8500 3.32011699e-02 0.0 0.0
195.9000 3.31615348e-02 0.0 0.0
195.9500 3.31219102e-02 0.0 0.0
196.0000 3.30822962e-02 0.0 0.0
196.0500 3.30426927e-02 0.0 0.0
196.1000 3.30031000e-02 0.0 0.0
196.1500 3.29635180e-02 0.0 0.0
196.2000 3.29239468e-02 0.0 0.0
196.2500 3.28843866e-02 0.0 0.0
196.3000 3.28448374e-02 0.0 0.0
196.3500 3.28052992e-02 0.0 0.0
196.4000 3.27657721e-02 0.0 0.0
196.4500 3.27262563e-02 0.0 0.0
196.5000 3.26867517e-02 0.0 0.0
196.5500 3.26472585e-02 0.0 0.0
196.6000 3.26077767e-02 0.0 0.0
196.6500 3.25683065e-02 0.0 0.0
196.7000 3.25288478e-02 0.0 0.0
196.7500 3.24894008e-02 0.0 0.0
196.8000 3.24499655e-02 0.0 0.0
196.8500 3.24105420e-02 0.0 0.0
196.9000 3.23711304e-02 0.0 0.0
196.9500 3.23317307e-02 0.0 0.0
197.0000 3.22923431e-02 0.0 0.0
197.0500 3.22529675e-02 0.0 0.0
197.1000 3.22136041e-02 0.0 0.0
197.1500 3.21742530e-02 0.0 0.0
197.2000 3.21349142e-02 0.0 0.0
197.2500 3.20955877e-02 0.0 0.0
197.3000 3.20562738e-02 0.0 0.0
197.3500 3.20169723e-02 0.0 0.0
197.4000 3.19776835e-02 0.0 0.0
197.4500 3.19384073e-02 0.0 0.0
197.5000 3.18991438e-02 0.0 0.0
197.5500 3.18598932e-02 0.0 0.0
197.6000 3.18206555e-02 0.0 0.0
197.6500 3.17814307e-02 0.0 0.0
197.7000 3.17422190e-02 0.0 0.0
197.7500 3.17030204e-02 0.0 0.0
197.8000 3.16638349e-02 0.0 0.0
197.8500 3.16246627e-02 0.0 0.0
197.9000 3.15855038e-02 0.0 0.0
197.9500 3.15463583e-02 0.0 0.0
198.0000 3.15072263e-02 0.0 0.0
198.0500 3.14681077e-02 0.0 0.0
198.1000 3.14290028e-02 0.0 0.0
198.1500 3.13899115e-02 0.0 0.0
198.2000 3.13508340e-02 0.0 0.0
198.2500 3.13117703e-02 0.0 0.0
198.3000 3.12727205e-02 0.0 0.0
198.3500 3.12336846e-02 0.0 0.0
198.4000 3.11946627e-02 0.0 0.0
198.4500 3.11556549e-02 0.0 0.0
198.5000 3.11166613e-02 0.0 0.0
198.5500 3.10776818e-02 0.0 0.0
198.6000 3.10387167e-02 0.0 0.0
198.6500 3.09997659e-02 0.0 0.0
198.7000 3.09608296e-02 0.0 0.0
198.7500 3.09219078e-02 0.0 0.0
198.8000 3.08830005e-02 0.0 0.0
198.8500 3.08441079e-02 0.0 0.0
198.9000 3.08052299e-02 0.0 0.0
198.9500 3.07663667e-02 0.0 0.0
199.0000 3.07275184e-02 0.0 0.0
199.0500 3.06886850e-02 0.0 0.0
199.1000 3.06498665e-02 0.0 0.0
199.1500 3.06110631e-02 0.0 0.0
199.2000 3.05722748e-02 0.0 0.0
199.2500 3.05335017e-02 0.0 0.0
199.3000 3.04947438e-02 0.0 0.0
199.3500 3.04560012e-02 0.0 0.0
199.4000 3.04172740e-02 0.0 0.0
199.4500 3.03785623e-02 0.0 0.0
199.5000 3.03398660e-02 0.0 0.0
199.5500 3.03011854e-02 0.0 0.0
199.6000 3.02625203e-02 0.0 0.0
199.6500 3.02238710e-02 0.0 0.0
199.7000 3.01852374e-02 0.0 0.0
199.7500 3.01466197e-02 0.0 0.0
199.8000 3.01080179e-02 0.0 0.0
199.8500 3.00694321e-02 0.0 0.0
199.9000 3.00308623e-02 0.0 0.0
199.9500 2.99923086e-02 0.0 0.0
200.0000 2.99537710e-02 0.0 0.0
200.0500 2.99152497e-02 0.0 0.0
200.1000 2.98767447e-02 0.0 0.0
200.1500 2.98382560e-02 0.0 0.0
200.2000 2.97997838e-02 0.0 0.0
200.2500 2.97613281e-02 0.0 0.0
200.3000 2.97228889e-02 0.0 0.0
200.3500 2.96844663e-02 0.0 0.0
200.4000 2.96460604e-02 0.0 0.0
200.4500 2.96076713e-02 0.0 0.0
200.5000 2.95692989e-02 0.0 0.0
200.5500 2.95309434e-02 0.0 0.0
200.6000 2.94926049e-02 0.0 0.0
200.6500 2.94542834e-02 0.0 0.0
200.7000 2.94159789e-02 0.0 0.0
200.7500 2.93776916e-02 0.0 0.0
200.8000 2.93394214e-02 0.0 0.0
200.8500 2.93011685e-02 0.0 0.0
200.9000 2.92629329e-02 0.0 0.0
200.9500 2.92247147e-02 0.0 0.0
201.0000 2.91865139e-02 0.0 0.0
201.0500 2.91483306e-02 0.0 0.0
201.1000 2.91101649e-02 0.0 0.0
201.1500 2.90720168e-02 0.0 0.0
201.2000 2.90338864e-02 0.0 0.0
201.2500 2.89957737e-02 0.0 0.0
201.3000 2.89576789e-02 0.0 0.0
201.3500 2.89196019e-02 0.0 0.0
201.4000 2.88815429e-02 0.0 0.0
201.4500 2.88435018e-02 0.0 0.0
201.5000 2.88054788e-02 0.0 0.0
201.5500 2.87674739e-02 0.0 0.0
201.6000 2.87294872e-02 0.0 0.0
201.6500 2.86915187e-02 0.0 0.0
201.7000 2.86535685e-02 0.0 0.0
201.7500 2.86156367e-02 0.0 0.0
201.8000 2.85777233e-02 0.0 0.0
201.8500 2.85398283e-02 0.0 0.0
201.9000 2.85019519e-02 0.0 0.0
201.9500 2.84640941e-02 0.0 0.0
202.0000 2.84262549e-02 0.0 0.0
202.0500 2.83884345e-02 0.0 0.0
202.1000 2.83506328e-02 0.0 0.0
202.1500 2.83128500e-02 0.0 0.0
202.2000 2.82750860e-02 0.0 0.0
202.2500 2.82373410e-02 0.0 0.0
202.3000 2.81996151e-02 0.0 0.0
202.3500 2.81619081e-02 0.0 0.0
202.4000 2.81242203e-02 0.0 0.0
202.4500 2.80865517e-02 0.0 0.0
202.5000 2.80489024e-02 0.0 0.0
202.5500 2.80112723e-02 0.0 0.0
202.6000 2.79736616e-02 0.0 0.0
202.6500 2.79360703e-02 0.0 0.0
202.7000 2.78984985e-02 0.0 0.0
202.7500 2.78609462e-02 0.0 0.0
202.8000 2.78234134e-02 0.0 0.0
202.8500 2.77859004e-02 0.0 0.0
202.9000 2.77484070e-02 0.0 0.0
202.9500 2.77109334e-02 0.0 0.0
203.0000 2.76734796e-02 0.0 0.0
203.0500 2.76360457e-02 0.0 0.0
203.1000 2.75986317e-02 0.0 0.0
203.1500 2.75612377e-02 0.0 0.0
203.2000 2.75238637e-02 0.0 0.0
203.2500 2.74865099e-02 0.0 0.0
203.3000 2.74491761e-02 0.0 0.0
203.3500 2.74118626e-02 0.0 0.0
203.4000 2.73745694e-02 0.0 0.0
203.4500 2.73372964e-02 0.0 0.0
203.5000 2.73000439e-02 0.0 0.0
203.5500 2.72628117e-02 0.0 0.0
203.6000 2.72256001e-02 0.0 0.0
203.6500 2.71884090e-02 0.0 0.0
203.7000 2.71512385e-02 0.0 0.0
203.7500 2.71140886e-02 0.0 0.0
203.8000 2.70769594e-02 0.0 0.0
203.8500 2.70398510e-02 0.0 0.0
203.9000 2.70027634e-02 0.0 0.0
203.9500 2.69656967e-02 0.0 0.0
204.0000 2.69286508e-02 0.0 0.0
204.0500 2.68916260e-02 0.0 0.0
204.1000 2.68546222e-02 0.0 0.0
204.1500 2.68176394e-02 0.0 0.0
204.2000 2.67806778e-02 0.0 0.0
204.2500 2.67437374e-02 0.0 0.0
204.3000 2.67068182e-02 0.0 0.0
204.3500 2.66699203e-02 0.0 0.0
204.4000 2.66330437e-02 0.0 0.0
204.4500 2.65961886e-02 0.0 0.0
204.5000 2.65593548e-02 0.0 0.0
204.5500 2.65225426e-02 0.0 0.0
204.6000 2.64857520e-02 0.0 0.0
204.6500 2.64489829e-02 0.0 0.0
204.7000 2.64122355e-02 0.0 0.0
204.7500 2.63755098e-02 0.0 0.0
204.8000 2.63388058e-02 0.0 0.0
204.8500 2.63021237e-02 0.0 0.0
204.9000 2.62654635e-02 0.0 0.0
204.9500 2.62288251e-02 0.0 0.0
205.0000 2.61922087e-02 0.0 0.0
205.0500 2.61556143e-02 0.0 0.0
205.1000 2.61190420e-02 0.0 0.0
205.1500 2.60824918e-02 0.0 0.0
205.2000 2.60459638e-02 0.0 0.0
205.2500 2.60094580e-02 0.0 0.0
205.3000 2.59729744e-02 0.0 0.0
205.3500 2.59365132e-02 0.0 0.0
205.4000 2.59000743e-02 0.0 0.0
205.4500 2.58636578e-02 0.0 0.0
205.5000 2.58272639e-02 0.0 0.0
205.5500 2.57908924e-02 0.0 0.0
205.6000 2.57545435e-02 0.0 0.0
205.6500 2.57182172e-02 0.0 0.0
205.7000 2.56819135e-02 0.0 0.0
205.7500 2.56456326e-02 0.0 0.0
205.8000 2.56093744e-02 0.0 0.0
205.8500 2.55731390e-02 0.0 0.0
205.9000 2.55369265e-02 0.0 0.0
205.9500 2.55007369e-02 0.0 0.0
206.0000 2.54645703e-02 0.0 0.0
206.0500 2.54284266e-02 0.0 0.0
206.1000 2.53923060e-02 0.0 0.0
206.1500 2.53562085e-02 0.0 0.0
206.2000 2.53201341e-02 0.0 0.0
206.2500 2.52840829e-02 0.0 0.0
206.3000 2.52480550e-02 0.0 0.0
206.3500 2.52120503e-02 0.0 0.0
206.4000 2.51760690e-02 0.0 0.0
206.4500 2.51401110e-02 0.0 0.0
206.5000 2.51041765e-02 0.0 0.0
206.5500 2.50682654e-02 0.0 0.0
206.6000 2.50323779e-02 0.0 0.0
206.6500 2.49965139e-02 0.0 0.0
206.7000 2.49606735e-02 0.0 0.0
206.7500 2.49248568e-02 0.0 0.0
206.8000 2.48890638e-02 0.0 0.0
206.8500 2.48532945e-02 0.0 0.0
206.9000 2.48175490e-02 0.0 0.0
206.9500 2.47818273e-02 0.0 0.0
207.0000 2.47461296e-02 0.0 0.0
207.0500 2.47104557e-02 0.0 0.0
207.1000 2.46748059e-02 0.0 0.0
207.1500 2.46391800e-02 0.0 0.0
207.2000 2.46035782e-02 0.0 0.0
207.2500 2.45680005e-02 0.0 0.0
207.3000 2.45324470e-02 0.0 0.0
207.3500 2.44969176e-02 0.0 0.0
207.4000 2.44614125e-02 0.0 0.0
207.4500 2.44259317e-02 0.0 0.0
207.5000 2.43904752e-02 0.0 0.0
207.5500 2.43550430e-02 0.0 0.0
207.6000 2.43196353e-02 0.0 0.0
207.6500 2.42842520e-02 0.0 0.0
207.7000 2.42488933e-02 0.0 0.0
207.7500 2.42135590e-02 0.0 0.0
207.8000 2.41782494e-02 0.0 0.0
207.8500 2.41429644e-02 0.0 0.0
207.9000 2.41077040e-02 0.0 0.0
207.9500 2.40724684e-02 0.0 0.0
208.0000 2.40372575e-02 0.0 0.0
208.0500 2.40020714e-02 0.0 0.0
208.1000 2.39669101e-02 0.0 0.0
208.1500 2.39317737e-02 0.0 0.0
208.2000 2.38966623e-02 0.0 0.0
208.2500 2.38615758e-02 0.0 0.0
208.3000 2.38265143e-02 0.0 0.0
208.3500 2.37914779e-02 0.0 0.0
208.4000 2.37564665e-02 0.0 0.0
208.4500 2.37214803e-02 0.0 0.0
208.5000 2.36865192e-02 0.0 0.0
208.5500 2.36515834e-02 0.0 0.0
208.6000 2.36166728e-02 0.0 0.0
208.6500 2.35817875e-02 0.0 0.0
208.7000 2.35469275e-02 0.0 0.0
208.7500 2.35120929e-02 0.0 0.0
208.8000 2.34772836e-02 0.0 0.0
208.8500 2.34424999e-02 0.0 0.0
208.9000 2.34077416e-02 0.0 0.0
208.9500 2.33730089e-02 0.0 0.0
209.0000 2.33383017e-02 0.0 0.0
209.0500 2.33036202e-02 0.0 0.0
209.1000 2.32689642e-02 0.0 0.0
209.1500 2.32343340e-02 0.0 0.0
209.2000 2.31997295e-02 0.0 0.0
209.2500 2.31651508e-02 0.0 0.0
209.3000 2.31305978e-02 0.0 0.0
209.3500 2.30960707e-02 0.0 0.0
209.4000 2.30615695e-02 0.0 0.0
209.4500 2.30270942e-02 0.0 0.0
209.5000 2.29926448e-02 0.0 0.0
209.5500 2.29582215e-02 0.0 0.0
209.6000 2.29238241e-02 0.0 0.0
209.6500 2.28894529e-02 0.0 0.0
209.7000 2.28551077e-02 0.0 0.0
209.7500 2.28207887e-02 0.0 0.0
209.8000 2.27864958e-02 0.0 0.0
209.8500 2.27522292e-02 0.0 0.0
209.9000 2.27179888e-02 0.0 0.0
209.9500 2.26837747e-02 0.0 0.0
210.0000 2.26495870e-02 0.0 0.0
210.0500 2.26154256e-02 0.0 0.0
210.1000 2.25812906e-02 0.0 0.0
210.1500 2.25471820e-02 0.0 0.0
210.2000 2.25130999e-02 0.0 0.0
210.2500 2.24790443e-02 0.0 0.0
210.3000 2.24450152e-02 0.0 0.0
210.3500 2.24110128e-02 0.0 0.0
210.4000 2.23770369e-02 0.0 0.0
210.4500 2.23430877e-02 0.0 0.0
210.5000 2.23091651e-02 0.0 0.0
210.5500 2.22752693e-02 0.0 0.0
210.6000 2.22414002e-02 0.0 0.0
210.6500 2.22075580e-02 0.0 0.0
210.7000 2.21737425e-02 0.0 0.0
210.7500 2.21399539e-02 0.0 0.0
210.8000 2.21061922e-02 0.0 0.0
210.8500 2.20724574e-02 0.0 0.0
210.9000 2.20387496e-02 0.0 0.0
210.9500 2.20050687e-02 0.0 0.0
211.0000 2.19714149e-02 0.0 0.0
211.0500 2.19377881e-02 0.0 0.0
211.1000 2.19041885e-02 0.0 0.0
211.1500 2.18706159e-02 0.0 0.0
211.2000 2.18370705e-02 0.0 0.0
211.2500 2.18035524e-02 0.0 0.0
211.3000 2.17700614e-02 0.0 0.0
211.3500 2.17365977e-02 0.0 0.0
211.4000 2.17031612e-02 0.0 0.0
211.4500 2.16697521e-02 0.0 0.0
211.5000 2.16363704e-02 0.0 0.0
211.5500 2.16030160e-02 0.0 0.0
211.6000 2.15696891e-02 0.0 0.0
211.6500 2.15363896e-02 0.0 0.0
211.7000 2.15031176e-02 0.0 0.0
211.7500 2.14698731e-02 0.0 0.0
211.8000 2.14366561e-02 0.0 0.0
211.8500 2.14034667e-02 0.0 0.0
211.9000 2.13703050e-02 0.0 0.0
211.9500 2.13371708e-02 0.0 0.0
212.0000 2.13040644e-02 0.0 0.0
212.0500 2.12709856e-02 0.0 0.0
212.1000 2.12379346e-02 0.0 0.0
212.1500 2.12049113e-02 0.0 0.0
212.2000 2.11719158e-02 0.0 0.0
212.2500 2.11389481e-02 0.0 0.0
212.3000 2.11060083e-02 0.0 0.0
212.3500 2.10730964e-02 0.0 0.0
212.4000 2.10402123e-02 0.0 0.0
212.4500 2.10073562e-02 0.0 0.0
212.5000 2.09745281e-02 0.0 0.0
212.5500 2.09417280e-02 0.0 0.0
212.6000 2.09089559e-02 0.0 0.0
212.6500 2.08762119e-02 0.0 0.0
212.7000 2.08434959e-02 0.0 0.0
212.7500 2.08108081e-02 0.0 0.0
212.8000 2.07781484e-02 0.0 0.0
212.8500 2.07455168e-02 0.0 0.0
212.9000 2.07129135e-02 0.0 0.0
212.9500 2.06803384e-02 0.0 0.0
213.0000 2.06477916e-02 0.0 0.0
213.0500 2.06152730e-02 0.0 0.0
213.1000 2.05827828e-02 0.0 0.0
213.1500 2.05503209e-02 0.0 0.0
213.2000 2.05178873e-02 0.0 0.0
213.2500 2.04854822e-02 0.0 0.0
213.3000 2.04531054e-02 0.0 0.0
213.3500 2.04207572e-02 0.0 0.0
213.4000 2.03884374e-02 0.0 0.0
213.4500 2.03561461e-02 0.0 0.0
213.5000 2.03238833e-02 0.0 0.0
213.5500 2.02916491e-02 0.0 0.0
213.6000 2.02594434e-02 0.0 0.0
213.6500 2.02272664e-02 0.0 0.0
213.7000 2.01951180e-02 0.0 0.0
213.7500 2.01629983e-02 0.0 0.0
213.8000 2.01309072e-02 0.0 0.0
213.8500 2.00988449e-02 0.0 0.0
213.9000 2.00668113e-02 0.0 0.0
213.9500 2.00348064e-02 0.0 0.0
214.0000 2.00028304e-02 0.0 0.0
214.0500 1.99708831e-02 0.0 0.0
214.1000 1.99389647e-02 0.0 0.0
214.1500 1.99070752e-02 0.0 0.0
214.2000 1.98752145e-02 0.0 0.0
214.2500 1.98433828e-02 0.0 0.0
214.3000 1.98115800e-02 0.0 0.0
214.3500 1.97798061e-02 0.0 0.0
214.4000 1.97480613e-02 0.0 0.0
214.4500 1.97163454e-02 0.0 0.0
214.5000 1.96846586e-02 0.0 0.0
214.5500 1.96530008e-02 0.0 0.0
214.6000 1.96213722e-02 0.0 0.0
214.6500 1.95897726e-02 0.0 0.0
214.7000 1.95582021e-02 0.0 0.0
214.7500 1.95266608e-02 0.0 0.0
214.8000 1.94951487e-02 0.0 0.0
214.8500 1.94636658e-02 0.0 0.0
214.9000 1.94322121e-02 0.0 0.0
214.9500 1.94007876e-02 0.0 0.0
215.0000 1.93693924e-02 0.0 0.0
215.0500 1.93380265e-02 0.0 0.0
215.1000 1.93066899e-02 0.0 0.0
215.1500 1.92753826e-02 0.0 0.0
215.2000 1.92441047e-02 0.0 0.0
215.2500 1.92128562e-02 0.0 0.0
215.3000 1.91816370e-02 0.0 0.0
215.3500 1.91504473e-02 0.0 0.0
215.4000 1.91192870e-02 0.0 0.0
215.4500 1.90881562e-02 0.0 0.0
215.5000 1.90570549e-02 0.0 0.0
215.5500 1.90259830e-02 0.0 0.0
215.6000 1.89949407e-02 0.0 0.0
215.6500 1.89639280e-02 0.0 0.0
215.7000 1.89329448e-02 0.0 0.0
215.7500 1.89019911e-02 0.0 0.0
215.8000 1.88710672e-02 0.0 0.0
215.8500 1.88401728e-02 0.0 0.0
215.9000 1.88093081e-02 0.0 0.0
215.9500 1.87784730e-02 0.0 0.0
216.0000 1.87476676e-02 0.0 0.0
216.0500 1.87168920e-02 0.0 0.0
216.1000 1.86861461e-02 0.0 0.0
216.1500 1.86554299e-02 0.0 0.0
216.2000 1.86247435e-02 0.0 0.0
216.2500 1.85940868e-02 0.0 0.0
216.3000 1.85634600e-02 0.0 0.0
216.3500 1.85328630e-02 0.0 0.0
216.4000 1.85022959e-02 0.0 0.0
216.4500 1.84717586e-02 0.0 0.0
216.5000 1.84412512e-02 0.0 0.0
216.5500 1.84107737e-02 0.0 0.0
216.6000 1.83803261e-02 0.0 0.0
216.6500 1.83499084e-02 0.0 0.0
216.7000 1.83195207e-02 0.0 0.0
216.7500 1.82891630e-02 0.0 0.0
216.8000 1.82588352e-02 0.0 0.0
216.8500 1.82285375e-02 0.0 0.0
216.9000 1.81982698e-02 0.0 0.0
216.9500 1.81680321e-02 0.0 0.0
217.0000 1.81378245e-02 0.0 0.0
217.0500 1.81076470e-02 0.0 0.0
217.1000 1.80774995e-02 0.0 0.0
217.1500 1.80473822e-02 0.0 0.0
217.2000 1.80172950e-02 0.0 0.0
217.2500 1.79872380e-02 0.0 0.0
217.3000 1.79572111e-02 0.0 0.0
217.3500 1.79272144e-02 0.0 0.0
217.4000 1.78972478e-02 0.0 0.0
217.4500 1.78673115e-02 0.0 0.0
217.5000 1.78374054e-02 0.0 0.0
217.5500 1.78075296e-02 0.0 0.0
217.6000 1.77776840e-02 0.0 0.0
217.6500 1.77478687e-02 0.0 0.0
217.7000 1.77180837e-02 0.0 0.0
217.7500 1.76883289e-02 0.0 0.0
217.8000 1.76586045e-02 0.0 0.0
217.8500 1.76289105e-02 0.0 0.0
217.9000 1.75992468e-02 0.0 0.0
217.9500 1.75696134e-02 0.0 0.0
218.0000 1.75400104e-02 0.0 0.0
218.0500 1.75104378e-02 0.0 0.0
218.1000 1.74808957e-02 0.0 0.0
218.1500 1.74513839e-02 0.0 0.0
218.2000 1.74219026e-02 0.0 0.0
218.2500 1.73924518e-02 0.0 0.0
218.3000 1.73630314e-02 0.0 0.0
218.3500 1.73336414e-02 0.0 0.0
218.4000 1.73042820e-02 0.0 0.0
218.4500 1.72749531e-02 0.0 0.0
218.5000 1.72456547e-02 0.0 0.0
218.5500 1.72163868e-02 0.0 0.0
218.6000 1.71871495e-02 0.0 0.0
218.6500 1.71579428e-02 0.0 0.0
218.7000 1.71287666e-02 0.0 0.0
218.7500 1.70996210e-02 0.0 0.0
218.8000 1.70705060e-02 0.0 0.0
218.8500 1.70414216e-02 0.0 0.0
218.9000 1.70123678e-02 0.0 0.0
218.9500 1.69833447e-02 0.0 0.0
219.0000 1.69543522e-02 0.0 0.0
219.0500 1.69253904e-02 0.0 0.0
219.1000 1.68964592e-02 0.0 0.0
219.1500 1.68675588e-02 0.0 0.0
219.2000 1.68386890e-02 0.0 0.0
219.2500 1.68098499e-02 0.0 0.0
219.3000 1.67810416e-02 0.0 0.0
219.3500 1.67522640e-02 0.0 0.0
219.4000 1.67235171e-02 0.0 0.0
219.4500 1.66948010e-02 0.0 0.0
219.5000 1.66661156e-02 0.0 0.0
219.5500 1.66374611e-02 0.0 0.0
219.6000 1.66088373e-02 0.0 0.0
219.6500 1.65802443e-02 0.0 0.0
219.7000 1.65516821e-02 0.0 0.0
219.7500 1.65231507e-02 0.0 0.0
219.8000 1.64946502e-02 0.0 0.0
219.8500 1.64661805e-02 0.0 0.0
219.9000 1.64377416e-02 0.0 0.0
219.9500 1.64093336e-02 0.0 0.0
220.0000 1.63809565e-02 0.0 0.0
220.0500 1.63526102e-02 0.0 0.0
220.1000 1.63242948e-02 0.0 0.0
220.1500 1.62960104e-02 0.0 0.0
220.2000 1.62677568e-02 0.0 0.0
220.2500 1.62395342e-02 0.0 0.0
220.3000 1.62113424e-02 0.0 0.0
220.3500 1.61831816e-02 0.0 0.0
220.4000 1.61550518e-02 0.0 0.0
220.4500 1.61269529e-02 0.0 0.0
220.5000 1.60988850e-02 0.0 0.0
220.5500 1.60708480e-02 0.0 0.0
220.6000 1.60428420e-02 0.0 0.0
220.6500 1.60148670e-02 0.0 0.0
220.7000 1.59869230e-02 0.0 0.0
220.7500 1.59590100e-02 0.0 0.0
220.8000 1.59311280e-02 0.0 0.0
220.8500 1.59032770e-02 0.0 0.0
220.9000 1.58754570e-02 0.0 0.0
220.9500 1.58476681e-02 0.0 0.0
221.0000 1.58199102e-02 0.0 0.0
221.0500 1.57921833e-02 0.0 0.0
221.1000 1.57644875e-02 0.0 0.0
221.1500 1.57368228e-02 0.0 0.0
221.2000 1.57091892e-02 0.0 0.0
221.2500 1.56815866e-02 0.0 0.0
221.3000 1.56540151e-02 0.0 0.0
221.3500 1.56264746e-02 0.0 0.0
221.4000 1.55989653e-02 0.0 0.0
221.4500 1.55714871e-02 0.0 0.0
221.5000 1.55440400e-02 0.0 0.0
221.5500 1.55166240e-02 0.0 0.0
221.6000 1.54892391e-02 0.0 0.0
221.6500 1.54618854e-02 0.0 0.0
221.7000 1.54345628e-02 0.0 0.0
221.7500 1.54072713e-02 0.0 0.0
221.8000 1.53800109e-02 0.0 0.0
221.8500 1.53527818e-02 0.0 0.0
221.9000 1.53255837e-02 0.0 0.0
221.9500 1.52984169e-02 0.0 0.0
222.0000 1.52712811e-02 0.0 0.0
222.0500 1.52441766e-02 0.0 0.0
222.1000 1.52171032e-02 0.0 0.0
222.1500 1.51900611e-02 0.0 0.0
222.2000 1.51630501e-02 0.0 0.0
222.2500 1.51360702e-02 0.0 0.0
222.3000 1.51091216e-02 0.0 0.0
222.3500 1.50822042e-02 0.0 0.0
222.4000 1.50553180e-02 0.0 0.0
222.4500 1.50284630e-02 0.0 0.0
222.5000 1.50016392e-02 0.0 0.0
222.5500 1.49748466e-02 0.0 0.0
222.6000 1.49480852e-02 0.0 0.0
222.6500 1.49213551e-02 0.0 0.0
222.7000 1.48946561e-02 0.0 0.0
222.7500 1.48679884e-02 0.0 0.0
222.8000 1.48413520e-02 0.0 0.0
222.8500 1.48147468e-02 0.0 0.0
222.9000 1.47881728e-02 0.0 0.0
222.9500 1.47616300e-02 0.0 0.0
223.0000 1.47351185e-02 0.0 0.0
223.0500 1.47086383e-02 0.0 0.0
223.1000 1.46821893e-02 0.0 0.0
223.1500 1.46557715e-02 0.0 0.0
223.2000 1.46293850e-02 0.0 0.0
223.2500 1.46030298e-02 0.0 0.0
223.3000 1.45767058e-02 0.0 0.0
223.3500 1.45504131e-02 0.0 0.0
223.4000 1.45241516e-02 0.0 0.0
223.4500 1.44979215e-02 0.0 0.0
223.5000 1.44717225e-02 0.0 0.0
223.5500 1.44455549e-02 0.0 0.0
223.6000 1.44194185e-02 0.0 0.0
223.6500 1.43933134e-02 0.0 0.0
223.7000 1.43672396e-02 0.0 0.0
223.7500 1.43411970e-02 0.0 0.0
223.8000 1.43151858e-02 0.0 0.0
223.8500 1.42892058e-02 0.0 0.0
223.9000 1.42632570e-02 0.0 0.0
223.9500 1.42373396e-02 0.0 0.0
224.0000 1.42114534e-02 0.0 0.0
224.0500 1.41855986e-02 0.0 0.0
224.1000 1.41597750e-02 0.0 0.0
224.1500 1.41339827e-02 0.0 0.0
224.2000 1.41082216e-02 0.0 0.0
224.2500 1.40824919e-02 0.0 0.0
224.3000 1.40567934e-02 0.0 0.0
224.3500 1.40311262e-02 0.0 0.0
224.4000 1.40054903e-02 0.0 0.0
224.4500 1.39798857e-02 0.0 0.0
224.5000 1.39543124e-02 0.0 0.0
224.5500 1.39287703e-02 0.0 0.0
224.6000 1.39032596e-02 0.0 0.0
224.6500 1.38777801e-02 0.0 0.0
224.7000 1.38523319e-02 0.0 0.0
224.7500 1.38269150e-02 0.0 0.0
224.8000 1.38015293e-02 0.0 0.0
224.8500 1.37761749e-02 0.0 0.0
224.9000 1.37508519e-02 0.0 0.0
224.9500 1.37255600e-02 0.0 0.0
225.0000 1.37002995e-02 0.0 0.0
225.0500 1.36750702e-02 0.0 0.0
225.1000 1.36498722e-02 0.0 0.0
225.1500 1.36247055e-02 0.0 0.0
225.2000 1.35995701e-02 0.0 0.0
225.2500 1.35744659e-02 0.0 0.0
225.3000 1.35493929e-02 0.0 0.0
225.3500 1.35243513e-02 0.0 0.0
225.4000 1.34993409e-02 0.0 0.0
225.4500 1.34743617e-02 0.0 0.0
225.5000 1.34494138e-02 0.0 0.0
225.5500 1.34244972e-02 0.0 0.0
225.6000 1.33996118e-02 0.0 0.0
225.6500 1.33747577e-02 0.0 0.0
225.7000 1.33499348e-02 0.0 0.0
225.7500 1.33251431e-02 0.0 0.0
225.8000 1.33003827e-02 0.0 0.0
225.8500 1.32756536e-02 0.0 0.0
225.9000 1.32509556e-02 0.0 0.0
225.9500 1.32262889e-02 0.0 0.0
226.0000 1.32016534e-02 0.0 0.0
226.0500 1.31770492e-02 0.0 0.0
226.1000 1.31524762e-02 0.0 0.0
226.1500 1.31279343e-02 0.0 0.0
226.2000 1.31034237e-02 0.0 0.0
226.2500 1.30789443e-02 0.0 0.0
226.3000 1.30544962e-02 0.0 0.0
226.3500 1.30300792e-02 0.0 0.0
226.4000 1.30056934e-02 0.0 0.0
226.4500 1.29813388e-02 0.0 0.0
226.5000 1.29570154e-02 0.0 0.0
226.5500 1.29327232e-02 0.0 0.0
226.6000 1.29084621e-02 0.0 0.0
226.6500 1.28842323e-02 0.0 0.0
226.7000 1.28600336e-02 0.0 0.0
226.7500 1.28358660e-02 0.0 0.0
226.8000 1.28117297e-02 0.0 0.0
226.8500 1.27876245e-02 0.0 0.0
226.9000 1.27635504e-02 0.0 0.0
226.9500 1.27395075e-02 0.0 0.0
227.0000 1.27154957e-02 0.0 0.0
227.0500 1.26915151e-02 0.0 0.0
227.1000 1.26675656e-02 0.0 0.0
227.1500 1.26436472e-02 0.0 0.0
227.2000 1.26197600e-02 0.0 0.0
227.2500 1.25959038e-02 0.0 0.0
227.3000 1.25720788e-02 0.0 0.0
227.3500 1.25482849e-02 0.0 0.0
227.4000 1.25245220e-02 0.0 0.0
227.4500 1.25007903e-02 0.0 0.0
227.5000 1.24770896e-02 0.0 0.0
227.5500 1.24534200e-02 0.0 0.0
227.6000 1.24297815e-02 0.0 0.0
227.6500 1.24061741e-02 0.0 0.0
227.7000 1.23825977e-02 0.0 0.0
227.7500 1.23590523e-02 0.0 0.0
227.8000 1.23355380e-02 0.0 0.0
227.8500 1.23120548e-02 0.0 0.0
227.9000 1.22886026e-02 0.0 0.0
227.9500 1.22651814e-02 0.0 0.0
228.0000 1.22417912e-02 0.0 0.0
228.0500 1.22184320e-02 0.0 0.0
228.1000 1.21951038e-02 0.0 0.0
228.1500 1.21718067e-02 0.0 0.0
228.2000 1.21485405e-02 0.0 0.0
228.2500 1.21253053e-02 0.0 0.0
228.3000 1.21021011e-02 0.0 0.0
228.3500 1.20789278e-02 0.0 0.0
228.4000 1.20557855e-02 0.0 0.0
228.4500 1.20326741e-02 0.0 0.0
228.5000 1.20095937e-02 0.0 0.0
228.5500 1.19865442e-02 0.0 0.0
228.6000 1.19635257e-02 0.0 0.0
228.6500 1.19405380e-02 0.0 0.0
228.7000 1.19175813e-02 0.0 0.0
228.7500 1.18946555e-02 0.0 0.0
228.8000 1.18717606e-02 0.0 0.0
228.8500 1.18488965e-02 0.0 0.0
228.9000 1.18260633e-02 0.0 0.0
228.9500 1.18032610e-02 0.0 0.0
229.0000 1.17804896e-02 0.0 0.0
229.0500 1.17577490e-02 0.0 0.0
229.1000 1.17350392e-02 0.0 0.0
229.1500 1.17123603e-02 0.0 0.0
229.2000 1.16897122e-02 0.0 0.0
229.2500 1.16670949e-02 0.0 0.0
229.3000 1.16445084e-02 0.0 0.0
229.3500 1.16219527e-02 0.0 0.0
229.4000 1.15994278e-02 0.0 0.0
229.4500 1.15769336e-02 0.0 0.0
229.5000 1.15544702e-02 0.0 0.0
229.5500 1.15320376e-02 0.0 0.0
229.6000 1.15096358e-02 0.0 0.0
229.6500 1.14872646e-02 0.0 0.0
229.7000 1.14649242e-02 0.0 0.0
229.7500 1.14426145e-02 0.0 0.0
229.8000 1.14203355e-02 0.0 0.0
229.8500 1.13980872e-02 0.0 0.0
229.9000 1.13758696e-02 0.0 0.0
229.9500 1.13536826e-02 0.0 0.0
230.0000 1.13315264e-02 0.0 0.0
230.0500 1.13094007e-02 0.0 0.0
230.1000 1.12873058e-02 0.0 0.0
230.1500 1.12652414e-02 0.0 0.0
230.2000 1.12432077e-02 0.0 0.0
230.2500 1.12212046e-02 0.0 0.0
230.3000 1.11992320e-02 0.0 0.0
230.3500 1.11772901e-02 0.0 0.0
230.4000 1.11553787e-02 0.0 0.0
230.4500 1.11334979e-02 0.0 0.0
230.5000 1.11116477e-02 0.0 0.0
230.5500 1.10898280e-02 0.0 0.0
230.6000 1.10680389e-02 0.0 0.0
230.6500 1.10462802e-02 0.0 0.0
230.7000 1.10245521e-02 0.0 0.0
230.7500 1.10028544e-02 0.0 0.0
230.8000 1.09811873e-02 0.0 0.0
230.8500 1.09595506e-02 0.0 0.0
230.9000 1.09379444e-02 0.0 0.0
230.9500 1.09163686e-02 0.0 0.0
231.0000 1.08948233e-02 0.0 0.0
231.0500 1.08733084e-02 0.0 0.0
231.1000 1.08518239e-02 0.0 0.0
231.1500 1.08303698e-02 0.0 0.0
231.2000 1.08089460e-02 0.0 0.0
231.2500 1.07875527e-02 0.0 0.0
231.3000 1.07661897e-02 0.0 0.0
231.3500 1.07448571e-02 0.0 0.0
231.4000 1.07235548e-02 0.0 0.0
231.4500 1.07022829e-02 0.0 0.0
231.5000 1.06810412e-02 0.0 0.0
231.5500 1.06598299e-02 0.0 0.0
231.6000 1.06386488e-02 0.0 0.0
231.6500 1.06174980e-02 0.0 0.0
231.7000 1.05963775e-02 0.0 0.0
231.7500 1.05752872e-02 0.0 0.0
231.8000 1.05542271e-02 0.0 0.0
231.8500 1.05331973e-02 0.0 0.0
231.9000 1.05121977e-02 0.0 0.0
231.9500 1.04912282e-02 0.0 0.0
232.0000 1.04702890e-02 0.0 0.0
232.0500 1.04493799e-02 0.0 0.0
232.1000 1.04285009e-02 0.0 0.0
232.1500 1.04076521e-02 0.0 0.0
232.2000 1.03868334e-02 0.0 0.0
232.2500 1.03660449e-02 0.0 0.0
232.3000 1.03452864e-02 0.0 0.0
232.3500 1.03245580e-02 0.0 0.0
232.4000 1.03038597e-02 0.0 0.0
232.4500 1.02831914e-02 0.0 0.0
232.5000 1.02625532e-02 0.0 0.0
232.5500 1.02419449e-02 0.0 0.0
232.6000 1.02213667e-02 0.0 0.0
232.6500 1.02008185e-02 0.0 0.0
232.7000 1.01803003e-02 0.0 0.0
232.7500 1.01598121e-02 0.0 0.0
232.8000 1.01393537e-02 0.0 0.0
232.8500 1.01189254e-02 0.0 0.0
232.9000 1.00985269e-02 0.0 0.0
232.9500 1.00781584e-02 0.0 0.0
233.0000 1.00578197e-02 0.0 0.0
233.0500 1.00375110e-02 0.0 0.0
233.1000 1.00172320e-02 0.0 0.0
233.1500 9.99698297e-03 0.0 0.0
233.2000 9.97676374e-03 0.0 0.0
233.2500 9.95657431e-03 0.0 0.0
233.3000 9.93641469e-03 0.0 0.0
233.3500 9.91628485e-03 0.0 0.0
233.4000 9.89618478e-03 0.0 0.0
233.4500 9.87611447e-03 0.0 0.0
233.5000 9.85607389e-03 0.0 0.0
233.5500 9.83606303e-03 0.0 0.0
233.6000 9.81608188e-03 0.0 0.0
233.6500 9.79613042e-03 0.0 0.0
233.7000 9.77620863e-03 0.0 0.0
233.7500 9.75631650e-03 0.0 0.0
233.8000 9.73645401e-03 0.0 0.0
233.8500 9.71662114e-03 0.0 0.0
233.9000 9.69681789e-03 0.0 0.0
233.9500 9.67704423e-03 0.0 0.0
234.0000 9.65730014e-03 0.0 0.0
234.0500 9.63758562e-03 0.0 0.0
234.1000 9.61790063e-03 0.0 0.0
234.1500 9.59824518e-03 0.0 0.0
234.2000 9.57861924e-03 0.0 0.0
234.2500 9.55902278e-03 0.0 0.0
234.3000 9.53945581e-03 0.0 0.0
234.3500 9.51991830e-03 0.0 0.0
234.4000 9.50041022e-03 0.0 0.0
234.4500 9.48093158e-03 0.0 0.0
234.5000 9.46148234e-03 0.0 0.0
234.5500 9.44206250e-03 0.0 0.0
234.6000 9.42267203e-03 0.0 0.0
234.6500 9.40331092e-03 0.0 0.0
234.7000 9.38397915e-03 0.0 0.0
234.7500 9.36467670e-03 0.0 0.0
234.8000 9.34540355e-03 0.0 0.0
234.8500 9.32615970e-03 0.0 0.0
234.9000 9.30694512e-03 0.0 0.0
234.9500 9.28775978e-03 0.0 0.0
235.0000 9.26860369e-03 0.0 0.0
235.0500 9.24947681e-03 0.0 0.0
235.1000 9.23037913e-03 0.0 0.0
235.1500 9.21131063e-03 0.0 0.0
235.2000 9.19227130e-03 0.0 0.0
235.2500 9.17326112e-03 0.0 0.0
235.3000 9.15428006e-03 0.0 0.0
235.3500 9.13532811e-03 0.0 0.0
235.4000 9.11640525e-03 0.0 0.0
235.4500 9.09751147e-03 0.0 0.0
235.5000 9.07864674e-03 0.0 0.0
235.5500 9.05981106e-03 0.0 0.0
235.6000 9.04100438e-03 0.0 0.0
235.6500 9.02222671e-03 0.0 0.0
235.7000 9.00347803e-03 0.0 0.0
235.7500 8.98475830e-03 0.0 0.0
235.8000 8.96606752e-03 0.0 0.0
235.8500 8.94740567e-03 0.0 0.0
235.9000 8.92877272e-03 0.0 0.0
235.9500 8.91016866e-03 0.0 0.0
236.0000 8.89159347e-03 0.0 0.0
236.0500 8.87304713e-03 0.0 0.0
236.1000 8.85452963e-03 0.0 0.0
236.1500 8.83604093e-03 0.0 0.0
236.2000 8.81758104e-03 0.0 0.0
236.2500 8.79914991e-03 0.0 0.0
236.3000 8.78074754e-03 0.0 0.0
236.3500 8.76237391e-03 0.0 0.0
236.4000 8.74402899e-03 0.0 0.0
236.4500 8.72571278e-03 0.0 0.0
236.5000 8.70742524e-03 0.0 0.0
236.5500 8.68916636e-03 0.0 0.0
236.6000 8.67093611e-03 0.0 0.0
236.6500 8.65273449e-03 0.0 0.0
236.7000 8.63456147e-03 0.0 0.0
236.7500 8.61641703e-03 0.0 0.0
236.8000 8.59830115e-03 0.0 0.0
236.8500 8.58021381e-03 0.0 0.0
236.9000 8.56215500e-03 0.0 0.0
236.9500 8.54412468e-03 0.0 0.0
237.0000 8.52612284e-03 0.0 0.0
237.0500 8.50814947e-03 0.0 0.0
237.1000 8.49020454e-03 0.0 0.0
237.1500 8.47228803e-03 0.0 0.0
237.2000 8.45439992e-03 0.0 0.0
237.2500 8.43654019e-03 0.0 0.0
237.3000 8.41870882e-03 0.0 0.0
237.3500 8.40090579e-03 0.0 0.0
237.4000 8.38313108e-03 0.0 0.0
237.4500 8.36538468e-03 0.0 0.0
237.5000 8.34766655e-03 0.0 0.0
237.5500 8.32997668e-03 0.0 0.0
237.6000 8.31231504e-03 0.0 0.0
237.6500 8.29468163e-03 0.0 0.0
237.7000 8.27707641e-03 0.0 0.0
237.7500 8.25949937e-03 0.0 0.0
237.8000 8.24195048e-03 0.0 0.0
237.8500 8.22442973e-03 0.0 0.0
237.9000 8.20693709e-03 0.0 0.0
237.9500 8.18947254e-03 0.0 0.0
238.0000 8.17203607e-03 0.0 0.0
238.0500 8.15462765e-03 0.0 0.0
238.1000 8.13724725e-03 0.0 0.0
238.1500 8.11989487e-03 0.0 0.0
238.2000 8.10257047e-03 0.0 0.0
238.2500 8.08527404e-03 0.0 0.0
238.3000 8.06800555e-03 0.0 0.0
238.3500 8.05076499e-03 0.0 0.0
238.4000 8.03355233e-03 0.0 0.0
238.4500 8.01636755e-03 0.0 0.0
238.5000 7.99921063e-03 0.0 0.0
238.5500 7.98208155e-03 0.0 0.0
238.6000 7.96498029e-03 0.0 0.0
238.6500 7.94790682e-03 0.0 0.0
238.7000 7.93086112e-03 0.0 0.0
238.7500 7.91384318e-03 0.0 0.0
238.8000 7.89685296e-03 0.0 0.0
238.8500 7.87989046e-03 0.0 0.0
238.9000 7.86295564e-03 0.0 0.0
238.9500 7.84604848e-03 0.0 0.0
239.0000 7.82916897e-03 0.0 0.0
239.0500 7.81231708e-03 0.0 0.0
239.1000 7.79549278e-03 0.0 0.0
239.1500 7.77869607e-03 0.0 0.0
239.2000 7.76192690e-03 0.0 0.0
239.2500 7.74518527e-03 0.0 0.0
239.3000 7.72847115e-03 0.0 0.0
239.3500 7.71178452e-03 0.0 0.0
239.4000 7.69512536e-03 0.0 0.0
239.4500 7.67849363e-03 0.0 0.0
239.5000 7.66188933e-03 0.0 0.0
239.5500 7.64531243e-03 0.0 0.0
239.6000 7.62876290e-03 0.0 0.0
239.6500 7.61224073e-03 0.0 0.0
239.7000 7.59574589e-03 0.0 0.0
239.7500 7.57927836e-03 0.0 0.0
239.8000 7.56283812e-03 0.0 0.0
239.8500 7.54642513e-03 0.0 0.0
239.9000 7.53003939e-03 0.0 0.0
239.9500 7.51368087e-03 0.0 0.0
240.0000 7.49734954e-03 0.0 0.0
240.0500 7.48104539e-03 0.0 0.0
240.1000 7.46476838e-03 0.0 0.0
240.1500 7.44851850e-03 0.0 0.0
240.2000 7.43229573e-03 0.0 0.0
240.2500 7.41610004e-03 0.0 0.0
240.3000 7.39993140e-03 0.0 0.0
240.3500 7.38378980e-03 0.0 0.0
240.4000 7.36767521e-03 0.0 0.0
240.4500 7.35158761e-03 0.0 0.0
240.5000 7.33552698e-03 0.0 0.0
240.5500 7.31949329e-03 0.0 0.0
240.6000 7.30348652e-03 0.0 0.0
240.6500 7.28750664e-03 0.0 0.0
240.7000 7.27155363e-03 0.0 0.0
240.7500 7.25562748e-03 0.0 0.0
240.8000 7.23972815e-03 0.0 0.0
240.8500 7.22385562e-03 0.0 0.0
240.9000 7.20800987e-03 0.0 0.0
240.9500 7.19219088e-03 0.0 0.0
241.0000 7.17639862e-03 0.0 0.0
241.0500 7.16063307e-03 0.0 0.0
241.1000 7.14489420e-03 0.0 0.0
241.1500 7.12918199e-03 0.0 0.0
241.2000 7.11349642e-03 0.0 0.0
241.2500 7.09783746e-03 0.0 0.0
241.3000 7.08220509e-03 0.0 0.0
241.3500 7.06659929e-03 0.0 0.0
241.4000 7.05102003e-03 0.0 0.0
241.4500 7.03546729e-03 0.0 0.0
241.5000 7.01994104e-03 0.0 0.0
241.5500 7.00444126e-03 0.0 0.0
241.6000 6.98896793e-03 0.0 0.0
241.6500 6.97352102e-03 0.0 0.0
241.7000 6.95810051e-03 0.0 0.0
241.7500 6.94270638e-03 0.0 0.0
241.8000 6.92733859e-03 0.0 0.0
241.8500 6.91199713e-03 0.0 0.0
241.9000 6.89668197e-03 0.0 0.0
241.9500 6.88139309e-03 0.0 0.0
242.0000 6.86613046e-03 0.0 0.0
242.0500 6.85089406e-03 0.0 0.0
242.1000 6.83568386e-03 0.0 0.0
242.1500 6.82049984e-03 0.0 0.0
242.2000 6.80534198e-03 0.0 0.0
242.2500 6.79021025e-03 0.0 0.0
242.3000 6.77510463e-03 0.0 0.0
242.3500 6.76002509e-03 0.0 0.0
242.4000 6.74497161e-03 0.0 0.0
242.4500 6.72994416e-03 0.0 0.0
242.5000 6.71494272e-03 0.0 0.0
242.5500 6.69996726e-03 0.0 0.0
242.6000 6.68501777e-03 0.0 0.0
242.6500 6.67009420e-03 0.0 0.0
242.7000 6.65519655e-03 0.0 0.0
242.7500 6.64032478e-03 0.0 0.0
242.8000 6.62547887e-03 0.0 0.0
242.8500 6.61065880e-03 0.0 0.0
242.9000 6.59586454e-03 0.0 0.0
242.9500 6.58109607e-03 0.0 0.0
243.0000 6.56635335e-03 0.0 0.0
243.0500 6.55163637e-03 0.0 0.0
243.1000 6.53694510e-03 0.0 0.0
243.1500 6.52227952e-03 0.0 0.0
243.2000 6.50763960e-03 0.0 0.0
243.2500 6.49302532e-03 0.0 0.0
243.3000 6.47843664e-03 0.0 0.0
243.3500 6.46387355e-03 0.0 0.0
243.4000 6.44933603e-03 0.0 0.0
243.4500 6.43482403e-03 0.0 0.0
243.5000 6.42033755e-03 0.0 0.0
243.5500 6.40587656e-03 0.0 0.0
243.6000 6.39144102e-03 0.0 0.0
243.6500 6.37703092e-03 0.0 0.0
243.7000 6.36264622e-03 0.0 0.0
243.7500 6.34828691e-03 0.0 0.0
243.8000 6.33395296e-03 0.0 0.0
243.8500 6.31964434e-03 0.0 0.0
243.9000 6.30536103e-03 0.0 0.0
243.9500 6.29110300e-03 0.0 0.0
244.0000 6.27687023e-03 0.0 0.0
244.0500 6.26266269e-03 0.0 0.0
244.1000 6.24848035e-03 0.0 0.0
244.1500 6.23432320e-03 0.0 0.0
244.2000 6.22019120e-03 0.0 0.0
244.2500 6.20608432e-03 0.0 0.0
244.3000 6.19200256e-03 0.0 0.0
244.3500 6.17794587e-03 0.0 0.0
244.4000 6.16391423e-03 0.0 0.0
244.4500 6.14990761e-03 0.0 0.0
244.5000 6.13592600e-03 0.0 0.0
244.5500 6.12196936e-03 0.0 0.0
244.6000 6.10803768e-03 0.0 0.0
244.6500 6.09413091e-03 0.0 0.0
244.7000 6.08024904e-03 0.0 0.0
244.7500 6.06639204e-03 0.0 0.0
244.8000 6.05255989e-03 0.0 0.0
244.8500 6.03875256e-03 0.0 0.0
244.9000 6.02497002e-03 0.0 0.0
244.9500 6.01121225e-03 0.0 0.0
245.0000 5.99747923e-03 0.0 0.0
245.0500 5.98377091e-03 0.0 0.0
245.1000 5.97008729e-03 0.0 0.0
245.1500 5.95642833e-03 0.0 0.0
245.2000 5.94279401e-03 0.0 0.0
245.2500 5.92918430e-03 0.0 0.0
245.3000 5.91559918e-03 0.0 0.0
245.3500 5.90203861e-03 0.0 0.0
245.4000 5.88850258e-03 0.0 0.0
245.4500 5.87499106e-03 0.0 0.0
245.5000 5.86150401e-03 0.0 0.0
245.5500 5.84804143e-03 0.0 0.0
245.6000 5.83460327e-03 0.0 0.0
245.6500 5.82118951e-03 0.0 0.0
245.7000 5.80780012e-03 0.0 0.0
245.7500 5.79443509e-03 0.0 0.0
245.8000 5.78109438e-03 0.0 0.0
245.8500 5.76777797e-03 0.0 0.0
245.9000 5.75448583e-03 0.0 0.0
245.9500 5.74121793e-03 0.0 0.0
246.0000 5.72797425e-03 0.0 0.0
246.0500 5.71475476e-03 0.0 0.0
246.1000 5.70155943e-03 0.0 0.0
246.1500 5.68838825e-03 0.0 0.0
246.2000 5.67524117e-03 0.0 0.0
246.2500 5.66211818e-03 0.0 0.0
246.3000 5.64901925e-03 0.0 0.0
246.3500 5.63594435e-03 0.0 0.0
246.4000 5.62289346e-03 0.0 0.0
246.4500 5.60986655e-03 0.0 0.0
246.5000 5.59686359e-03 0.0 0.0
246.5500 5.58388455e-03 0.0 0.0
246.6000 5.57092942e-03 0.0 0.0
246.6500 5.55799816e-03 0.0 0.0
246.7000 5.54509074e-03 0.0 0.0
246.7500 5.53220714e-03 0.0 0.0
246.8000 5.51934734e-03 0.0 0.0
246.8500 5.50651130e-03 0.0 0.0
246.9000 5.49369900e-03 0.0 0.0
246.9500 5.48091041e-03 0.0 0.0
247.0000 5.46814551e-03 0.0 0.0
247.0500 5.45540427e-03 0.0 0.0
247.1000 5.44268666e-03 0.0 0.0
247.1500 5.42999265e-03 0.0 0.0
247.2000 5.41732222e-03 0.0 0.0
247.2500 5.40467535e-03 0.0 0.0
247.3000 5.39205200e-03 0.0 0.0
247.3500 5.37945214e-03 0.0 0.0
247.4000 5.36687576e-03 0.0 0.0
247.4500 5.35432282e-03 0.0 0.0
247.5000 5.34179330e-03 0.0 0.0
247.5500 5.32928717e-03 0.0 0.0
247.6000 5.31680440e-03 0.0 0.0
247.6500 5.30434497e-03 0.0 0.0
247.7000 5.29190885e-03 0.0 0.0
247.7500 5.27949601e-03 0.0 0.0
247.8000 5.26710642e-03 0.0 0.0
247.8500 5.25474006e-03 0.0 0.0
247.9000 5.24239690e-03 0.0 0.0
247.9500 5.23007692e-03 0.0 0.0
248.0000 5.21778009e-03 0.0 0.0
248.0500 5.20550637e-03 0.0 0.0
248.1000 5.19325575e-03 0.0 0.0
248.1500 5.18102819e-03 0.0 0.0
248.2000 5.16882367e-03 0.0 0.0
248.2500 5.15664216e-03 0.0 0.0
248.3000 5.14448364e-03 0.0 0.0
248.3500 5.13234807e-03 0.0 0.0
248.4000 5.12023543e-03 0.0 0.0
248.4500 5.10814570e-03 0.0 0.0
248.5000 5.09607884e-03 0.0 0.0
248.5500 5.08403483e-03 0.0 0.0
248.6000 5.07201364e-03 0.0 0.0
248.6500 5.06001524e-03 0.0 0.0
248.7000 5.04803961e-03 0.0 0.0
248.7500 5.03608672e-03 0.0 0.0
248.8000 5.02415654e-03 0.0 0.0
248.8500 5.01224905e-03 0.0 0.0
248.9000 5.00036421e-03 0.0 0.0
248.9500 4.98850201e-03 0.0 0.0
249.0000 4.97666240e-03 0.0 0.0
249.0500 4.96484537e-03 0.0 0.0
249.1000 4.95305089e-03 0.0 0.0
249.1500 4.94127893e-03 0.0 0.0
249.2000 4.92952947e-03 0.0 0.0
249.2500 4.91780247e-03 0.0 0.0
249.3000 4.90609791e-03 0.0 0.0
249.3500 4.89441576e-03 0.0 0.0
249.4000 4.88275599e-03 0.0 0.0
249.4500 4.87111858e-03 0.0 0.0
249.5000 4.85950350e-03 0.0 0.0
249.5500 4.84791072e-03 0.0 0.0
249.6000 4.83634021e-03 0.0 0.0
249.6500 4.82479195e-03 0.0 0.0
249.7000 4.81326591e-03 0.0 0.0
249.7500 4.80176207e-03 0.0 0.0
249.8000 4.79028038e-03 0.0 0.0
249.8500 4.77882084e-03 0.0 0.0
249.9000 4.76738340e-03 0.0 0.0
249.9500 4.75596804e-03 0.0 0.0
250.0000 4.74457474e-03 0.0 0.0
250.0500 4.73320347e-03 0.0 0.0
250.1000 4.72185420e-03 0.0 0.0
250.1500 4.71052689e-03 0.0 0.0
250.2000 4.69922153e-03 0.0 0.0
250.2500 4.68793809e-03 0.0 0.0
250.3000 4.67667654e-03 0.0 0.0
250.3500 4.66543685e-03 0.0 0.0
250.4000 4.65421899e-03 0.0 0.0
250.4500 4.64302294e-03 0.0 0.0
250.5000 4.63184867e-03 0.0 0.0
250.5500 4.62069615e-03 0.0 0.0
250.6000 4.60956535e-03 0.0 0.0
250.6500 4.59845625e-03 0.0 0.0
250.7000 4.58736882e-03 0.0 0.0
250.7500 4.57630303e-03 0.0 0.0
250.8000 4.56525885e-03 0.0 0.0
250.8500 4.55423626e-03 0.0 0.0
250.9000 4.54323523e-03 0.0 0.0
250.9500 4.53225573e-03 0.0 0.0
251.0000 4.52129773e-03 0.0 0.0
251.0500 4.51036120e-03 0.0 0.0
251.1000 4.49944613e-03 0.0 0.0
251.1500 4.48855247e-03 0.0 0.0
251.2000 4.47768021e-03 0.0 0.0
251.2500 4.46682931e-03 0.0 0.0
251.3000 4.45599975e-03 0.0 0.0
251.3500 4.44519149e-03 0.0 0.0
251.4000 4.43440452e-03 0.0 0.0
251.4500 4.42363880e-03 0.0 0.0
251.5000 4.41289431e-03 0.0 0.0
251.5500 4.40217102e-03 0.0 0.0
251.6000 4.39146890e-03 0.0 0.0
251.6500 4.38078792e-03 0.0 0.0
251.7000 4.37012806e-03 0.0 0.0
251.7500 4.35948929e-03 0.0 0.0
251.8000 4.34887157e-03 0.0 0.0
251.8500 4.33827489e-03 0.0 0.0
251.9000 4.32769922e-03 0.0 0.0
251.9500 4.31714452e-03 0.0 0.0
252.0000 4.30661077e-03 0.0 0.0
252.0500 4.29609794e-03 0.0 0.0
252.1000 4.28560601e-03 0.0 0.0
252.1500 4.27513494e-03 0.0 0.0
252.2000 4.26468471e-03 0.0 0.0
252.2500 4.25425529e-03 0.0 0.0
252.3000 4.24384666e-03 0.0 0.0
252.3500 4.23345878e-03 0.0 0.0
252.4000 4.22309163e-03 0.0 0.0
252.4500 4.21274518e-03 0.0 0.0
252.5000 4.20241940e-03 0.0 0.0
252.5500 4.19211427e-03 0.0 0.0
252.6000 4.18182975e-03 0.0 0.0
252.6500 4.17156583e-03 0.0 0.0
252.7000 4.16132246e-03 0.0 0.0
252.7500 4.15109963e-03 0.0 0.0
252.8000 4.14089730e-03 0.0 0.0
252.8500 4.13071546e-03 0.0 0.0
252.9000 4.12055406e-03 0.0 0.0
252.9500 4.11041308e-03 0.0 0.0
253.0000 4.10029251e-03 0.0 0.0
253.0500 4.09019230e-03 0.0 0.0
253.1000 4.08011242e-03 0.0 0.0
253.1500 4.07005286e-03 0.0 0.0
253.2000 4.06001359e-03 0.0 0.0
253.2500 4.04999457e-03 0.0 0.0
253.3000 4.03999578e-03 0.0 0.0
253.3500 4.03001719e-03 0.0 0.0
253.4000 4.02005878e-03 0.0 0.0
253.4500 4.01012051e-03 0.0 0.0
253.5000 4.00020236e-03 0.0 0.0
253.5500 3.99030430e-03 0.0 0.0
253.6000 3.98042630e-03 0.0 0.0
253.6500 3.97056833e-03 0.0 0.0
253.7000 3.96073038e-03 0.0 0.0
253.7500 3.95091240e-03 0.0 0.0
253.8000 3.94111438e-03 0.0 0.0
253.8500 3.93133627e-03 0.0 0.0
253.9000 3.92157807e-03 0.0 0.0
253.9500 3.91183973e-03 0.0 0.0
254.0000 3.90212124e-03 0.0 0.0
254.0500 3.89242256e-03 0.0 0.0
254.1000 3.88274366e-03 0.0 0.0
254.1500 3.87308452e-03 0.0 0.0
254.2000 3.86344511e-03 0.0 0.0
254.2500 3.85382541e-03 0.0 0.0
254.3000 3.84422538e-03 0.0 0.0
254.3500 3.83464500e-03 0.0 0.0
254.4000 3.82508423e-03 0.0 0.0
254.4500 3.81554306e-03 0.0 0.0
254.5000 3.80602145e-03 0.0 0.0
254.5500 3.79651938e-03 0.0 0.0
254.6000 3.78703682e-03 0.0 0.0
254.6500 3.77757374e-03 0.0 0.0
254.7000 3.76813011e-03 0.0 0.0
254.7500 3.75870591e-03 0.0 0.0
254.8000 3.74930110e-03 0.0 0.0
254.8500 3.73991567e-03 0.0 0.0
254.9000 3.73054958e-03 0.0 0.0
254.9500 3.72120281e-03 0.0 0.0
255.0000 3.71187532e-03 0.0 0.0
255.0500 3.70256709e-03 0.0 0.0
255.1000 3.69327810e-03 0.0 0.0
255.1500 3.68400831e-03 0.0 0.0
255.2000 3.67475770e-03 0.0 0.0
255.2500 3.66552624e-03 0.0 0.0
255.3000 3.65631390e-03 0.0 0.0
255.3500 3.64712065e-03 0.0 0.0
255.4000 3.63794648e-03 0.0 0.0
255.4500 3.62879134e-03 0.0 0.0
255.5000 3.61965521e-03 0.0 0.0
255.5500 3.61053807e-03 0.0 0.0
255.6000 3.60143988e-03 0.0 0.0
255.6500 3.59236063e-03 0.0 0.0
255.7000 3.58330027e-03 0.0 0.0
255.7500 3.57425879e-03 0.0 0.0
255.8000 3.56523616e-03 0.0 0.0
255.8500 3.55623234e-03 0.0 0.0
255.9000 3.54724732e-03 0.0 0.0
255.9500 3.53828106e-03 0.0 0.0
256.0000 3.52933354e-03 0.0 0.0
256.0500 3.52040473e-03 0.0 0.0
256.1000 3.51149459e-03 0.0 0.0
256.1500 3.50260312e-03 0.0 0.0
256.2000 3.49373026e-03 0.0 0.0
256.2500 3.48487601e-03 0.0 0.0
256.3000 3.47604033e-03 0.0 0.0
256.3500 3.46722320e-03 0.0 0.0
256.4000 3.45842458e-03 0.0 0.0
256.4500 3.44964445e-03 0.0 0.0
256.5000 3.44088278e-03 0.0 0.0
256.5500 3.43213955e-03 0.0 0.0
256.6000 3.42341472e-03 0.0 0.0
256.6500 3.41470828e-03 0.0 0.0
256.7000 3.40602018e-03 0.0 0.0
256.7500 3.39735041e-03 0.0 0.0
256.8000 3.38869894e-03 0.0 0.0
256.8500 3.38006574e-03 0.0 0.0
256.9000 3.37145078e-03 0.0 0.0
256.9500 3.36285404e-03 0.0 0.0
257.0000 3.35427549e-03 0.0 0.0
257.0500 3.34571509e-03 0.0 0.0
257.1000 3.33717283e-03 0.0 0.0
257.1500 3.32864868e-03 0.0 0.0
257.2000 3.32014260e-03 0.0 0.0
257.2500 3.31165458e-03 0.0 0.0
257.3000 3.30318458e-03 0.0 0.0
257.3500 3.29473258e-03 0.0 0.0
257.4000 3.28629855e-03 0.0 0.0
257.4500 3.27788246e-03 0.0 0.0
257.5000 3.26948428e-03 0.0 0.0
257.5500 3.26110400e-03 0.0 0.0
257.6000 3.25274157e-03 0.0 0.0
257.6500 3.24439698e-03 0.0 0.0
257.7000 3.23607019e-03 0.0 0.0
257.7500 3.22776119e-03 0.0 0.0
257.8000 3.21946993e-03 0.0 0.0
257.8500 3.21119640e-03 0.0 0.0
257.9000 3.20294057e-03 0.0 0.0
257.9500 3.19470241e-03 0.0 0.0
258.0000 3.18648189e-03 0.0 0.0
258.0500 3.17827899e-03 0.0 0.0
258.1000 3.17009368e-03 0.0 0.0
258.1500 3.16192593e-03 0.0 0.0
258.2000 3.15377571e-03 0.0 0.0
258.2500 3.14564301e-03 0.0 0.0
258.3000 3.13752778e-03 0.0 0.0
258.3500 3.12943001e-03 0.0 0.0
258.4000 3.12134966e-03 0.0 0.0
258.4500 3.11328672e-03 0.0 0.0
258.5000 3.10524114e-03 0.0 0.0
258.5500 3.09721291e-03 0.0 0.0
258.6000 3.08920201e-03 0.0 0.0
258.6500 3.08120839e-03 0.0 0.0
258.7000 3.07323203e-03 0.0 0.0
258.7500 3.06527292e-03 0.0 0.0
258.8000 3.05733101e-03 0.0 0.0
258.8500 3.04940629e-03 0.0 0.0
258.9000 3.04149873e-03 0.0 0.0
258.9500 3.03360830e-03 0.0 0.0
259.0000 3.02573496e-03 0.0 0.0
259.0500 3.01787871e-03 0.0 0.0
259.1000 3.01003950e-03 0.0 0.0
259.1500 3.00221732e-03 0.0 0.0
259.2000 2.99441213e-03 0.0 0.0
259.2500 2.98662391e-03 0.0 0.0
259.3000 2.97885264e-03 0.0 0.0
259.3500 2.97109827e-03 0.0 0.0
259.4000 2.96336080e-03 0.0 0.0
259.4500 2.95564019e-03 0.0 0.0
259.5000 2.94793641e-03 0.0 0.0
259.5500 2.94024944e-03 0.0 0.0
259.6000 2.93257925e-03 0.0 0.0
259.6500 2.92492582e-03 0.0 0.0
259.7000 2.91728911e-03 0.0 0.0
259.7500 2.90966911e-03 0.0 0.0
259.8000 2.90206578e-03 0.0 0.0
259.8500 2.89447910e-03 0.0 0.0
259.9000 2.88690904e-03 0.0 0.0
259.9500 2.87935557e-03 0.0 0.0
260.0000 2.87181867e-03 0.0 0.0
260.0500 2.86429831e-03 0.0 0.0
260.1000 2.85679447e-03 0.0 0.0
260.1500 2.84930711e-03 0.0 0.0
260.2000 2.84183622e-03 0.0 0.0
260.2500 2.83438176e-03 0.0 0.0
260.3000 2.82694371e-03 0.0 0.0
260.3500 2.81952204e-03 0.0 0.0
260.4000 2.81211672e-03 0.0 0.0
260.4500 2.80472774e-03 0.0 0.0
260.5000 2.79735506e-03 0.0 0.0
260.5500 2.78999865e-03 0.0 0.0
260.6000 2.78265849e-03 0.0 0.0
260.6500 2.77533456e-03 0.0 0.0
260.7000 2.76802682e-03 0.0 0.0
260.7500 2.76073525e-03 0.0 0.0
260.8000 2.75345983e-03 0.0 0.0
260.8500 2.74620052e-03 0.0 0.0
260.9000 2.73895730e-03 0.0 0.0
260.9500 2.73173015e-03 0.0 0.0
261.0000 2.72451904e-03 0.0 0.0
261.0500 2.71732394e-03 0.0 0.0
261.1000 2.71014482e-03 0.0 0.0
261.1500 2.70298167e-03 0.0 0.0
261.2000 2.69583444e-03 0.0 0.0
261.2500 2.68870313e-03 0.0 0.0
261.3000 2.68158769e-03 0.0 0.0
261.3500 2.67448811e-03 0.0 0.0
261.4000 2.66740436e-03 0.0 0.0
261.4500 2.66033641e-03 0.0 0.0
261.5000 2.65328423e-03 0.0 0.0
261.5500 2.64624781e-03 0.0 0.0
261.6000 2.63922711e-03 0.0 0.0
261.6500 2.63222211e-03 0.0 0.0
261.7000 2.62523277e-03 0.0 0.0
261.7500 2.61825909e-03 0.0 0.0
261.8000 2.61130102e-03 0.0 0.0
261.8500 2.60435855e-03 0.0 0.0
261.9000 2.59743164e-03 0.0 0.0
261.9500 2.59052027e-03 0.0 0.0
262.0000 2.58362442e-03 0.0 0.0
262.0500 2.57674406e-03 0.0 0.0
262.1000 2.56987916e-03 0.0 0.0
262.1500 2.56302970e-03 0.0 0.0
262.2000 2.55619566e-03 0.0 0.0
262.2500 2.54937699e-03 0.0 0.0
262.3000 2.54257369e-03 0.0 0.0
262.3500 2.53578572e-03 0.0 0.0
262.4000 2.52901306e-03 0.0 0.0
262.4500 2.52225568e-03 0.0 0.0
262.5000 2.51551355e-03 0.0 0.0
262.5500 2.50878666e-03 0.0 0.0
262.6000 2.50207497e-03 0.0 0.0
262.6500 2.49537846e-03 0.0 0.0
262.7000 2.48869711e-03 0.0 0.0
262.7500 2.48203088e-03 0.0 0.0
262.8000 2.47537975e-03 0.0 0.0
262.8500 2.46874370e-03 0.0 0.0
262.9000 2.46212270e-03 0.0 0.0
262.9500 2.45551673e-03 0.0 0.0
263.0000 2.44892575e-03 0.0 0.0
263.0500 2.44234975e-03 0.0 0.0
263.1000 2.43578869e-03 0.0 0.0
263.1500 2.42924256e-03 0.0 0.0
263.2000 2.42271132e-03 0.0 0.0
263.2500 2.41619496e-03 0.0 0.0
263.3000 2.40969344e-03 0.0 0.0
263.3500 2.40320674e-03 0.0 0.0
263.4000 2.39673484e-03 0.0 0.0
263.4500 2.39027770e-03 0.0 0.0
263.5000 2.38383531e-03 0.0 0.0
263.5500 2.37740764e-03 0.0 0.0
263.6000 2.37099466e-03 0.0 0.0
263.6500 2.36459635e-03 0.0 0.0
263.7000 2.35821268e-03 0.0 0.0
263.7500 2.35184363e-03 0.0 0.0
263.8000 2.34548917e-03 0.0 0.0
263.8500 2.33914928e-03 0.0 0.0
263.9000 2.33282392e-03 0.0 0.0
263.9500 2.32651309e-03 0.0 0.0
264.0000 2.32021674e-03 0.0 0.0
264.0500 2.31393486e-03 0.0 0.0
264.1000 2.30766742e-03 0.0 0.0
264.1500 2.30141439e-03 0.0 0.0
264.2000 2.29517576e-03 0.0 0.0
264.2500 2.28895148e-03 0.0 0.0
264.3000 2.28274155e-03 0.0 0.0
264.3500 2.27654593e-03 0.0 0.0
264.4000 2.27036461e-03 0.0 0.0
264.4500 2.26419754e-03 0.0 0.0
264.5000 2.25804472e-03 0.0 0.0
264.5500 2.25190611e-03 0.0 0.0
264.6000 2.24578168e-03 0.0 0.0
264.6500 2.23967143e-03 0.0 0.0
264.7000 2.23357531e-03 0.0 0.0
264.7500 2.22749331e-03 0.0 0.0
264.8000 2.22142539e-03 0.0 0.0
264.8500 2.21537154e-03 0.0 0.0
264.9000 2.20933173e-03 0.0 0.0
264.9500 2.20330594e-03 0.0 0.0
265.0000 2.19729413e-03 0.0 0.0
265.0500 2.19129629e-03 0.0 0.0
265.1000 2.18531239e-03 0.0 0.0
265.1500 2.17934241e-03 0.0 0.0
265.2000 2.17338631e-03 0.0 0.0
265.2500 2.16744409e-03 0.0 0.0
265.3000 2.16151570e-03 0.0 0.0
265.3500 2.15560113e-03 0.0 0.0
265.4000 2.14970036e-03 0.0 0.0
265.4500 2.14381335e-03 0.0 0.0
265.5000 2.13794008e-03 0.0 0.0
265.5500 2.13208053e-03 0.0 0.0
265.6000 2.12623468e-03 0.0 0.0
265.6500 2.12040249e-03 0.0 0.0
265.7000 2.11458395e-03 0.0 0.0
265.7500 2.10877903e-03 0.0 0.0
265.8000 2.10298770e-03 0.0 0.0
265.8500 2.09720995e-03 0.0 0.0
265.9000 2.09144574e-03 0.0 0.0
265.9500 2.08569506e-03 0.0 0.0
266.0000 2.07995787e-03 0.0 0.0
266.0500 2.07423415e-03 0.0 0.0
266.1000 2.06852389e-03 0.0 0.0
266.1500 2.06282705e-03 0.0 0.0
266.2000 2.05714361e-03 0.0 0.0
266.2500 2.05147354e-03 0.0 0.0
266.3000 2.04581683e-03 0.0 0.0
266.3500 2.04017345e-03 0.0 0.0
266.4000 2.03454337e-03 0.0 0.0
266.4500 2.02892656e-03 0.0 0.0
266.5000 2.02332302e-03 0.0 0.0
266.5500 2.01773270e-03 0.0 0.0
266.6000 2.01215559e-03 0.0 0.0
266.6500 2.00659166e-03 0.0 0.0
266.7000 2.00104090e-03 0.0 0.0
266.7500 1.99550326e-03 0.0 0.0
266.8000 1.98997874e-03 0.0 0.0
266.8500 1.98446730e-03 0.0 0.0
266.9000 1.97896893e-03 0.0 0.0
266.9500 1.97348359e-03 0.0 0.0
267.0000 1.96801127e-03 0.0 0.0
267.0500 1.96255194e-03 0.0 0.0
267.1000 1.95710558e-03 0.0 0.0
267.1500 1.95167216e-03 0.0 0.0
267.2000 1.94625165e-03 0.0 0.0
267.2500 1.94084405e-03 0.0 0.0
267.3000 1.93544931e-03 0.0 0.0
267.3500 1.93006742e-03 0.0 0.0
267.4000 1.92469836e-03 0.0 0.0
267.4500 1.91934209e-03 0.0 0.0
267.5000 1.91399860e-03 0.0 0.0
267.5500 1.90866787e-03 0.0 0.0
267.6000 1.90334986e-03 0.0 0.0
267.6500 1.89804456e-03 0.0 0.0
267.7000 1.89275194e-03 0.0 0.0
267.7500 1.88747198e-03 0.0 0.0
267.8000 1.88220465e-03 0.0 0.0
267.8500 1.87694993e-03 0.0 0.0
267.9000 1.87170780e-03 0.0 0.0
267.9500 1.86647824e-03 0.0 0.0
268.0000 1.86126121e-03 0.0 0.0
268.0500 1.85605671e-03 0.0 0.0
268.1000 1.85086469e-03 0.0 0.0
268.1500 1.84568515e-03 0.0 0.0
268.2000 1.84051805e-03 0.0 0.0
268.2500 1.83536337e-03 0.0 0.0
268.3000 1.83022110e-03 0.0 0.0
268.3500 1.82509120e-03 0.0 0.0
268.4000 1.81997366e-03 0.0 0.0
268.4500 1.81486844e-03 0.0 0.0
268.5000 1.80977554e-03 0.0 0.0
268.5500 1.80469491e-03 0.0 0.0
268.6000 1.79962655e-03 0.0 0.0
268.6500 1.79457042e-03 0.0 0.0
268.7000 1.78952651e-03 0.0 0.0
268.7500 1.78449479e-03 0.0 0.0
268.8000 1.77947524e-03 0.0 0.0
268.8500 1.77446783e-03 0.0 0.0
268.9000 1.76947254e-03 0.0 0.0
268.9500 1.76448936e-03 0.0 0.0
269.0000 1.75951825e-03 0.0 0.0
269.0500 1.75455919e-03 0.0 0.0
269.1000 1.74961216e-03 0.0 0.0
269.1500 1.74467714e-03 0.0 0.0
269.2000 1.73975410e-03 0.0 0.0
269.2500 1.73484302e-03 0.0 0.0
269.3000 1.72994389e-03 0.0 0.0
269.3500 1.72505666e-03 0.0 0.0
269.4000 1.72018133e-03 0.0 0.0
269.4500 1.71531787e-03 0.0 0.0
269.5000 1.71046626e-03 0.0 0.0
269.5500 1.70562647e-03 0.0 0.0
269.6000 1.70079848e-03 0.0 0.0
269.6500 1.69598228e-03 0.0 0.0
269.7000 1.69117783e-03 0.0 0.0
269.7500 1.68638511e-03 0.0 0.0
269.8000 1.68160410e-03 0.0 0.0
269.8500 1.67683479e-03 0.0 0.0
269.9000 1.67207713e-03 0.0 0.0
269.9500 1.66733113e-03 0.0 0.0
270.0000 1.66259674e-03 0.0 0.0
270.0500 1.65787395e-03 0.0 0.0
270.1000 1.65316274e-03 0.0 0.0
270.1500 1.64846308e-03 0.0 0.0
270.2000 1.64377495e-03 0.0 0.0
270.2500 1.63909833e-03 0.0 0.0
270.3000 1.63443320e-03 0.0 0.0
270.3500 1.62977953e-03 0.0 0.0
270.4000 1.62513731e-03 0.0 0.0
270.4500 1.62050650e-03 0.0 0.0
270.5000 1.61588709e-03 0.0 0.0
270.5500 1.61127906e-03 0.0 0.0
270.6000 1.60668238e-03 0.0 0.0
270.6500 1.60209703e-03 0.0 0.0
270.7000 1.59752299e-03 0.0 0.0
270.7500 1.59296023e-03 0.0 0.0
270.8000 1.58840874e-03 0.0 0.0
270.8500 1.58386850e-03 0.0 0.0
270.9000 1.57933947e-03 0.0 0.0
270.9500 1.57482164e-03 0.0 0.0
271.0000 1.57031499e-03 0.0 0.0
271.0500 1.56581949e-03 0.0 0.0
271.1000 1.56133512e-03 0.0 0.0
271.1500 1.55686187e-03 0.0 0.0
271.2000 1.55239970e-03 0.0 0.0
271.2500 1.54794860e-03 0.0 0.0
271.3000 1.54350854e-03 0.0 0.0
271.3500 1.53907951e-03 0.0 0.0
271.4000 1.53466148e-03 0.0 0.0
271.4500 1.53025443e-03 0.0 0.0
271.5000 1.52585834e-03 0.0 0.0
271.5500 1.52147318e-03 0.0 0.0
271.6000 1.51709893e-03 0.0 0.0
271.6500 1.51273558e-03 0.0 0.0
271.7000 1.50838310e-03 0.0 0.0
271.7500 1.50404147e-03 0.0 0.0
271.8000 1.49971067e-03 0.0 0.0
271.8500 1.49539068e-03 0.0 0.0
271.9000 1.49108147e-03 0.0 0.0
271.9500 1.48678302e-03 0.0 0.0
272.0000 1.48249531e-03 0.0 0.0
272.0500 1.47821833e-03 0.0 0.0
272.1000 1.47395204e-03 0.0 0.0
272.1500 1.46969643e-03 0.0 0.0
272.2000 1.46545148e-03 0.0 0.0
272.2500 1.46121716e-03 0.0 0.0
272.3000 1.45699346e-03 0.0 0.0
272.3500 1.45278035e-03 0.0 0.0
272.4000 1.44857780e-03 0.0 0.0
272.4500 1.44438581e-03 0.0 0.0
272.5000 1.44020435e-03 0.0 0.0
272.5500 1.43603340e-03 0.0 0.0
272.6000 1.43187293e-03 0.0 0.0
272.6500 1.42772292e-03 0.0 0.0
272.7000 1.42358336e-03 0.0 0.0
272.7500 1.41945423e-03 0.0 0.0
272.8000 1.41533549e-03 0.0 0.0
272.8500 1.41122713e-03 0.0 0.0
272.9000 1.40712914e-03 0.0 0.0
272.9500 1.40304148e-03 0.0 0.0
273.0000 1.39896415e-03 0.0 0.0
273.0500 1.39489710e-03 0.0 0.0
273.1000 1.39084034e-03 0.0 0.0
273.1500 1.38679383e-03 0.0 0.0
273.2000 1.38275755e-03 0.0 0.0
273.2500 1.37873149e-03 0.0 0.0
273.3000 1.37471562e-03 0.0 0.0
273.3500 1.37070992e-03 0.0 0.0
273.4000 1.36671438e-03 0.0 0.0
273.4500 1.36272896e-03 0.0 0.0
273.5000 1.35875365e-03 0.0 0.0
273.5500 1.35478844e-03 0.0 0.0
273.6000 1.35083329e-03 0.0 0.0
273.6500 1.34688819e-03 0.0 0.0
273.7000 1.34295311e-03 0.0 0.0
273.7500 1.33902805e-03 0.0 0.0
273.8000 1.33511297e-03 0.0 0.0
273.8500 1.33120785e-03 0.0 0.0
273.9000 1.32731268e-03 0.0 0.0
273.9500 1.32342744e-03 0.0 0.0
274.0000 1.31955210e-03 0.0 0.0
274.0500 1.31568664e-03 0.0 0.0
274.1000 1.31183105e-03 0.0 0.0
274.1500 1.30798530e-03 0.0 0.0
274.2000 1.30414937e-03 0.0 0.0
274.2500 1.30032325e-03 0.0 0.0
274.3000 1.29650691e-03 0.0 0.0
274.3500 1.29270033e-03 0.0 0.0
274.4000 1.28890349e-03 0.0 0.0
274.4500 1.28511638e-03 0.0 0.0
274.5000 1.28133896e-03 0.0 0.0
274.5500 1.27757123e-03 0.0 0.0
274.6000 1.27381316e-03 0.0 0.0
274.6500 1.27006473e-03 0.0 0.0
274.7000 1.26632593e-03 0.0 0.0
274.7500 1.26259672e-03 0.0 0.0
274.8000 1.25887710e-03 0.0 0.0
274.8500 1.25516703e-03 0.0 0.0
274.9000 1.25146651e-03 0.0 0.0
274.9500 1.24777551e-03 0.0 0.0
275.0000 1.24409401e-03 0.0 0.0
275.0500 1.24042200e-03 0.0 0.0
275.1000 1.23675944e-03 0.0 0.0
275.1500 1.23310633e-03 0.0 0.0
275.2000 1.22946264e-03 0.0 0.0
275.2500 1.22582835e-03 0.0 0.0
275.3000 1.22220345e-03 0.0 0.0
275.3500 1.21858791e-03 0.0 0.0
275.4000 1.21498171e-03 0.0 0.0
275.4500 1.21138484e-03 0.0 0.0
275.5000 1.20779727e-03 0.0 0.0
275.5500 1.20421898e-03 0.0 0.0
275.6000 1.20064996e-03 0.0 0.0
275.6500 1.19709019e-03 0.0 0.0
275.7000 1.19353964e-03 0.0 0.0
275.7500 1.18999830e-03 0.0 0.0
275.8000 1.18646615e-03 0.0 0.0
275.8500 1.18294316e-03 0.0 0.0
275.9000 1.17942933e-03 0.0 0.0
275.9500 1.17592462e-03 0.0 0.0
276.0000 1.17242902e-03 0.0 0.0
276.0500 1.16894252e-03 0.0 0.0
276.1000 1.16546508e-03 0.0 0.0
276.1500 1.16199669e-03 0.0 0.0
276.2000 1.15853734e-03 0.0 0.0
276.2500 1.15508700e-03 0.0 0.0
276.3000 1.15164566e-03 0.0 0.0
276.3500 1.14821329e-03 0.0 0.0
276.4000 1.14478988e-03 0.0 0.0
276.4500 1.14137540e-03 0.0 0.0
276.5000 1.13796985e-03 0.0 0.0
276.5500 1.13457319e-03 0.0 0.0
276.6000 1.13118541e-03 0.0 0.0
276.6500 1.12780649e-03 0.0 0.0
276.7000 1.12443641e-03 0.0 0.0
276.7500 1.12107516e-03 0.0 0.0
276.8000 1.11772271e-03 0.0 0.0
276.8500 1.11437904e-03 0.0 0.0
276.9000 1.11104415e-03 0.0 0.0
276.9500 1.10771799e-03 0.0 0.0
277.0000 1.10440057e-03 0.0 0.0
277.0500 1.10109186e-03 0.0 0.0
277.1000 1.09779184e-03 0.0 0.0
277.1500 1.09450049e-03 0.0 0.0
277.2000 1.09121780e-03 0.0 0.0
277.2500 1.08794374e-03 0.0 0.0
277.3000 1.08467829e-03 0.0 0.0
277.3500 1.08142145e-03 0.0 0.0
277.4000 1.07817318e-03 0.0 0.0
277.4500 1.07493348e-03 0.0 0.0
277.5000 1.07170231e-03 0.0 0.0
277.5500 1.06847967e-03 0.0 0.0
277.6000 1.06526554e-03 0.0 0.0
277.6500 1.06205989e-03 0.0 0.0
277.7000 1.05886271e-03 0.0 0.0
277.7500 1.05567398e-03 0.0 0.0
277.8000 1.05249368e-03 0.0 0.0
277.8500 1.04932180e-03 0.0 0.0
277.9000 1.04615831e-03 0.0 0.0
277.9500 1.04300320e-03 0.0 0.0
278.0000 1.03985644e-03 0.0 0.0
278.0500 1.03671803e-03 0.0 0.0
278.1000 1.03358794e-03 0.0 0.0
278.1500 1.03046615e-03 0.0 0.0
278.2000 1.02735265e-03 0.0 0.0
278.2500 1.02424741e-03 0.0 0.0
278.3000 1.02115043e-03 0.0 0.0
278.3500 1.01806167e-03 0.0 0.0
278.4000 1.01498113e-03 0.0 0.0
278.4500 1.01190879e-03 0.0 0.0
278.5000 1.00884462e-03 0.0 0.0
278.5500 1.00578861e-03 0.0 0.0
278.6000 1.00274075e-03 0.0 0.0
278.6500 9.99701004e-04 0.0 0.0
278.7000 9.96669367e-04 0.0 0.0
278.7500 9.93645818e-04 0.0 0.0
278.8000 9.90630339e-04 0.0 0.0
278.8500 9.87622912e-04 0.0 0.0
278.9000 9.84623520e-04 0.0 0.0
278.9500 9.81632145e-04 0.0 0.0
279.0000 9.78648769e-04 0.0 0.0
279.0500 9.75673374e-04 0.0 0.0
279.1000 9.72705943e-04 0.0 0.0
279.1500 9.69746458e-04 0.0 0.0
279.2000 9.66794902e-04 0.0 0.0
279.2500 9.63851256e-04 0.0 0.0
279.3000 9.60915504e-04 0.0 0.0
279.3500 9.57987628e-04 0.0 0.0
279.4000 9.55067611e-04 0.0 0.0
279.4500 9.52155434e-04 0.0 0.0
279.5000 9.49251081e-04 0.0 0.0
279.5500 9.46354534e-04 0.0 0.0
279.6000 9.43465776e-04 0.0 0.0
279.6500 9.40584789e-04 0.0 0.0
279.7000 9.37711556e-04 0.0 0.0
279.7500 9.34846060e-04 0.0 0.0
279.8000 9.31988283e-04 0.0 0.0
279.8500 9.29138209e-04 0.0 0.0
279.9000 9.26295819e-04 0.0 0.0
279.9500 9.23461097e-04 0.0 0.0
280.0000 9.20634026e-04 0.0 0.0
280.0500 9.17814589e-04 0.0 0.0
280.1000 9.15002768e-04 0.0 0.0
280.1500 9.12198546e-04 0.0 0.0
280.2000 9.09401906e-04 0.0 0.0
280.2500 9.06612832e-04 0.0 0.0
280.3000 9.03831305e-04 0.0 0.0
280.3500 9.01057310e-04 0.0 0.0
280.4000 8.98290829e-04 0.0 0.0
280.4500 8.95531846e-04 0.0 0.0
280.5000 8.92780343e-04 0.0 0.0
280.5500 8.90036304e-04 0.0 0.0
280.6000 8.87299711e-04 0.0 0.0
280.6500 8.84570548e-04 0.0 0.0
280.7000 8.81848799e-04 0.0 0.0
280.7500 8.79134445e-04 0.0 0.0
280.8000 8.76427472e-04 0.0 0.0
280.8500 8.73727861e-04 0.0 0.0
280.9000 8.71035597e-04 0.0 0.0
280.9500 8.68350662e-04 0.0 0.0
281.0000 8.65673040e-04 0.0 0.0
281.0500 8.63002715e-04 0.0 0.0
281.1000 8.60339669e-04 0.0 0.0
281.1500 8.57683886e-04 0.0 0.0
281.2000 8.55035351e-04 0.0 0.0
281.2500 8.52394045e-04 0.0 0.0
281.3000 8.49759953e-04 0.0 0.0
281.3500 8.47133059e-04 0.0 0.0
281.4000 8.44513345e-04 0.0 0.0
281.4500 8.41900797e-04 0.0 0.0
281.5000 8.39295396e-04 0.0 0.0
281.5500 8.36697127e-04 0.0 0.0
281.6000 8.34105973e-04 0.0 0.0
281.6500 8.31521919e-04 0.0 0.0
281.7000 8.28944948e-04 0.0 0.0
281.7500 8.26375044e-04 0.0 0.0
281.8000 8.23812190e-04 0.0 0.0
281.8500 8.21256370e-04 0.0 0.0
281.9000 8.18707569e-04 0.0 0.0
281.9500 8.16165770e-04 0.0 0.0
282.0000 8.13630957e-04 0.0 0.0
282.0500 8.11103114e-04 0.0 0.0
282.1000 8.08582225e-04 0.0 0.0
282.1500 8.06068274e-04 0.0 0.0
282.2000 8.03561245e-04 0.0 0.0
282.2500 8.01061122e-04 0.0 0.0
282.3000 7.98567889e-04 0.0 0.0
282.3500 7.96081530e-04 0.0 0.0
282.4000 7.93602029e-04 0.0 0.0
282.4500 7.91129371e-04 0.0 0.0
282.5000 7.88663540e-04 0.0 0.0
282.5500 7.86204519e-04 0.0 0.0
282.6000 7.83752293e-04 0.0 0.0
282.6500 7.81306847e-04 0.0 0.0
282.7000 7.78868164e-04 0.0 0.0
282.7500 7.76436229e-04 0.0 0.0
282.8000 7.74011026e-04 0.0 0.0
282.8500 7.71592540e-04 0.0 0.0
282.9000 7.69180754e-04 0.0 0.0
282.9500 7.66775655e-04 0.0 0.0
283.0000 7.64377224e-04 0.0 0.0
283.0500 7.61985449e-04 0.0 0.0
283.1000 7.59600312e-04 0.0 0.0
283.1500 7.57221798e-04 0.0 0.0
283.2000 7.54849892e-04 0.0 0.0
283.2500 7.52484579e-04 0.0 0.0
283.3000 7.50125842e-04 0.0 0.0
283.3500 7.47773667e-04 0.0 0.0
283.4000 7.45428039e-04 0.0 0.0
283.4500 7.43088941e-04 0.0 0.0
283.5000 7.40756359e-04 0.0 0.0
283.5500 7.38430278e-04 0.0 0.0
283.6000 7.36110681e-04 0.0 0.0
283.6500 7.33797555e-04 0.0 0.0
283.7000 7.31490883e-04 0.0 0.0
283.7500 7.29190651e-04 0.0 0.0
283.8000 7.26896843e-04 0.0 0.0
283.8500 7.24609445e-04 0.0 0.0
283.9000 7.22328441e-04 0.0 0.0
283.9500 7.20053816e-04 0.0 0.0
284.0000 7.17785555e-04 0.0 0.0
284.0500 7.15523643e-04 0.0 0.0
284.1000 7.13268066e-04 0.0 0.0
284.1500 7.11018807e-04 0.0 0.0
284.2000 7.08775853e-04 0.0 0.0
284.2500 7.06539188e-04 0.0 0.0
284.3000 7.04308798e-04 0.0 0.0
284.3500 7.02084668e-04 0.0 0.0
284.4000 6.99866782e-04 0.0 0.0
