0	0	0	0
0.1	2.39999999999957E-6	0	0
0.2	4.89999999999964E-6	0	0
0.3	7.3999999999997E-6	0	0
0.4	9.89999999999976E-6	0	0
0.5	1.23999999999998E-5	0	0
0.6	1.48999999999999E-5	0	0
0.7	1.73999999999999E-5	0	0
0.8	1.99E-5	0	0
0.9	2.00672E-5	0	0
1	2.01442E-5	0	0
1.1	2.02285E-5	0	0
1.2	2.032E-5	0	0
1.3	2.04186E-5	0	0
1.4	2.05245E-5	0	0
1.5	2.06375E-5	0	0
1.6	2.07577E-5	0	0
1.7	2.0885E-5	0	0
1.8	2.10195E-5	0	0
1.9	2.11611E-5	0	0
2	2.13099E-5	0	0
2.1	2.14657E-5	0	0
2.2	2.16286E-5	0	0
2.3	2.17987E-5	0	0
2.4	2.19758E-5	0	0
2.5	2.21599E-5	0	0
2.6	2.23511E-5	0	0
2.7	2.25494E-5	0	0
2.8	2.27547E-5	0	0
2.9	2.2967E-5	0	0
3	2.31863E-5	0	0
3.1	2.34126E-5	0	0
3.2	2.36459E-5	0	0
3.3	2.38862E-5	0	0
3.4	2.41334E-5	0	0
3.5	2.43875E-5	0	0
3.6	2.46487E-5	0	0
3.7	2.49167E-5	0	0
3.8	2.51916E-5	0	0
3.9	2.54735E-5	0	0
4	2.57622E-5	0	0
4.1	2.60578E-5	0	0
4.2	2.63603E-5	0	0
4.3	2.66696E-5	0	0
4.4	2.69858E-5	0	0
4.5	2.73088E-5	0	0
4.6	2.76386E-5	0	0
4.7	2.79752E-5	0	0
4.8	2.83186E-5	0	0
4.9	2.86688E-5	0	0
5.00001	2.90257E-5	0	0
5.10001	2.93894E-5	0	0
5.20001	2.97599E-5	0	0
5.30001	3.0137E-5	0	0
5.40001	3.05209E-5	0	0
5.50001	3.09115E-5	0	0
5.60001	3.13087E-5	0	0
5.70001	3.17126E-5	0	0
5.80001	3.21232E-5	0	0
5.90001	3.25405E-5	0	0
6.00001	3.29643E-5	0	0
6.10001	3.33948E-5	0	0
6.20001	3.38319E-5	0	0
6.30001	3.42756E-5	0	0
6.40001	3.47259E-5	0	0
6.50001	3.51827E-5	0	0
6.60001	3.56461E-5	0	0
6.70001	3.6116E-5	0	0
6.80001	3.65925E-5	0	0
6.90001	3.70754E-5	0	0
7.00001	3.75649E-5	0	0
7.10001	3.80608E-5	0	0
7.20001	3.85632E-5	0	0
7.30001	3.90721E-5	0	0
7.40001	3.95874E-5	0	0
7.50001	4.01091E-5	0	0
7.60001	4.06372E-5	0	0
7.70001	4.11718E-5	0	0
7.80001	4.17127E-5	0	0
7.90001	4.226E-5	0	0
8.00001	4.28136E-5	0	0
8.10001	4.33736E-5	0	0
8.20001	4.39399E-5	0	0
8.30001	4.45125E-5	0	0
8.40001	4.50914E-5	0	0
8.50001	4.56765E-5	0	0
8.60001	4.6268E-5	0	0
8.70001	4.68657E-5	0	0
8.80001	4.74696E-5	0	0
8.90001	4.80798E-5	0	0
9.00001	4.86961E-5	0	0
9.10001	4.93186E-5	0	0
9.20001	4.99474E-5	0	0
9.30001	5.05822E-5	0	0
9.40001	5.12232E-5	0	0
9.50001	5.18704E-5	0	0
9.60001	5.25236E-5	0	0
9.70001	5.3183E-5	0	0
9.80001	5.38484E-5	0	0
9.90001	5.45199E-5	0	0
10.00001	5.51974E-5	0	0
10.10001	5.5881E-5	0	0
10.20001	5.65706E-5	0	0
10.30001	5.72662E-5	0	0
10.40001	5.79677E-5	0	0
10.50001	5.86753E-5	0	0
10.60001	5.93887E-5	0	0
10.70001	6.01082E-5	0	0
10.80001	6.08335E-5	0	0
10.90001	6.15648E-5	0	0
11.00001	6.23019E-5	0	0
11.10001	6.30449E-5	0	0
11.20001	6.37937E-5	0	0
11.30001	6.45484E-5	0	0
11.40001	6.5309E-5	0	0
11.50001	6.60753E-5	0	0
11.60001	6.68474E-5	0	0
11.70001	6.76252E-5	0	0
11.80001	6.84089E-5	0	0
11.90001	6.91982E-5	0	0
12.00001	6.99933E-5	0	0
12.10001	7.07941E-5	0	0
12.20001	7.16005E-5	0	0
12.30001	7.24126E-5	0	0
12.40001	7.32304E-5	0	0
12.50001	7.40538E-5	0	0
12.60001	7.48828E-5	0	0
12.70001	7.57175E-5	0	0
12.80001	7.65577E-5	0	0
12.90001	7.74034E-5	0	0
13.00001	7.82547E-5	0	0
13.10001	7.91116E-5	0	0
13.20001	7.99739E-5	0	0
13.30001	8.08417E-5	0	0
13.40001	8.1715E-5	0	0
13.50001	8.25938E-5	0	0
13.60001	8.3478E-5	0	0
13.70001	8.43676E-5	0	0
13.80001	8.52626E-5	0	0
13.90001	8.6163E-5	0	0
14.00001	8.70687E-5	0	0
14.10001	8.79798E-5	0	0
14.20001	8.88962E-5	0	0
14.30001	8.9818E-5	0	0
14.40001	9.0745E-5	0	0
14.50001	9.16773E-5	0	0
14.60001	9.26148E-5	0	0
14.70001	9.35576E-5	0	0
14.80001	9.45056E-5	0	0
14.90001	9.54588E-5	0	0
15.00002	9.64171E-5	0	0
15.10002	9.73807E-5	0	0
15.20002	9.83493E-5	0	0
15.30002	9.93231E-5	0	0
15.40002	1.00302E-4	0	0
15.50002	1.01286E-4	0	0
15.60002	1.02275E-4	0	0
15.70002	1.03269E-4	0	0
15.80002	1.04268E-4	0	0
15.90002	1.05272E-4	0	0
16.00002	1.06281E-4	0	0
16.10002	1.07295E-4	0	0
16.20002	1.08314E-4	0	0
16.30002	1.09338E-4	0	0
16.40002	1.10367E-4	0	0
16.50002	1.11401E-4	0	0
16.60002	1.12439E-4	0	0
16.70002	1.13483E-4	0	0
16.80002	1.14531E-4	0	0
16.90002	1.15584E-4	0	0
17.00002	1.16642E-4	0	0
17.10002	1.17704E-4	0	0
17.20002	1.18772E-4	0	0
17.30002	1.19844E-4	0	0
17.40002	1.2092E-4	0	0
17.50002	1.22002E-4	0	0
17.60002	1.23088E-4	0	0
17.70002	1.24179E-4	0	0
17.80002	1.25274E-4	0	0
17.90002	1.26374E-4	0	0
18.00002	1.27479E-4	0	0
18.10002	1.28588E-4	0	0
18.20002	1.29701E-4	0	0
18.30002	1.30819E-4	0	0
18.40002	1.31942E-4	0	0
18.50002	1.33069E-4	0	0
18.60002	1.34201E-4	0	0
18.70002	1.35337E-4	0	0
18.80002	1.36477E-4	0	0
18.90002	1.37622E-4	0	0
19.00002	1.38771E-4	0	0
19.10002	1.39925E-4	0	0
19.20002	1.41083E-4	0	0
19.30002	1.42245E-4	0	0
19.40002	1.43411E-4	0	0
19.50002	1.44582E-4	0	0
19.60002	1.45757E-4	0	0
19.70002	1.46936E-4	0	0
19.80002	1.48119E-4	0	0
19.90002	1.49307E-4	0	0
20.00002	1.50498E-4	0	0
20.10002	1.51694E-4	0	0
20.20002	1.52894E-4	0	0
20.30002	1.54098E-4	0	0
20.40002	1.55306E-4	0	0
20.50002	1.56518E-4	0	0
20.60002	1.57734E-4	0	0
20.70002	1.58954E-4	0	0
20.80002	1.60178E-4	0	0
20.90002	1.61406E-4	0	0
21.00002	1.62638E-4	0	0
21.10002	1.63874E-4	0	0
21.20002	1.65114E-4	0	0
21.30002	1.66358E-4	0	0
21.40002	1.67605E-4	0	0
21.50002	1.68856E-4	0	0
21.60002	1.70111E-4	0	0
21.70002	1.7137E-4	0	0
21.80002	1.72633E-4	0	0
21.90002	1.73899E-4	0	0
22.00002	1.75169E-4	0	0
22.10002	1.76443E-4	0	0
22.20002	1.7772E-4	0	0
22.30002	1.79001E-4	0	0
22.40002	1.80286E-4	0	0
22.50002	1.81574E-4	0	0
22.60002	1.82866E-4	0	0
22.70002	1.84161E-4	0	0
22.80002	1.8546E-4	0	0
22.90002	1.86762E-4	0	0
23.00002	1.88068E-4	0	0
23.10002	1.89377E-4	0	0
23.20002	1.90689E-4	0	0
23.30002	1.92006E-4	0	0
23.40002	1.93325E-4	0	0
23.50002	1.94648E-4	0	0
23.60002	1.95974E-4	0	0
23.70002	1.97303E-4	0	0
23.80002	1.98636E-4	0	0
23.90002	1.99972E-4	0	0
24.00002	2.01311E-4	0	0
24.10002	2.02654E-4	0	0
24.20002	2.03999E-4	0	0
24.30002	2.05348E-4	0	0
24.40002	2.067E-4	0	0
24.50002	2.08055E-4	0	0
24.60002	2.09413E-4	0	0
24.70002	2.10774E-4	0	0
24.80002	2.12138E-4	0	0
24.90002	2.13506E-4	0	0
25.00003	2.14876E-4	0	0
25.10003	2.16249E-4	0	0
25.20003	2.17625E-4	0	0
25.30003	2.19004E-4	0	0
25.40003	2.20386E-4	0	0
25.50003	2.21771E-4	0	0
25.60003	2.23159E-4	0	0
25.70003	2.24549E-4	0	0
25.80003	2.25943E-4	0	0
25.90003	2.27339E-4	0	0
26.00003	2.28738E-4	0	0
26.10003	2.30139E-4	0	0
26.20003	2.31543E-4	0	0
26.30003	2.3295E-4	0	0
26.40003	2.3436E-4	0	0
26.50003	2.35772E-4	0	0
26.60003	2.37187E-4	0	0
26.70003	2.38604E-4	0	0
26.80003	2.40024E-4	0	0
26.90003	2.41447E-4	0	0
27.00003	2.42872E-4	0	0
27.10003	2.44299E-4	0	0
27.20003	2.45729E-4	0	0
27.30003	2.47162E-4	0	0
27.40003	2.48596E-4	0	0
27.50003	2.50033E-4	0	0
27.60003	2.51473E-4	0	0
27.70003	2.52915E-4	0	0
27.80003	2.54359E-4	0	0
27.90003	2.55805E-4	0	0
28.00003	2.57254E-4	0	0
28.10003	2.58704E-4	0	0
28.20003	2.60157E-4	0	0
28.30003	2.61613E-4	0	0
28.40003	2.6307E-4	0	0
28.50003	2.64529E-4	0	0
28.60003	2.65991E-4	0	0
28.70003	2.67454E-4	0	0
28.80003	2.6892E-4	0	0
28.90003	2.70388E-4	0	0
29.00003	2.71857E-4	0	0
29.10003	2.73329E-4	0	0
29.20003	2.74802E-4	0	0
29.30003	2.76278E-4	0	0
29.40003	2.77755E-4	0	0
29.50003	2.79234E-4	0	0
29.60003	2.80715E-4	0	0
29.70003	2.82198E-4	0	0
29.80003	2.83683E-4	0	0
29.90003	2.85169E-4	0	0
30.00003	2.86657E-4	0	0
30.10003	2.88147E-4	0	0
30.20003	2.89638E-4	0	0
30.30003	2.91131E-4	0	0
30.40003	2.92626E-4	0	0
30.50003	2.94122E-4	0	0
30.60003	2.9562E-4	0	0
30.70003	2.97119E-4	0	0
30.80003	2.9862E-4	0	0
30.90003	3.00122E-4	0	0
31.00003	3.01626E-4	0	0
31.10003	3.03131E-4	0	0
31.20003	3.04638E-4	0	0
31.30003	3.06146E-4	0	0
31.40003	3.07655E-4	0	0
31.50003	3.09166E-4	0	0
31.60003	3.10678E-4	0	0
31.70003	3.12191E-4	0	0
31.80003	3.13705E-4	0	0
31.90003	3.15221E-4	0	0
32.00003	3.16737E-4	0	0
32.10003	3.18255E-4	0	0
32.20003	3.19774E-4	0	0
32.30003	3.21295E-4	0	0
32.40003	3.22816E-4	0	0
32.50003	3.24338E-4	0	0
32.60003	3.25861E-4	0	0
32.70003	3.27386E-4	0	0
32.80003	3.28911E-4	0	0
32.90003	3.30437E-4	0	0
33.00003	3.31964E-4	0	0
33.10003	3.33492E-4	0	0
33.20003	3.35021E-4	0	0
33.30003	3.3655E-4	0	0
33.40003	3.38081E-4	0	0
33.50003	3.39612E-4	0	0
33.60003	3.41144E-4	0	0
33.70003	3.42676E-4	0	0
33.80003	3.44209E-4	0	0
33.90003	3.45743E-4	0	0
34.00003	3.47278E-4	0	0
34.10003	3.48813E-4	0	0
34.20003	3.50348E-4	0	0
34.30003	3.51884E-4	0	0
34.40003	3.53421E-4	0	0
34.50003	3.54958E-4	0	0
34.60003	3.56496E-4	0	0
34.70003	3.58034E-4	0	0
34.80003	3.59572E-4	0	0
34.90003	3.61111E-4	0	0
35.00004	3.6265E-4	0	0
35.10004	3.64189E-4	0	0
35.20004	3.65729E-4	0	0
35.30004	3.67269E-4	0	0
35.40004	3.68809E-4	0	0
35.50004	3.70349E-4	0	0
35.60004	3.71889E-4	0	0
35.70004	3.7343E-4	0	0
35.80004	3.74971E-4	0	0
35.90004	3.76511E-4	0	0
36.00004	3.78052E-4	0	0
36.10004	3.79593E-4	0	0
36.20004	3.81133E-4	0	0
36.30004	3.82674E-4	0	0
36.40004	3.84215E-4	0	0
36.50004	3.85755E-4	0	0
36.60004	3.87295E-4	0	0
36.70004	3.88836E-4	0	0
36.80004	3.90375E-4	0	0
36.90004	3.91915E-4	0	0
37.00004	3.93455E-4	0	0
37.10004	3.94994E-4	0	0
37.20004	3.96533E-4	0	0
37.30004	3.98071E-4	0	0
37.40004	3.99609E-4	0	0
37.50004	4.01147E-4	0	0
37.60004	4.02684E-4	0	0
37.70004	4.04221E-4	0	0
37.80004	4.05757E-4	0	0
37.90004	4.07293E-4	0	0
38.00004	4.08828E-4	0	0
38.10004	4.10363E-4	0	0
38.20004	4.11897E-4	0	0
38.30004	4.1343E-4	0	0
38.40004	4.14963E-4	0	0
38.50004	4.16495E-4	0	0
38.60004	4.18026E-4	0	0
38.70004	4.19557E-4	0	0
38.80004	4.21087E-4	0	0
38.90004	4.22615E-4	0	0
39.00004	4.24143E-4	0	0
39.10004	4.2567E-4	0	0
39.20004	4.27197E-4	0	0
39.30004	4.28722E-4	0	0
39.40004	4.30246E-4	0	0
39.50004	4.31769E-4	0	0
39.60004	4.33292E-4	0	0
39.70004	4.34813E-4	0	0
39.80004	4.36333E-4	0	0
39.90004	4.37852E-4	0	0
40.00004	4.3937E-4	0	0
40.10004	4.40886E-4	0	0
40.20004	4.42402E-4	0	0
40.30004	4.43916E-4	0	0
40.40004	4.45429E-4	0	0
40.50004	4.4694E-4	0	0
40.60004	4.4845E-4	0	0
40.70004	4.49959E-4	0	0
40.80004	4.51466E-4	0	0
40.90004	4.52972E-4	0	0
41.00004	4.54477E-4	0	0
41.10004	4.5598E-4	0	0
41.20004	4.57481E-4	0	0
41.30004	4.58981E-4	0	0
41.40004	4.6048E-4	0	0
41.50004	4.61976E-4	0	0
41.60004	4.63471E-4	0	0
41.70004	4.64965E-4	0	0
41.80004	4.66457E-4	0	0
41.90004	4.67947E-4	0	0
42.00004	4.69435E-4	0	0
42.10004	4.70921E-4	0	0
42.20004	4.72406E-4	0	0
42.30004	4.73888E-4	0	0
42.40004	4.75369E-4	0	0
42.50004	4.76848E-4	0	0
42.60004	4.78325E-4	0	0
42.70004	4.798E-4	0	0
42.80004	4.81273E-4	0	0
42.90004	4.82743E-4	0	0
43.00004	4.84212E-4	0	0
43.10004	4.85679E-4	0	0
43.20004	4.87143E-4	0	0
43.30004	4.88606E-4	0	0
43.40004	4.90066E-4	0	0
43.50004	4.91524E-4	0	0
43.60004	4.92979E-4	0	0
43.70004	4.94433E-4	0	0
43.80004	4.95884E-4	0	0
43.90004	4.97332E-4	0	0
44.00004	4.98778E-4	0	0
44.10004	5.00222E-4	0	0
44.20004	5.01664E-4	0	0
44.30004	5.03102E-4	0	0
44.40004	5.04539E-4	0	0
44.50004	5.05973E-4	0	0
44.60004	5.07404E-4	0	0
44.70004	5.08832E-4	0	0
44.80004	5.10258E-4	0	0
44.90004	5.11682E-4	0	0
45.00005	5.13102E-4	0	0
45.10005	5.1452E-4	0	0
45.20005	5.15935E-4	0	0
45.30005	5.17347E-4	0	0
45.40005	5.18757E-4	0	0
45.50005	5.20163E-4	0	0
45.60005	5.21567E-4	0	0
45.70005	5.22967E-4	0	0
45.80005	5.24365E-4	0	0
45.90005	5.2576E-4	0	0
46.00005	5.27152E-4	0	0
46.10005	5.2854E-4	0	0
46.20005	5.29926E-4	0	0
46.30005	5.31308E-4	0	0
46.40005	5.32688E-4	0	0
46.50005	5.34064E-4	0	0
46.60005	5.35437E-4	0	0
46.70005	5.36806E-4	0	0
46.80005	5.38173E-4	0	0
46.90005	5.39536E-4	0	0
47.00005	5.40895E-4	0	0
47.10005	5.42252E-4	0	0
47.20005	5.43605E-4	0	0
47.30005	5.44954E-4	0	0
47.40005	5.463E-4	0	0
47.50005	5.47643E-4	0	0
47.60005	5.48981E-4	0	0
47.70005	5.50317E-4	0	0
47.80005	5.51649E-4	0	0
47.90005	5.52977E-4	0	0
48.00005	5.54301E-4	0	0
48.10005	5.55622E-4	0	0
48.20005	5.56939E-4	0	0
48.30005	5.58252E-4	0	0
48.40005	5.59562E-4	0	0
48.50005	5.60867E-4	0	0
48.60005	5.62169E-4	0	0
48.70005	5.63467E-4	0	0
48.80005	5.64761E-4	0	0
48.90005	5.66051E-4	0	0
49.00005	5.67337E-4	0	0
49.10005	5.68619E-4	0	0
49.20005	5.69897E-4	0	0
49.30005	5.71171E-4	0	0
49.40005	5.7244E-4	0	0
49.50005	5.73706E-4	0	0
49.60005	5.74967E-4	0	0
49.70005	5.76224E-4	0	0
49.80005	5.77477E-4	0	0
49.90005	5.78726E-4	0	0
50.00005	5.7997E-4	0	0
50.10005	5.8121E-4	0	0
50.20005	5.82446E-4	0	0
50.30005	5.83677E-4	0	0
50.40005	5.84903E-4	0	0
50.50005	5.86125E-4	0	0
50.60005	5.87343E-4	0	0
50.70005	5.88556E-4	0	0
50.80005	5.89765E-4	0	0
50.90005	5.90969E-4	0	0
51.00005	5.92168E-4	0	0
51.10005	5.93362E-4	0	0
51.20005	5.94552E-4	0	0
51.30005	5.95737E-4	0	0
51.40005	5.96918E-4	0	0
51.50005	5.98093E-4	0	0
51.60005	5.99264E-4	0	0
51.70005	6.00429E-4	0	0
51.80005	6.0159E-4	0	0
51.90005	6.02746E-4	0	0
52.00005	6.03897E-4	0	0
52.10005	6.05043E-4	0	0
52.20005	6.06184E-4	0	0
52.30005	6.0732E-4	0	0
52.40005	6.0845E-4	0	0
52.50005	6.09576E-4	0	0
52.60005	6.10696E-4	0	0
52.70005	6.11811E-4	0	0
52.80005	6.12921E-4	0	0
52.90005	6.14025E-4	0	0
53.00005	6.15125E-4	0	0
53.10005	6.16219E-4	0	0
53.20005	6.17307E-4	0	0
53.30005	6.1839E-4	0	0
53.40005	6.19468E-4	0	0
53.50005	6.2054E-4	0	0
53.60005	6.21607E-4	0	0
53.70005	6.22668E-4	0	0
53.80005	6.23723E-4	0	0
53.90005	6.24773E-4	0	0
54.00005	6.25817E-4	0	0
54.10005	6.26856E-4	0	0
54.20005	6.27889E-4	0	0
54.30005	6.28916E-4	0	0
54.40005	6.29937E-4	0	0
54.50005	6.30953E-4	0	0
54.60005	6.31962E-4	0	0
54.70005	6.32966E-4	0	0
54.80005	6.33964E-4	0	0
54.90005	6.34956E-4	0	0
55.00006	6.35942E-4	0	0
55.10006	6.36922E-4	0	0
55.20006	6.37896E-4	0	0
55.30006	6.38863E-4	0	0
55.40006	6.39825E-4	0	0
55.50006	6.40781E-4	0	0
55.60006	6.4173E-4	0	0
55.70006	6.42673E-4	0	0
55.80006	6.4361E-4	0	0
55.90006	6.44541E-4	0	0
56.00006	6.45465E-4	0	0
56.10006	6.46383E-4	0	0
56.20006	6.47294E-4	0	0
56.30006	6.482E-4	0	0
56.40006	6.49098E-4	0	0
56.50006	6.49991E-4	0	0
56.60006	6.50876E-4	0	0
56.70006	6.51755E-4	0	0
56.80006	6.52628E-4	0	0
56.90006	6.53494E-4	0	0
57.00006	6.54353E-4	0	0
57.10006	6.55206E-4	0	0
57.20006	6.56052E-4	0	0
57.30006	6.56891E-4	0	0
57.40006	6.57724E-4	0	0
57.50006	6.58549E-4	0	0
57.60006	6.59368E-4	0	0
57.70006	6.6018E-4	0	0
57.80006	6.60985E-4	0	0
57.90006	6.61783E-4	0	0
58.00006	6.62574E-4	0	0
58.10006	6.63358E-4	0	0
58.20006	6.64135E-4	0	0
58.30006	6.64905E-4	0	0
58.40006	6.65668E-4	0	0
58.50006	6.66424E-4	0	0
58.60006	6.67172E-4	0	0
58.70006	6.67914E-4	0	0
58.80006	6.68648E-4	0	0
58.90006	6.69374E-4	0	0
59.00006	6.70094E-4	0	0
59.10006	6.70806E-4	0	0
59.20006	6.71511E-4	0	0
59.30006	6.72208E-4	0	0
59.40006	6.72898E-4	0	0
59.50006	6.73581E-4	0	0
59.60006	6.74256E-4	0	0
59.70006	6.74923E-4	0	0
59.80006	6.75583E-4	0	0
59.90006	6.76235E-4	0	0
60.00006	6.7688E-4	0	0
60.10006	6.77517E-4	0	0
60.20006	6.78146E-4	0	0
60.30006	6.78767E-4	0	0
60.40006	6.79381E-4	0	0
60.50006	6.79987E-4	0	0
60.60006	6.80585E-4	0	0
60.70006	6.81175E-4	0	0
60.80006	6.81758E-4	0	0
60.90006	6.82332E-4	0	0
61.00006	6.82898E-4	0	0
61.10006	6.83457E-4	0	0
61.20006	6.84007E-4	0	0
61.30006	6.84549E-4	0	0
61.40006	6.85084E-4	0	0
61.50006	6.8561E-4	0	0
61.60006	6.86127E-4	0	0
61.70006	6.86637E-4	0	0
61.80006	6.87139E-4	0	0
61.90006	6.87632E-4	0	0
62.00006	6.88117E-4	0	0
62.10006	6.88593E-4	0	0
62.20006	6.89061E-4	0	0
62.30006	6.89521E-4	0	0
62.40006	6.89973E-4	0	0
62.50006	6.90415E-4	0	0
62.60006	6.9085E-4	0	0
62.70006	6.91276E-4	0	0
62.80006	6.91693E-4	0	0
62.90006	6.92102E-4	0	0
63.00006	6.92502E-4	0	0
63.10006	6.92893E-4	0	0
63.20006	6.93276E-4	0	0
63.30006	6.9365E-4	0	0
63.40006	6.94015E-4	0	0
63.50006	6.94372E-4	0	0
63.60006	6.94719E-4	0	0
63.70006	6.95058E-4	0	0
63.80006	6.95388E-4	0	0
63.90006	6.95709E-4	0	0
64.00006	6.96021E-4	0	0
64.10006	6.96324E-4	0	0
64.20006	6.96617E-4	0	0
64.30006	6.96902E-4	0	0
64.40006	6.97178E-4	0	0
64.50006	6.97445E-4	0	0
64.60006	6.97702E-4	0	0
64.70006	6.97951E-4	0	0
64.80006	6.9819E-4	0	0
64.90006	6.98419E-4	0	0
65.00007	6.9864E-4	0	0
65.10007	6.98851E-4	0	0
65.20007	6.99053E-4	0	0
65.30007	6.99246E-4	0	0
65.40007	6.99429E-4	0	0
65.50007	6.99602E-4	0	0
65.60007	6.99766E-4	0	0
65.70007	6.99921E-4	0	0
65.80007	7.00066E-4	0	0
65.90007	7.00201E-4	0	0
66.00007	7.00327E-4	0	0
66.10007	7.00443E-4	0	0
66.20007	7.0055E-4	0	0
66.30007	7.00647E-4	0	0
66.40007	7.00734E-4	0	0
66.50007	7.00811E-4	0	0
66.60007	7.00878E-4	0	0
66.70007	7.00936E-4	0	0
66.80007	7.00983E-4	0	0
66.90007	7.01021E-4	0	0
67.00007	7.01049E-4	0	0
67.10007	7.01067E-4	0	0
67.20007	7.01075E-4	0	0
67.30007	7.01072E-4	0	0
67.40007	7.0106E-4	0	0
67.50007	7.01038E-4	0	0
67.60007	7.01005E-4	0	0
67.70007	7.00962E-4	0	0
67.80007	7.00909E-4	0	0
67.90007	7.00846E-4	0	0
68.00007	7.00773E-4	0	0
68.10007	7.00689E-4	0	0
68.20007	7.00595E-4	0	0
68.30007	7.0049E-4	0	0
68.40007	7.00375E-4	0	0
68.50007	7.0025E-4	0	0
68.60007	7.00114E-4	0	0
68.70007	6.99968E-4	0	0
68.80007	6.99811E-4	0	0
68.90007	6.99643E-4	0	0
69.00007	6.99465E-4	0	0
69.10007	6.99277E-4	0	0
69.20007	6.99077E-4	0	0
69.30007	6.98867E-4	0	0
69.40007	6.98646E-4	0	0
69.50007	6.98415E-4	0	0
69.60007	6.98172E-4	0	0
69.70007	6.97919E-4	0	0
69.80007	6.97655E-4	0	0
69.90007	6.9738E-4	0	0
70.00007	6.97094E-4	0	0
70.10007	6.96797E-4	0	0
70.20007	6.96489E-4	0	0
70.30007	6.9617E-4	0	0
70.40007	6.9584E-4	0	0
70.50007	6.95499E-4	0	0
70.60007	6.95147E-4	0	0
70.70007	6.94784E-4	0	0
70.80007	6.94409E-4	0	0
70.90007	6.94024E-4	0	0
71.00007	6.93626E-4	0	0
71.10007	6.93218E-4	0	0
71.20007	6.92799E-4	0	0
71.30007	6.92368E-4	0	0
71.40007	6.91925E-4	0	0
71.50007	6.91472E-4	0	0
71.60007	6.91006E-4	0	0
71.70007	6.9053E-4	0	0
71.80007	6.90041E-4	0	0
71.90007	6.89542E-4	0	0
72.00007	6.8903E-4	0	0
72.10007	6.88508E-4	0	0
72.20007	6.87973E-4	0	0
72.30007	6.87427E-4	0	0
72.40007	6.86869E-4	0	0
72.50007	6.86299E-4	0	0
72.60007	6.85718E-4	0	0
72.70007	6.85125E-4	0	0
72.80007	6.8452E-4	0	0
72.90007	6.83903E-4	0	0
73.00007	6.83274E-4	0	0
73.10007	6.82633E-4	0	0
73.20007	6.81981E-4	0	0
73.30007	6.81316E-4	0	0
73.40007	6.80639E-4	0	0
73.50007	6.79951E-4	0	0
73.60007	6.7925E-4	0	0
73.70007	6.78537E-4	0	0
73.80007	6.77812E-4	0	0
73.90007	6.77075E-4	0	0
74.00007	6.76326E-4	0	0
74.10007	6.75564E-4	0	0
74.20007	6.7479E-4	0	0
74.30007	6.74004E-4	0	0
74.40007	6.73205E-4	0	0
74.50007	6.72395E-4	0	0
74.60007	6.71571E-4	0	0
74.70007	6.70736E-4	0	0
74.80007	6.69888E-4	0	0
74.90007	6.69027E-4	0	0
75.00008	6.68154E-4	0	0
75.10008	6.67268E-4	0	0
75.20008	6.6637E-4	0	0
75.30008	6.65459E-4	0	0
75.40008	6.64536E-4	0	0
75.50008	6.636E-4	0	0
75.60008	6.62651E-4	0	0
75.70008	6.61689E-4	0	0
75.80008	6.60715E-4	0	0
75.90008	6.59728E-4	0	0
76.00008	6.58728E-4	0	0
76.10008	6.57715E-4	0	0
76.20008	6.5669E-4	0	0
76.30008	6.55651E-4	0	0
76.40008	6.546E-4	0	0
76.50008	6.53535E-4	0	0
76.60008	6.52458E-4	0	0
76.70008	6.51367E-4	0	0
76.80008	6.50264E-4	0	0
76.90008	6.49147E-4	0	0
77.00008	6.48017E-4	0	0
77.10008	6.46874E-4	0	0
77.20008	6.45718E-4	0	0
77.30008	6.44549E-4	0	0
77.40008	6.43367E-4	0	0
77.50008	6.42171E-4	0	0
77.60008	6.40962E-4	0	0
77.70008	6.39739E-4	0	0
77.80008	6.38503E-4	0	0
77.90008	6.37254E-4	0	0
78.00008	6.35991E-4	0	0
78.10008	6.34715E-4	0	0
78.20008	6.33426E-4	0	0
78.30008	6.32123E-4	0	0
78.40008	6.30806E-4	0	0
78.50008	6.29476E-4	0	0
78.60008	6.28132E-4	0	0
78.70008	6.26775E-4	0	0
78.80008	6.25403E-4	0	0
78.90008	6.24019E-4	0	0
79.00008	6.2262E-4	0	0
79.10008	6.21208E-4	0	0
79.20008	6.19782E-4	0	0
79.30008	6.18342E-4	0	0
79.40008	6.16888E-4	0	0
79.50008	6.15421E-4	0	0
79.60008	6.13939E-4	0	0
79.70008	6.12444E-4	0	0
79.80008	6.10934E-4	0	0
79.90008	6.09411E-4	0	0
80.00008	6.07874E-4	0	0
80.10008	6.06322E-4	0	0
80.20008	6.04757E-4	0	0
80.30008	6.03177E-4	0	0
80.40008	6.01584E-4	0	0
80.50008	5.99976E-4	0	0
80.60008	5.98354E-4	0	0
80.70008	5.96717E-4	0	0
80.80008	5.95067E-4	0	0
80.90008	5.93402E-4	0	0
81.00008	5.91723E-4	0	0
81.10008	5.90029E-4	0	0
81.20008	5.88322E-4	0	0
81.30008	5.86599E-4	0	0
81.40008	5.84863E-4	0	0
81.50008	5.83112E-4	0	0
81.60008	5.81346E-4	0	0
81.70008	5.79566E-4	0	0
81.80008	5.77771E-4	0	0
81.90008	5.75962E-4	0	0
82.00008	5.74138E-4	0	0
82.10008	5.723E-4	0	0
82.20008	5.70447E-4	0	0
82.30008	5.68579E-4	0	0
82.40008	5.66696E-4	0	0
82.50008	5.64799E-4	0	0
82.60008	5.62887E-4	0	0
82.70008	5.6096E-4	0	0
82.80008	5.59019E-4	0	0
82.90008	5.57062E-4	0	0
83.00008	5.55091E-4	0	0
83.10008	5.53105E-4	0	0
83.20008	5.51103E-4	0	0
83.30008	5.49087E-4	0	0
83.40008	5.47056E-4	0	0
83.50008	5.4501E-4	0	0
83.60008	5.42949E-4	0	0
83.70008	5.40872E-4	0	0
83.80008	5.38781E-4	0	0
83.90008	5.36674E-4	0	0
84.00008	5.34552E-4	0	0
84.10008	5.32415E-4	0	0
84.20008	5.30263E-4	0	0
84.30008	5.28096E-4	0	0
84.40008	5.25913E-4	0	0
84.50008	5.23715E-4	0	0
84.60008	5.21502E-4	0	0
84.70008	5.19273E-4	0	0
84.80008	5.17029E-4	0	0
84.90008	5.14769E-4	0	0
85.00009	5.12495E-4	0	0
85.10009	5.10204E-4	0	0
85.20009	5.07898E-4	0	0
85.30009	5.05577E-4	0	0
85.40009	5.0324E-4	0	0
85.50009	5.00887E-4	0	0
85.60009	4.98519E-4	0	0
85.70009	4.96135E-4	0	0
85.80009	4.93735E-4	0	0
85.90009	4.9132E-4	0	0
86.00009	4.88889E-4	0	0
86.10009	4.86443E-4	0	0
86.20009	4.8398E-4	0	0
86.30009	4.81502E-4	0	0
86.40009	4.79008E-4	0	0
86.50009	4.76498E-4	0	0
86.60009	4.73972E-4	0	0
86.70009	4.7143E-4	0	0
86.80009	4.68872E-4	0	0
86.90009	4.66299E-4	0	0
87.00009	4.63709E-4	0	0
87.10009	4.61103E-4	0	0
87.20009	4.58482E-4	0	0
87.30009	4.55844E-4	0	0
87.40009	4.5319E-4	0	0
87.50009	4.5052E-4	0	0
87.60009	4.47834E-4	0	0
87.70009	4.45131E-4	0	0
87.80009	4.42413E-4	0	0
87.90009	4.39678E-4	0	0
88.00009	4.36927E-4	0	0
88.10009	4.3416E-4	0	0
88.20009	4.31376E-4	0	0
88.30009	4.28576E-4	0	0
88.40009	4.2576E-4	0	0
88.50009	4.22927E-4	0	0
88.60009	4.20078E-4	0	0
88.70009	4.17212E-4	0	0
88.80009	4.1433E-4	0	0
88.90009	4.11432E-4	0	0
89.00009	4.08517E-4	0	0
89.10009	4.05585E-4	0	0
89.20009	4.02637E-4	0	0
89.30009	3.99672E-4	0	0
89.40009	3.96691E-4	0	0
89.50009	3.93693E-4	0	0
89.60009	3.90678E-4	0	0
89.70009	3.87647E-4	0	0
89.80009	3.84599E-4	0	0
89.90009	3.81534E-4	0	0
90.00009	3.78453E-4	0	0
90.10009	3.75354E-4	0	0
90.20009	3.72239E-4	0	0
90.30009	3.69107E-4	0	0
90.40009	3.65958E-4	0	0
90.50009	3.62792E-4	0	0
90.60009	3.5961E-4	0	0
90.70009	3.5641E-4	0	0
90.80009	3.53193E-4	0	0
90.90009	3.4996E-4	0	0
91.00009	3.46709E-4	0	0
91.10009	3.43441E-4	0	0
91.20009	3.40156E-4	0	0
91.30009	3.36855E-4	0	0
91.40009	3.33536E-4	0	0
91.50009	3.302E-4	0	0
91.60009	3.26846E-4	0	0
91.70009	3.23476E-4	0	0
91.80009	3.20088E-4	0	0
91.90009	3.16683E-4	0	0
92.00009	3.13261E-4	0	0
92.10009	3.09822E-4	0	0
92.20009	3.06365E-4	0	0
92.30009	3.02891E-4	0	0
92.40009	2.99399E-4	0	0
92.50009	2.9589E-4	0	0
92.60009	2.92364E-4	0	0
92.70009	2.8882E-4	0	0
92.80009	2.85259E-4	0	0
92.90009	2.81681E-4	0	0
93.00009	2.78085E-4	0	0
93.10009	2.74471E-4	0	0
93.20009	2.7084E-4	0	0
93.30009	2.67191E-4	0	0
93.40009	2.63525E-4	0	0
93.50009	2.59841E-4	0	0
93.60009	2.56139E-4	0	0
93.70009	2.5242E-4	0	0
93.80009	2.48683E-4	0	0
93.90009	2.44928E-4	0	0
94.00009	2.41156E-4	0	0
94.10009	2.37366E-4	0	0
94.20009	2.33558E-4	0	0
94.30009	2.29732E-4	0	0
94.40009	2.25888E-4	0	0
94.50009	2.22027E-4	0	0
94.60009	2.18148E-4	0	0
94.70009	2.14251E-4	0	0
94.80009	2.10335E-4	0	0
94.90009	2.06402E-4	0	0
95.0001	2.02451E-4	0	0
95.1001	1.98483E-4	0	0
95.2001	1.94496E-4	0	0
95.3001	1.90491E-4	0	0
95.4001	1.86468E-4	0	0
95.5001	1.82426E-4	0	0
95.6001	1.78367E-4	0	0
95.7001	1.7429E-4	0	0
95.8001	1.70194E-4	0	0
95.9001	1.66081E-4	0	0
96.0001	1.61949E-4	0	0
96.1001	1.57799E-4	0	0
96.2001	1.53631E-4	0	0
96.3001	1.49444E-4	0	0
96.4001	1.45239E-4	0	0
96.5001	1.41016E-4	0	0
96.6001	1.36775E-4	0	0
96.7001	1.32515E-4	0	0
96.8001	1.28237E-4	0	0
96.9001	1.23941E-4	0	0
97.0001	1.19626E-4	0	0
97.1001	1.15293E-4	0	0
97.2001	1.10941E-4	0	0
97.3001	1.06571E-4	0	0
97.4001	1.02182E-4	0	0
97.5001	9.77751E-5	0	0
97.6001	9.33494E-5	0	0
97.7001	8.89052E-5	0	0
97.8001	8.44424E-5	0	0
97.9001	7.9961E-5	0	0
98.0001	7.5461E-5	0	0
98.1001	7.09424E-5	0	0
98.2001	6.64051E-5	0	0
98.3001	6.18492E-5	0	0
98.4001	5.72745E-5	0	0
98.5001	5.26812E-5	0	0
98.6001	4.80691E-5	0	0
98.7001	4.34382E-5	0	0
98.8001	3.87886E-5	0	0
98.9001	3.41201E-5	0	0
99.0001	2.94329E-5	0	0
99.1001	2.47268E-5	0	0
99.2001	2.00019E-5	0	0
99.3001	1.52581E-5	0	0
99.4001	1.04953E-5	0	0
99.5001	5.7137E-6	0	0
99.6001	9.13119E-7	0	0
99.7001	-3.90642E-6	0	0
99.8001	-8.74493E-6	0	0
99.9001	-1.36024E-5	0	0
100.0001	-1.8479E-5	0	0
100.1001	-2.33745E-5	0	0
100.2001	-2.82892E-5	0	0
100.3001	-3.32229E-5	0	0
100.4001	-3.81757E-5	0	0
100.5001	-4.31476E-5	0	0
100.6001	-4.81387E-5	0	0
100.7001	-5.31489E-5	0	0
100.8001	-5.81783E-5	0	0
100.9001	-6.32269E-5	0	0
101.0001	-6.82947E-5	0	0
101.1001	-7.33817E-5	0	0
101.2001	-7.8488E-5	0	0
101.3001	-8.36135E-5	0	0
101.4001	-8.87584E-5	0	0
101.5001	-9.39225E-5	0	0
101.6001	-9.9106E-5	0	0
101.7001	-1.04309E-4	0	0
101.8001	-1.09531E-4	0	0
101.9001	-1.14773E-4	0	0
102.0001	-1.20034E-4	0	0
102.1001	-1.25314E-4	0	0
102.2001	-1.30614E-4	0	0
102.3001	-1.35933E-4	0	0
102.4001	-1.41272E-4	0	0
102.5001	-1.4663E-4	0	0
102.6001	-1.52008E-4	0	0
102.7001	-1.57406E-4	0	0
102.8001	-1.62822E-4	0	0
102.9001	-1.68259E-4	0	0
103.0001	-1.73715E-4	0	0
103.1001	-1.79191E-4	0	0
103.2001	-1.84686E-4	0	0
103.3001	-1.90201E-4	0	0
103.4001	-1.95735E-4	0	0
103.5001	-2.0129E-4	0	0
103.6001	-2.06864E-4	0	0
103.7001	-2.12457E-4	0	0
103.8001	-2.18071E-4	0	0
103.9001	-2.23704E-4	0	0
104.0001	-2.29357E-4	0	0
104.1001	-2.35029E-4	0	0
104.2001	-2.40722E-4	0	0
104.3001	-2.46434E-4	0	0
104.4001	-2.52166E-4	0	0
104.5001	-2.57918E-4	0	0
104.6001	-2.6369E-4	0	0
104.7001	-2.69482E-4	0	0
104.8001	-2.75294E-4	0	0
104.9001	-2.81125E-4	0	0
105.00011	-2.86977E-4	0	0
105.10011	-2.92848E-4	0	0
105.20011	-2.98739E-4	0	0
105.30011	-3.04651E-4	0	0
105.40011	-3.10582E-4	0	0
105.50011	-3.16534E-4	0	0
105.60011	-3.22505E-4	0	0
105.70011	-3.28497E-4	0	0
105.80011	-3.34508E-4	0	0
105.90011	-3.4054E-4	0	0
106.00011	-3.46592E-4	0	0
106.10011	-3.52663E-4	0	0
106.20011	-3.58755E-4	0	0
106.30011	-3.64867E-4	0	0
106.40011	-3.71E-4	0	0
106.50011	-3.77152E-4	0	0
106.60011	-3.83325E-4	0	0
106.70011	-3.89518E-4	0	0
106.80011	-3.95731E-4	0	0
106.90011	-4.01964E-4	0	0
107.00011	-4.08218E-4	0	0
107.10011	-4.14492E-4	0	0
107.20011	-4.20786E-4	0	0
107.30011	-4.271E-4	0	0
107.40011	-4.33435E-4	0	0
107.50011	-4.3979E-4	0	0
107.60011	-4.46165E-4	0	0
107.70011	-4.52561E-4	0	0
107.80011	-4.58977E-4	0	0
107.90011	-4.65414E-4	0	0
108.00011	-4.71871E-4	0	0
108.10011	-4.78348E-4	0	0
108.20011	-4.84846E-4	0	0
108.30011	-4.91364E-4	0	0
108.40011	-4.97903E-4	0	0
108.50011	-5.04462E-4	0	0
108.60011	-5.11042E-4	0	0
108.70011	-5.17642E-4	0	0
108.80011	-5.24263E-4	0	0
108.90011	-5.30904E-4	0	0
109.00011	-5.37566E-4	0	0
109.10011	-5.44248E-4	0	0
109.20011	-5.50951E-4	0	0
109.30011	-5.57675E-4	0	0
109.40011	-5.64419E-4	0	0
109.50011	-5.71184E-4	0	0
109.60011	-5.77969E-4	0	0
109.70011	-5.84775E-4	0	0
109.80011	-5.91602E-4	0	0
109.90011	-5.98449E-4	0	0
110.00011	-6.05317E-4	0	0
110.10011	-6.12206E-4	0	0
110.20011	-6.19115E-4	0	0
110.30011	-6.26045E-4	0	0
110.40011	-6.32996E-4	0	0
110.50011	-6.39968E-4	0	0
110.60011	-6.4696E-4	0	0
110.70011	-6.53973E-4	0	0
110.80011	-6.61007E-4	0	0
110.90011	-6.68062E-4	0	0
111.00011	-6.75138E-4	0	0
111.10011	-6.82234E-4	0	0
111.20011	-6.89351E-4	0	0
111.30011	-6.96489E-4	0	0
111.40011	-7.03648E-4	0	0
111.50011	-7.10828E-4	0	0
111.60011	-7.18029E-4	0	0
111.70011	-7.25251E-4	0	0
111.80011	-7.32493E-4	0	0
111.90011	-7.39756E-4	0	0
112.00011	-7.47041E-4	0	0
112.10011	-7.54346E-4	0	0
112.20011	-7.61673E-4	0	0
112.30011	-7.6902E-4	0	0
112.40011	-7.76388E-4	0	0
112.50011	-7.83777E-4	0	0
112.60011	-7.91188E-4	0	0
112.70011	-7.98619E-4	0	0
112.80011	-8.06071E-4	0	0
112.90011	-8.13545E-4	0	0
113.00011	-8.21039E-4	0	0
113.10011	-8.28554E-4	0	0
113.20011	-8.36091E-4	0	0
113.30011	-8.43649E-4	0	0
113.40011	-8.51227E-4	0	0
113.50011	-8.58827E-4	0	0
113.60011	-8.66448E-4	0	0
113.70011	-8.7409E-4	0	0
113.80011	-8.81753E-4	0	0
113.90011	-8.89438E-4	0	0
114.00011	-8.97143E-4	0	0
114.10011	-9.0487E-4	0	0
114.20011	-9.12618E-4	0	0
114.30011	-9.20387E-4	0	0
114.40011	-9.28177E-4	0	0
114.50011	-9.35989E-4	0	0
114.60011	-9.43822E-4	0	0
114.70011	-9.51676E-4	0	0
114.80011	-9.59551E-4	0	0
114.90011	-9.67447E-4	0	0
115.00012	-9.75365E-4	0	0
115.10012	-9.83304E-4	0	0
115.20012	-9.91264E-4	0	0
115.30012	-9.99246E-4	0	0
115.40012	-0.00101	0	0
115.50012	-0.00102	0	0
115.60012	-0.00102	0	0
115.70012	-0.00103	0	0
115.80012	-0.00104	0	0
115.90012	-0.00105	0	0
116.00012	-0.00106	0	0
116.10012	-0.00106	0	0
116.20012	-0.00107	0	0
116.30012	-0.00108	0	0
116.40012	-0.00109	0	0
116.50012	-0.0011	0	0
116.60012	-0.0011	0	0
116.70012	-0.00111	0	0
116.80012	-0.00112	0	0
116.90012	-0.00113	0	0
117.00012	-0.00114	0	0
117.10012	-0.00115	0	0
117.20012	-0.00115	0	0
117.30012	-0.00116	0	0
117.40012	-0.00117	0	0
117.50012	-0.00118	0	0
117.60012	-0.00119	0	0
117.70012	-0.0012	0	0
117.80012	-0.00121	0	0
117.90012	-0.00121	0	0
118.00012	-0.00122	0	0
118.10012	-0.00123	0	0
118.20012	-0.00124	0	0
118.30012	-0.00125	0	0
118.40012	-0.00126	0	0
118.50012	-0.00127	0	0
118.60012	-0.00127	0	0
118.70012	-0.00128	0	0
118.80012	-0.00129	0	0
118.90012	-0.0013	0	0
119.00012	-0.00131	0	0
119.10012	-0.00132	0	0
119.20012	-0.00133	0	0
119.30012	-0.00134	0	0
119.40012	-0.00134	0	0
119.50012	-0.00135	0	0
119.60012	-0.00136	0	0
119.70012	-0.00137	0	0
119.80012	-0.00138	0	0
119.90012	-0.00139	0	0
120.00012	-0.0014	0	0
120.10012	-0.00141	0	0
120.20012	-0.00142	0	0
120.30012	-0.00143	0	0
120.40012	-0.00143	0	0
120.50012	-0.00144	0	0
120.60012	-0.00145	0	0
120.70012	-0.00146	0	0
120.80012	-0.00147	0	0
120.90012	-0.00148	0	0
121.00012	-0.00149	0	0
121.10012	-0.0015	0	0
121.20012	-0.00151	0	0
121.30012	-0.00152	0	0
121.40012	-0.00153	0	0
121.50012	-0.00154	0	0
121.60012	-0.00155	0	0
121.70012	-0.00155	0	0
121.80012	-0.00156	0	0
121.90012	-0.00157	0	0
122.00012	-0.00158	0	0
122.10012	-0.00159	0	0
122.20012	-0.0016	0	0
122.30012	-0.00161	0	0
122.40012	-0.00162	0	0
122.50012	-0.00163	0	0
122.60012	-0.00164	0	0
122.70012	-0.00165	0	0
122.80012	-0.00166	0	0
122.90012	-0.00167	0	0
123.00012	-0.00168	0	0
123.10012	-0.00169	0	0
123.20012	-0.0017	0	0
123.30012	-0.00171	0	0
123.40012	-0.00172	0	0
123.50012	-0.00173	0	0
123.60012	-0.00174	0	0
123.70012	-0.00175	0	0
123.80012	-0.00176	0	0
123.90012	-0.00177	0	0
124.00012	-0.00178	0	0
124.10012	-0.00179	0	0
124.20012	-0.0018	0	0
124.30012	-0.00181	0	0
124.40012	-0.00182	0	0
124.50012	-0.00183	0	0
124.60012	-0.00184	0	0
124.70012	-0.00185	0	0
124.80012	-0.00186	0	0
124.90012	-0.00187	0	0
125.00013	-0.00188	0	0
125.10013	-0.00189	0	0
125.20013	-0.0019	0	0
125.30013	-0.00191	0	0
125.40013	-0.00192	0	0
125.50013	-0.00193	0	0
125.60013	-0.00194	0	0
125.70013	-0.00195	0	0
125.80013	-0.00196	0	0
125.90013	-0.00197	0	0
126.00013	-0.00198	0	0
126.10013	-0.00199	0	0
126.20013	-0.002	0	0
126.30013	-0.00201	0	0
126.40013	-0.00202	0	0
126.50013	-0.00203	0	0
126.60013	-0.00204	0	0
126.70013	-0.00205	0	0
126.80013	-0.00206	0	0
126.90013	-0.00207	0	0
127.00013	-0.00208	0	0
127.10013	-0.00209	0	0
127.20013	-0.0021	0	0
127.30013	-0.00211	0	0
127.40013	-0.00212	0	0
127.50013	-0.00214	0	0
127.60013	-0.00215	0	0
127.70013	-0.00216	0	0
127.80013	-0.00217	0	0
127.90013	-0.00218	0	0
128.00013	-0.00219	0	0
128.10013	-0.0022	0	0
128.20013	-0.00221	0	0
128.30013	-0.00222	0	0
128.40013	-0.00223	0	0
128.50013	-0.00224	0	0
128.60013	-0.00225	0	0
128.70013	-0.00226	0	0
128.80013	-0.00228	0	0
128.90013	-0.00229	0	0
129.00013	-0.0023	0	0
129.10013	-0.00231	0	0
129.20013	-0.00232	0	0
129.30013	-0.00233	0	0
129.40013	-0.00234	0	0
129.50013	-0.00235	0	0
129.60013	-0.00236	0	0
129.70013	-0.00237	0	0
129.80013	-0.00239	0	0
129.90013	-0.0024	0	0
130.00013	-0.00241	0	0
130.10013	-0.00242	0	0
130.20013	-0.00243	0	0
130.30013	-0.00244	0	0
130.40013	-0.00245	0	0
130.50013	-0.00246	0	0
130.60013	-0.00248	0	0
130.70013	-0.00249	0	0
130.80013	-0.0025	0	0
130.90013	-0.00251	0	0
131.00013	-0.00252	0	0
131.10013	-0.00253	0	0
131.20013	-0.00254	0	0
131.30013	-0.00256	0	0
131.40013	-0.00257	0	0
131.50013	-0.00258	0	0
131.60013	-0.00259	0	0
131.70013	-0.0026	0	0
131.80013	-0.00261	0	0
131.90013	-0.00262	0	0
132.00013	-0.00264	0	0
132.10013	-0.00265	0	0
132.20013	-0.00266	0	0
132.30013	-0.00267	0	0
132.40013	-0.00268	0	0
132.50013	-0.00269	0	0
132.60013	-0.00271	0	0
132.70013	-0.00272	0	0
132.80013	-0.00273	0	0
132.90013	-0.00274	0	0
133.00013	-0.00275	0	0
133.10013	-0.00277	0	0
133.20013	-0.00278	0	0
133.30013	-0.00279	0	0
133.40013	-0.0028	0	0
133.50013	-0.00281	0	0
133.60013	-0.00283	0	0
133.70013	-0.00284	0	0
133.80013	-0.00285	0	0
133.90013	-0.00286	0	0
134.00013	-0.00287	0	0
134.10013	-0.00289	0	0
134.20013	-0.0029	0	0
134.30013	-0.00291	0	0
134.40013	-0.00292	0	0
134.50013	-0.00293	0	0
134.60013	-0.00295	0	0
134.70013	-0.00296	0	0
134.80013	-0.00297	0	0
134.90013	-0.00298	0	0
135.00014	-0.003	0	0
135.10014	-0.00301	0	0
135.20014	-0.00302	0	0
135.30014	-0.00303	0	0
135.40014	-0.00304	0	0
135.50014	-0.00306	0	0
135.60014	-0.00307	0	0
135.70014	-0.00308	0	0
135.80014	-0.00309	0	0
135.90014	-0.00311	0	0
136.00014	-0.00312	0	0
136.10014	-0.00313	0	0
136.20014	-0.00314	0	0
136.30014	-0.00316	0	0
136.40014	-0.00317	0	0
136.50014	-0.00318	0	0
136.60014	-0.00319	0	0
136.70014	-0.00321	0	0
136.80014	-0.00322	0	0
136.90014	-0.00323	0	0
137.00014	-0.00325	0	0
137.10014	-0.00326	0	0
137.20014	-0.00327	0	0
137.30014	-0.00328	0	0
137.40014	-0.0033	0	0
137.50014	-0.00331	0	0
137.60014	-0.00332	0	0
137.70014	-0.00333	0	0
137.80014	-0.00335	0	0
137.90014	-0.00336	0	0
138.00014	-0.00337	0	0
138.10014	-0.00339	0	0
138.20014	-0.0034	0	0
138.30014	-0.00341	0	0
138.40014	-0.00343	0	0
138.50014	-0.00344	0	0
138.60014	-0.00345	0	0
138.70014	-0.00346	0	0
138.80014	-0.00348	0	0
138.90014	-0.00349	0	0
139.00014	-0.0035	0	0
139.10014	-0.00352	0	0
139.20014	-0.00353	0	0
139.30014	-0.00354	0	0
139.40014	-0.00356	0	0
139.50014	-0.00357	0	0
139.60014	-0.00358	0	0
139.70014	-0.0036	0	0
139.80014	-0.00361	0	0
139.90014	-0.00362	0	0
140.00014	-0.00364	0	0
140.10014	-0.00365	0	0
140.20014	-0.00366	0	0
140.30014	-0.00368	0	0
140.40014	-0.00369	0	0
140.50014	-0.0037	0	0
140.60014	-0.00372	0	0
140.70014	-0.00373	0	0
140.80014	-0.00374	0	0
140.90014	-0.00376	0	0
141.00014	-0.00377	0	0
141.10014	-0.00379	0	0
141.20014	-0.0038	0	0
141.30014	-0.00381	0	0
141.40014	-0.00383	0	0
141.50014	-0.00384	0	0
141.60014	-0.00385	0	0
141.70014	-0.00387	0	0
141.80014	-0.00388	0	0
141.90014	-0.0039	0	0
142.00014	-0.00391	0	0
142.10014	-0.00392	0	0
142.20014	-0.00394	0	0
142.30014	-0.00395	0	0
142.40014	-0.00396	0	0
142.50014	-0.00398	0	0
142.60014	-0.00399	0	0
142.70014	-0.00401	0	0
142.80014	-0.00402	0	0
142.90014	-0.00403	0	0
143.00014	-0.00405	0	0
143.10014	-0.00406	0	0
143.20014	-0.00408	0	0
143.30014	-0.00409	0	0
143.40014	-0.0041	0	0
143.50014	-0.00412	0	0
143.60014	-0.00413	0	0
143.70014	-0.00415	0	0
143.80014	-0.00416	0	0
143.90014	-0.00418	0	0
144.00014	-0.00419	0	0
144.10014	-0.0042	0	0
144.20014	-0.00422	0	0
144.30014	-0.00423	0	0
144.40014	-0.00425	0	0
144.50014	-0.00426	0	0
144.60014	-0.00428	0	0
144.70014	-0.00429	0	0
144.80014	-0.0043	0	0
144.90014	-0.00432	0	0
145.00015	-0.00433	0	0
145.10015	-0.00435	0	0
145.20015	-0.00436	0	0
145.30015	-0.00438	0	0
145.40015	-0.00439	0	0
145.50015	-0.00441	0	0
145.60015	-0.00442	0	0
145.70015	-0.00443	0	0
145.80015	-0.00445	0	0
145.90015	-0.00446	0	0
146.00015	-0.00448	0	0
146.10015	-0.00449	0	0
146.20015	-0.00451	0	0
146.30015	-0.00452	0	0
146.40015	-0.00454	0	0
146.50015	-0.00455	0	0
146.60015	-0.00457	0	0
146.70015	-0.00458	0	0
146.80015	-0.0046	0	0
146.90015	-0.00461	0	0
147.00015	-0.00463	0	0
147.10015	-0.00464	0	0
147.20015	-0.00466	0	0
147.30015	-0.00467	0	0
147.40015	-0.00469	0	0
147.50015	-0.0047	0	0
147.60015	-0.00472	0	0
147.70015	-0.00473	0	0
147.80015	-0.00475	0	0
147.90015	-0.00476	0	0
148.00015	-0.00478	0	0
148.10015	-0.00479	0	0
148.20015	-0.00481	0	0
148.30015	-0.00482	0	0
148.40015	-0.00484	0	0
148.50015	-0.00485	0	0
148.60015	-0.00487	0	0
148.70015	-0.00488	0	0
148.80015	-0.0049	0	0
148.90015	-0.00491	0	0
149.00015	-0.00493	0	0
149.10015	-0.00494	0	0
149.20015	-0.00496	0	0
149.30015	-0.00497	0	0
149.40015	-0.00499	0	0
149.50015	-0.005	0	0
149.60015	-0.00502	0	0
149.70015	-0.00504	0	0
149.80015	-0.00505	0	0
149.90015	-0.00507	0	0
150.00015	-0.00508	0	0
150.10015	-0.0051	0	0
150.20015	-0.00511	0	0
150.30015	-0.00513	0	0
150.40015	-0.00514	0	0
150.50015	-0.00516	0	0
150.60015	-0.00517	0	0
150.70015	-0.00519	0	0
150.80015	-0.00521	0	0
150.90015	-0.00522	0	0
151.00015	-0.00524	0	0
151.10015	-0.00525	0	0
151.20015	-0.00527	0	0
151.30015	-0.00528	0	0
151.40015	-0.0053	0	0
151.50015	-0.00532	0	0
151.60015	-0.00533	0	0
151.70015	-0.00535	0	0
151.80015	-0.00536	0	0
151.90015	-0.00538	0	0
152.00015	-0.0054	0	0
152.10015	-0.00541	0	0
152.20015	-0.00543	0	0
152.30015	-0.00544	0	0
152.40015	-0.00546	0	0
152.50015	-0.00548	0	0
152.60015	-0.00549	0	0
152.70015	-0.00551	0	0
152.80015	-0.00552	0	0
152.90015	-0.00554	0	0
153.00015	-0.00556	0	0
153.10015	-0.00557	0	0
153.20015	-0.00559	0	0
153.30015	-0.0056	0	0
153.40015	-0.00562	0	0
153.50015	-0.00564	0	0
153.60015	-0.00565	0	0
153.70015	-0.00567	0	0
153.80015	-0.00568	0	0
153.90015	-0.0057	0	0
154.00015	-0.00572	0	0
154.10015	-0.00573	0	0
154.20015	-0.00575	0	0
154.30015	-0.00577	0	0
154.40015	-0.00578	0	0
154.50015	-0.0058	0	0
154.60015	-0.00582	0	0
154.70015	-0.00583	0	0
154.80015	-0.00585	0	0
154.90015	-0.00587	0	0
155.00016	-0.00588	0	0
155.10016	-0.0059	0	0
155.20016	-0.00591	0	0
155.30016	-0.00593	0	0
155.40016	-0.00595	0	0
155.50016	-0.00596	0	0
155.60016	-0.00598	0	0
155.70016	-0.006	0	0
155.80016	-0.00601	0	0
155.90016	-0.00603	0	0
156.00016	-0.00605	0	0
156.10016	-0.00606	0	0
156.20016	-0.00608	0	0
156.30016	-0.0061	0	0
156.40016	-0.00611	0	0
156.50016	-0.00613	0	0
156.60016	-0.00615	0	0
156.70016	-0.00617	0	0
156.80016	-0.00618	0	0
156.90016	-0.0062	0	0
157.00016	-0.00622	0	0
157.10016	-0.00623	0	0
157.20016	-0.00625	0	0
157.30016	-0.00627	0	0
157.40016	-0.00628	0	0
157.50016	-0.0063	0	0
157.60016	-0.00632	0	0
157.70016	-0.00633	0	0
157.80016	-0.00635	0	0
157.90016	-0.00637	0	0
158.00016	-0.00639	0	0
158.10016	-0.0064	0	0
158.20016	-0.00642	0	0
158.30016	-0.00644	0	0
158.40016	-0.00645	0	0
158.50016	-0.00647	0	0
158.60016	-0.00649	0	0
158.70016	-0.00651	0	0
158.80016	-0.00652	0	0
158.90016	-0.00654	0	0
159.00016	-0.00656	0	0
159.10016	-0.00658	0	0
159.20016	-0.00659	0	0
159.30016	-0.00661	0	0
159.40016	-0.00663	0	0
159.50016	-0.00664	0	0
159.60016	-0.00666	0	0
159.70016	-0.00668	0	0
159.80016	-0.0067	0	0
159.90016	-0.00671	0	0
160.00016	-0.00673	0	0
160.10016	-0.00675	0	0
160.20016	-0.00677	0	0
160.30016	-0.00678	0	0
160.40016	-0.0068	0	0
160.50016	-0.00682	0	0
160.60016	-0.00684	0	0
160.70016	-0.00685	0	0
160.80016	-0.00687	0	0
160.90016	-0.00689	0	0
161.00016	-0.00691	0	0
161.10016	-0.00693	0	0
161.20016	-0.00694	0	0
161.30016	-0.00696	0	0
161.40016	-0.00698	0	0
161.50016	-0.007	0	0
161.60016	-0.00701	0	0
161.70016	-0.00703	0	0
161.80016	-0.00705	0	0
161.90016	-0.00707	0	0
162.00016	-0.00709	0	0
162.10016	-0.0071	0	0
162.20016	-0.00712	0	0
162.30016	-0.00714	0	0
162.40016	-0.00716	0	0
162.50016	-0.00717	0	0
162.60016	-0.00719	0	0
162.70016	-0.00721	0	0
162.80016	-0.00723	0	0
162.90016	-0.00725	0	0
163.00016	-0.00726	0	0
163.10016	-0.00728	0	0
163.20016	-0.0073	0	0
163.30016	-0.00732	0	0
163.40016	-0.00734	0	0
163.50016	-0.00736	0	0
163.60016	-0.00737	0	0
163.70016	-0.00739	0	0
163.80016	-0.00741	0	0
163.90016	-0.00743	0	0
164.00016	-0.00745	0	0
164.10016	-0.00746	0	0
164.20016	-0.00748	0	0
164.30016	-0.0075	0	0
164.40016	-0.00752	0	0
164.50016	-0.00754	0	0
164.60016	-0.00756	0	0
164.70016	-0.00757	0	0
164.80016	-0.00759	0	0
164.90016	-0.00761	0	0
165.00017	-0.00763	0	0
165.10017	-0.00765	0	0
165.20017	-0.00767	0	0
165.30017	-0.00769	0	0
165.40017	-0.0077	0	0
165.50017	-0.00772	0	0
165.60017	-0.00774	0	0
165.70017	-0.00776	0	0
165.80017	-0.00778	0	0
165.90017	-0.0078	0	0
166.00017	-0.00781	0	0
166.10017	-0.00783	0	0
166.20017	-0.00785	0	0
166.30017	-0.00787	0	0
166.40017	-0.00789	0	0
166.50017	-0.00791	0	0
166.60017	-0.00793	0	0
166.70017	-0.00795	0	0
166.80017	-0.00796	0	0
166.90017	-0.00798	0	0
167.00017	-0.008	0	0
167.10017	-0.00802	0	0
167.20017	-0.00804	0	0
167.30017	-0.00806	0	0
167.40017	-0.00808	0	0
167.50017	-0.0081	0	0
167.60017	-0.00811	0	0
167.70017	-0.00813	0	0
167.80017	-0.00815	0	0
167.90017	-0.00817	0	0
168.00017	-0.00819	0	0
168.10017	-0.00821	0	0
168.20017	-0.00823	0	0
168.30017	-0.00825	0	0
168.40017	-0.00827	0	0
168.50017	-0.00829	0	0
168.60017	-0.0083	0	0
168.70017	-0.00832	0	0
168.80017	-0.00834	0	0
168.90017	-0.00836	0	0
169.00017	-0.00838	0	0
169.10017	-0.0084	0	0
169.20017	-0.00842	0	0
169.30017	-0.00844	0	0
169.40017	-0.00846	0	0
169.50017	-0.00848	0	0
169.60017	-0.0085	0	0
169.70017	-0.00852	0	0
169.80017	-0.00853	0	0
169.90017	-0.00855	0	0
170.00017	-0.00857	0	0
170.10017	-0.00859	0	0
170.20017	-0.00861	0	0
170.30017	-0.00863	0	0
170.40017	-0.00865	0	0
170.50017	-0.00867	0	0
170.60017	-0.00869	0	0
170.70017	-0.00871	0	0
170.80017	-0.00873	0	0
170.90017	-0.00875	0	0
171.00017	-0.00877	0	0
171.10017	-0.00879	0	0
171.20017	-0.00881	0	0
171.30017	-0.00883	0	0
171.40017	-0.00885	0	0
171.50017	-0.00886	0	0
171.60017	-0.00888	0	0
171.70017	-0.0089	0	0
171.80017	-0.00892	0	0
171.90017	-0.00894	0	0
172.00017	-0.00896	0	0
172.10017	-0.00898	0	0
172.20017	-0.009	0	0
172.30017	-0.00902	0	0
172.40017	-0.00904	0	0
172.50017	-0.00906	0	0
172.60017	-0.00908	0	0
172.70017	-0.0091	0	0
172.80017	-0.00912	0	0
172.90017	-0.00914	0	0
173.00017	-0.00916	0	0
173.10017	-0.00918	0	0
173.20017	-0.0092	0	0
173.30017	-0.00922	0	0
173.40017	-0.00924	0	0
173.50017	-0.00926	0	0
173.60017	-0.00928	0	0
173.70017	-0.0093	0	0
173.80017	-0.00932	0	0
173.90017	-0.00934	0	0
174.00017	-0.00936	0	0
174.10017	-0.00938	0	0
174.20017	-0.0094	0	0
174.30017	-0.00942	0	0
174.40017	-0.00944	0	0
174.50017	-0.00946	0	0
174.60017	-0.00948	0	0
174.70017	-0.0095	0	0
174.80017	-0.00952	0	0
174.90017	-0.00954	0	0
175.00018	-0.00956	0	0
175.10018	-0.00958	0	0
175.20018	-0.0096	0	0
175.30018	-0.00962	0	0
175.40018	-0.00964	0	0
175.50018	-0.00966	0	0
175.60018	-0.00968	0	0
175.70018	-0.0097	0	0
175.80018	-0.00972	0	0
175.90018	-0.00974	0	0
176.00018	-0.00976	0	0
176.10018	-0.00978	0	0
176.20018	-0.0098	0	0
176.30018	-0.00982	0	0
176.40018	-0.00984	0	0
176.50018	-0.00986	0	0
176.60018	-0.00988	0	0
176.70018	-0.00991	0	0
176.80018	-0.00993	0	0
176.90018	-0.00995	0	0
177.00018	-0.00997	0	0
177.10018	-0.00999	0	0
177.20018	-0.01001	0	0
177.30018	-0.01003	0	0
177.40018	-0.01005	0	0
177.50018	-0.01007	0	0
177.60018	-0.01009	0	0
177.70018	-0.01011	0	0
177.80018	-0.01013	0	0
177.90018	-0.01015	0	0
178.00018	-0.01017	0	0
178.10018	-0.01019	0	0
178.20018	-0.01021	0	0
178.30018	-0.01023	0	0
178.40018	-0.01025	0	0
178.50018	-0.01028	0	0
178.60018	-0.0103	0	0
178.70018	-0.01032	0	0
178.80018	-0.01034	0	0
178.90018	-0.01036	0	0
179.00018	-0.01038	0	0
179.10018	-0.0104	0	0
179.20018	-0.01042	0	0
179.30018	-0.01044	0	0
179.40018	-0.01046	0	0
179.50018	-0.01048	0	0
179.60018	-0.0105	0	0
179.70018	-0.01052	0	0
179.80018	-0.01055	0	0
179.90018	-0.01057	0	0
180.00018	-0.01059	0	0
180.10018	-0.01061	0	0
180.20018	-0.01063	0	0
180.30018	-0.01065	0	0
180.40018	-0.01067	0	0
180.50018	-0.01069	0	0
180.60018	-0.01071	0	0
180.70018	-0.01073	0	0
180.80018	-0.01076	0	0
180.90018	-0.01078	0	0
181.00018	-0.0108	0	0
181.10018	-0.01082	0	0
181.20018	-0.01084	0	0
181.30018	-0.01086	0	0
181.40018	-0.01088	0	0
181.50018	-0.0109	0	0
181.60018	-0.01092	0	0
181.70018	-0.01095	0	0
181.80018	-0.01097	0	0
181.90018	-0.01099	0	0
182.00018	-0.01101	0	0
182.10018	-0.01103	0	0
182.20018	-0.01105	0	0
182.30018	-0.01107	0	0
182.40018	-0.01109	0	0
182.50018	-0.01112	0	0
182.60018	-0.01114	0	0
182.70018	-0.01116	0	0
182.80018	-0.01118	0	0
182.90018	-0.0112	0	0
183.00018	-0.01122	0	0
183.10018	-0.01124	0	0
183.20018	-0.01127	0	0
183.30018	-0.01129	0	0
183.40018	-0.01131	0	0
183.50018	-0.01133	0	0
183.60018	-0.01135	0	0
183.70018	-0.01137	0	0
183.80018	-0.01139	0	0
183.90018	-0.01142	0	0
184.00018	-0.01144	0	0
184.10018	-0.01146	0	0
184.20018	-0.01148	0	0
184.30018	-0.0115	0	0
184.40018	-0.01152	0	0
184.50018	-0.01155	0	0
184.60018	-0.01157	0	0
184.70018	-0.01159	0	0
184.80018	-0.01161	0	0
184.90018	-0.01163	0	0
185.00019	-0.01165	0	0
185.10019	-0.01168	0	0
185.20019	-0.0117	0	0
185.30019	-0.01172	0	0
185.40019	-0.01174	0	0
185.50019	-0.01176	0	0
185.60019	-0.01178	0	0
185.70019	-0.01181	0	0
185.80019	-0.01183	0	0
185.90019	-0.01185	0	0
186.00019	-0.01187	0	0
186.10019	-0.01189	0	0
186.20019	-0.01191	0	0
186.30019	-0.01194	0	0
186.40019	-0.01196	0	0
186.50019	-0.01198	0	0
186.60019	-0.012	0	0
186.70019	-0.01202	0	0
186.80019	-0.01205	0	0
186.90019	-0.01207	0	0
187.00019	-0.01209	0	0
187.10019	-0.01211	0	0
187.20019	-0.01213	0	0
187.30019	-0.01216	0	0
187.40019	-0.01218	0	0
187.50019	-0.0122	0	0
187.60019	-0.01222	0	0
187.70019	-0.01224	0	0
187.80019	-0.01227	0	0
187.90019	-0.01229	0	0
188.00019	-0.01231	0	0
188.10019	-0.01233	0	0
188.20019	-0.01235	0	0
188.30019	-0.01238	0	0
188.40019	-0.0124	0	0
188.50019	-0.01242	0	0
188.60019	-0.01244	0	0
188.70019	-0.01247	0	0
188.80019	-0.01249	0	0
188.90019	-0.01251	0	0
189.00019	-0.01253	0	0
189.10019	-0.01255	0	0
189.20019	-0.01258	0	0
189.30019	-0.0126	0	0
189.40019	-0.01262	0	0
189.50019	-0.01264	0	0
189.60019	-0.01267	0	0
189.70019	-0.01269	0	0
189.80019	-0.01271	0	0
189.90019	-0.01273	0	0
190.00019	-0.01275	0	0
190.10019	-0.01278	0	0
190.20019	-0.0128	0	0
190.30019	-0.01282	0	0
190.40019	-0.01284	0	0
190.50019	-0.01287	0	0
190.60019	-0.01289	0	0
190.70019	-0.01291	0	0
190.80019	-0.01293	0	0
190.90019	-0.01296	0	0
191.00019	-0.01298	0	0
191.10019	-0.013	0	0
191.20019	-0.01302	0	0
191.30019	-0.01305	0	0
191.40019	-0.01307	0	0
191.50019	-0.01309	0	0
191.60019	-0.01311	0	0
191.70019	-0.01314	0	0
191.80019	-0.01316	0	0
191.90019	-0.01318	0	0
192.00019	-0.0132	0	0
192.10019	-0.01323	0	0
192.20019	-0.01325	0	0
192.30019	-0.01327	0	0
192.40019	-0.0133	0	0
192.50019	-0.01332	0	0
192.60019	-0.01334	0	0
192.70019	-0.01336	0	0
192.80019	-0.01339	0	0
192.90019	-0.01341	0	0
193.00019	-0.01343	0	0
193.10019	-0.01345	0	0
193.20019	-0.01348	0	0
193.30019	-0.0135	0	0
193.40019	-0.01352	0	0
193.50019	-0.01355	0	0
193.60019	-0.01357	0	0
193.70019	-0.01359	0	0
193.80019	-0.01361	0	0
193.90019	-0.01364	0	0
194.00019	-0.01366	0	0
194.10019	-0.01368	0	0
194.20019	-0.01371	0	0
194.30019	-0.01373	0	0
194.40019	-0.01375	0	0
194.50019	-0.01377	0	0
194.60019	-0.0138	0	0
194.70019	-0.01382	0	0
194.80019	-0.01384	0	0
194.90019	-0.01387	0	0
195.0002	-0.01389	0	0
195.1002	-0.01391	0	0
195.2002	-0.01393	0	0
195.3002	-0.01396	0	0
195.4002	-0.01398	0	0
195.5002	-0.014	0	0
195.6002	-0.01403	0	0
195.7002	-0.01405	0	0
195.8002	-0.01407	0	0
195.9002	-0.0141	0	0
196.0002	-0.01412	0	0
196.1002	-0.01414	0	0
196.2002	-0.01417	0	0
196.3002	-0.01419	0	0
196.4002	-0.01421	0	0
196.5002	-0.01423	0	0
196.6002	-0.01426	0	0
196.7002	-0.01428	0	0
196.8002	-0.0143	0	0
196.9002	-0.01433	0	0
197.0002	-0.01435	0	0
197.1002	-0.01437	0	0
197.2002	-0.0144	0	0
197.3002	-0.01442	0	0
197.4002	-0.01444	0	0
197.5002	-0.01447	0	0
197.6002	-0.01449	0	0
197.7002	-0.01451	0	0
197.8002	-0.01454	0	0
197.9002	-0.01456	0	0
198.0002	-0.01458	0	0
198.1002	-0.01461	0	0
198.2002	-0.01463	0	0
198.3002	-0.01465	0	0
198.4002	-0.01468	0	0
198.5002	-0.0147	0	0
198.6002	-0.01472	0	0
198.7002	-0.01475	0	0
198.8002	-0.01477	0	0
198.9002	-0.01479	0	0
199.0002	-0.01482	0	0
199.1002	-0.01484	0	0
199.2002	-0.01486	0	0
199.3002	-0.01489	0	0
199.4002	-0.01491	0	0
199.5002	-0.01494	0	0
199.6002	-0.01496	0	0
199.7002	-0.01498	0	0
199.8002	-0.01501	0	0
199.9002	-0.01503	0	0
200.0002	-0.01505	0	0
200.1002	-0.01508	0	0
200.2002	-0.0151	0	0
200.3002	-0.01512	0	0
200.4002	-0.01515	0	0
200.5002	-0.01517	0	0
200.6002	-0.01519	0	0
200.7002	-0.01522	0	0
200.8002	-0.01524	0	0
200.9002	-0.01527	0	0
201.0002	-0.01529	0	0
201.1002	-0.01531	0	0
201.2002	-0.01534	0	0
201.3002	-0.01536	0	0
201.4002	-0.01538	0	0
201.5002	-0.01541	0	0
201.6002	-0.01543	0	0
201.7002	-0.01546	0	0
201.8002	-0.01548	0	0
201.9002	-0.0155	0	0
202.0002	-0.01553	0	0
202.1002	-0.01555	0	0
202.2002	-0.01557	0	0
202.3002	-0.0156	0	0
202.4002	-0.01562	0	0
202.5002	-0.01565	0	0
202.6002	-0.01567	0	0
202.7002	-0.01569	0	0
202.8002	-0.01572	0	0
202.9002	-0.01574	0	0
203.0002	-0.01577	0	0
203.1002	-0.01579	0	0
203.2002	-0.01581	0	0
203.3002	-0.01584	0	0
203.4002	-0.01586	0	0
203.5002	-0.01589	0	0
203.6002	-0.01591	0	0
203.7002	-0.01593	0	0
203.8002	-0.01596	0	0
203.9002	-0.01598	0	0
204.0002	-0.01601	0	0
204.1002	-0.01603	0	0
204.2002	-0.01605	0	0
204.3002	-0.01608	0	0
204.4002	-0.0161	0	0
204.5002	-0.01613	0	0
204.6002	-0.01615	0	0
204.7002	-0.01617	0	0
204.8002	-0.0162	0	0
204.9002	-0.01622	0	0
205.00021	-0.01625	0	0
205.10021	-0.01627	0	0
205.20021	-0.01629	0	0
205.30021	-0.01632	0	0
205.40021	-0.01634	0	0
205.50021	-0.01637	0	0
205.60021	-0.01639	0	0
205.70021	-0.01642	0	0
205.80021	-0.01644	0	0
205.90021	-0.01646	0	0
206.00021	-0.01649	0	0
206.10021	-0.01651	0	0
206.20021	-0.01654	0	0
206.30021	-0.01656	0	0
206.40021	-0.01658	0	0
206.50021	-0.01661	0	0
206.60021	-0.01663	0	0
206.70021	-0.01666	0	0
206.80021	-0.01668	0	0
206.90021	-0.01671	0	0
207.00021	-0.01673	0	0
207.10021	-0.01675	0	0
207.20021	-0.01678	0	0
207.30021	-0.0168	0	0
207.40021	-0.01683	0	0
207.50021	-0.01685	0	0
207.60021	-0.01688	0	0
207.70021	-0.0169	0	0
207.80021	-0.01693	0	0
207.90021	-0.01695	0	0
208.00021	-0.01697	0	0
208.10021	-0.017	0	0
208.20021	-0.01702	0	0
208.30021	-0.01705	0	0
208.40021	-0.01707	0	0
208.50021	-0.0171	0	0
208.60021	-0.01712	0	0
208.70021	-0.01715	0	0
208.80021	-0.01717	0	0
208.90021	-0.01719	0	0
209.00021	-0.01722	0	0
209.10021	-0.01724	0	0
209.20021	-0.01727	0	0
209.30021	-0.01729	0	0
209.40021	-0.01732	0	0
209.50021	-0.01734	0	0
209.60021	-0.01737	0	0
209.70021	-0.01739	0	0
209.80021	-0.01742	0	0
209.90021	-0.01744	0	0
210.00021	-0.01746	0	0
210.10021	-0.01749	0	0
210.20021	-0.01751	0	0
210.30021	-0.01754	0	0
210.40021	-0.01756	0	0
210.50021	-0.01759	0	0
210.60021	-0.01761	0	0
210.70021	-0.01764	0	0
210.80021	-0.01766	0	0
210.90021	-0.01769	0	0
211.00021	-0.01771	0	0
211.10021	-0.01774	0	0
211.20021	-0.01776	0	0
211.30021	-0.01779	0	0
211.40021	-0.01781	0	0
211.50021	-0.01783	0	0
211.60021	-0.01786	0	0
211.70021	-0.01788	0	0
211.80021	-0.01791	0	0
211.90021	-0.01793	0	0
212.00021	-0.01796	0	0
212.10021	-0.01798	0	0
212.20021	-0.01801	0	0
212.30021	-0.01803	0	0
212.40021	-0.01806	0	0
212.50021	-0.01808	0	0
212.60021	-0.01811	0	0
212.70021	-0.01813	0	0
212.80021	-0.01816	0	0
212.90021	-0.01818	0	0
213.00021	-0.01821	0	0
213.10021	-0.01823	0	0
213.20021	-0.01826	0	0
213.30021	-0.01828	0	0
213.40021	-0.01831	0	0
213.50021	-0.01833	0	0
213.60021	-0.01836	0	0
213.70021	-0.01838	0	0
213.80021	-0.01841	0	0
213.90021	-0.01843	0	0
214.00021	-0.01846	0	0
214.10021	-0.01848	0	0
214.20021	-0.01851	0	0
214.30021	-0.01853	0	0
214.40021	-0.01856	0	0
214.50021	-0.01858	0	0
214.60021	-0.01861	0	0
214.70021	-0.01863	0	0
214.80021	-0.01866	0	0
214.90021	-0.01868	0	0
215.00022	-0.01871	0	0
215.10022	-0.01873	0	0
215.20022	-0.01876	0	0
215.30022	-0.01878	0	0
215.40022	-0.01881	0	0
215.50022	-0.01883	0	0
215.60022	-0.01886	0	0
215.70022	-0.01888	0	0
215.80022	-0.01891	0	0
215.90022	-0.01893	0	0
216.00022	-0.01896	0	0
216.10022	-0.01898	0	0
216.20022	-0.01901	0	0
216.30022	-0.01903	0	0
216.40022	-0.01906	0	0
216.50022	-0.01908	0	0
216.60022	-0.01911	0	0
216.70022	-0.01913	0	0
216.80022	-0.01916	0	0
216.90022	-0.01919	0	0
217.00022	-0.01921	0	0
217.10022	-0.01924	0	0
217.20022	-0.01926	0	0
217.30022	-0.01929	0	0
217.40022	-0.01931	0	0
217.50022	-0.01934	0	0
217.60022	-0.01936	0	0
217.70022	-0.01939	0	0
217.80022	-0.01941	0	0
217.90022	-0.01944	0	0
218.00022	-0.01946	0	0
218.10022	-0.01949	0	0
218.20022	-0.01951	0	0
218.30022	-0.01954	0	0
218.40022	-0.01957	0	0
218.50022	-0.01959	0	0
218.60022	-0.01962	0	0
218.70022	-0.01964	0	0
218.80022	-0.01967	0	0
218.90022	-0.01969	0	0
219.00022	-0.01972	0	0
219.10022	-0.01974	0	0
219.20022	-0.01977	0	0
219.30022	-0.01979	0	0
219.40022	-0.01982	0	0
219.50022	-0.01984	0	0
219.60022	-0.01987	0	0
219.70022	-0.0199	0	0
219.80022	-0.01992	0	0
219.90022	-0.01995	0	0
220.00022	-0.01997	0	0
220.10022	-0.02	0	0
220.20022	-0.02002	0	0
220.30022	-0.02005	0	0
220.40022	-0.02007	0	0
220.50022	-0.0201	0	0
220.60022	-0.02013	0	0
220.70022	-0.02015	0	0
220.80022	-0.02018	0	0
220.90022	-0.0202	0	0
221.00022	-0.02023	0	0
221.10022	-0.02025	0	0
221.20022	-0.02028	0	0
221.30022	-0.0203	0	0
221.40022	-0.02033	0	0
221.50022	-0.02036	0	0
221.60022	-0.02038	0	0
221.70022	-0.02041	0	0
221.80022	-0.02043	0	0
221.90022	-0.02046	0	0
222.00022	-0.02048	0	0
222.10022	-0.02051	0	0
222.20022	-0.02054	0	0
222.30022	-0.02056	0	0
222.40022	-0.02059	0	0
222.50022	-0.02061	0	0
222.60022	-0.02064	0	0
222.70022	-0.02066	0	0
222.80022	-0.02069	0	0
222.90022	-0.02072	0	0
223.00022	-0.02074	0	0
223.10022	-0.02077	0	0
223.20022	-0.02079	0	0
223.30022	-0.02082	0	0
223.40022	-0.02084	0	0
223.50022	-0.02087	0	0
223.60022	-0.0209	0	0
223.70022	-0.02092	0	0
223.80022	-0.02095	0	0
223.90022	-0.02097	0	0
224.00022	-0.021	0	0
224.10022	-0.02103	0	0
224.20022	-0.02105	0	0
224.30022	-0.02108	0	0
224.40022	-0.0211	0	0
224.50022	-0.02113	0	0
224.60022	-0.02115	0	0
224.70022	-0.02118	0	0
224.80022	-0.02121	0	0
224.90022	-0.02123	0	0
225.00023	-0.02126	0	0
225.10023	-0.02128	0	0
225.20023	-0.02131	0	0
225.30023	-0.02134	0	0
225.40023	-0.02136	0	0
225.50023	-0.02139	0	0
225.60023	-0.02141	0	0
225.70023	-0.02144	0	0
225.80023	-0.02147	0	0
225.90023	-0.02149	0	0
226.00023	-0.02152	0	0
226.10023	-0.02154	0	0
226.20023	-0.02157	0	0
226.30023	-0.0216	0	0
226.40023	-0.02162	0	0
226.50023	-0.02165	0	0
226.60023	-0.02167	0	0
226.70023	-0.0217	0	0
226.80023	-0.02173	0	0
226.90023	-0.02175	0	0
227.00023	-0.02178	0	0
227.10023	-0.0218	0	0
227.20023	-0.02183	0	0
227.30023	-0.02186	0	0
227.40023	-0.02188	0	0
227.50023	-0.02191	0	0
227.60023	-0.02194	0	0
227.70023	-0.02196	0	0
227.80023	-0.02199	0	0
227.90023	-0.02201	0	0
228.00023	-0.02204	0	0
228.10023	-0.02207	0	0
228.20023	-0.02209	0	0
228.30023	-0.02212	0	0
228.40023	-0.02214	0	0
228.50023	-0.02217	0	0
228.60023	-0.0222	0	0
228.70023	-0.02222	0	0
228.80023	-0.02225	0	0
228.90023	-0.02228	0	0
229.00023	-0.0223	0	0
229.10023	-0.02233	0	0
229.20023	-0.02235	0	0
229.30023	-0.02238	0	0
229.40023	-0.02241	0	0
229.50023	-0.02243	0	0
229.60023	-0.02246	0	0
229.70023	-0.02249	0	0
229.80023	-0.02251	0	0
229.90023	-0.02254	0	0
230.00023	-0.02256	0	0
230.10023	-0.02259	0	0
230.20023	-0.02262	0	0
230.30023	-0.02264	0	0
230.40023	-0.02267	0	0
230.50023	-0.0227	0	0
230.60023	-0.02272	0	0
230.70023	-0.02275	0	0
230.80023	-0.02278	0	0
230.90023	-0.0228	0	0
231.00023	-0.02283	0	0
231.10023	-0.02285	0	0
231.20023	-0.02288	0	0
231.30023	-0.02291	0	0
231.40023	-0.02293	0	0
231.50023	-0.02296	0	0
231.60023	-0.02299	0	0
231.70023	-0.02301	0	0
231.80023	-0.02304	0	0
231.90023	-0.02307	0	0
232.00023	-0.02309	0	0
232.10023	-0.02312	0	0
232.20023	-0.02315	0	0
232.30023	-0.02317	0	0
232.40023	-0.0232	0	0
232.50023	-0.02323	0	0
232.60023	-0.02325	0	0
232.70023	-0.02328	0	0
232.80023	-0.0233	0	0
232.90023	-0.02333	0	0
233.00023	-0.02336	0	0
233.10023	-0.02338	0	0
233.20023	-0.02341	0	0
233.30023	-0.02344	0	0
233.40023	-0.02346	0	0
233.50023	-0.02349	0	0
233.60023	-0.02352	0	0
233.70023	-0.02354	0	0
233.80023	-0.02357	0	0
233.90023	-0.0236	0	0
234.00023	-0.02362	0	0
234.10023	-0.02365	0	0
234.20023	-0.02368	0	0
234.30023	-0.0237	0	0
234.40023	-0.02373	0	0
234.50023	-0.02376	0	0
234.60023	-0.02378	0	0
234.70023	-0.02381	0	0
234.80023	-0.02384	0	0
234.90023	-0.02386	0	0
235.00024	-0.02389	0	0
235.10024	-0.02392	0	0
235.20024	-0.02394	0	0
235.30024	-0.02397	0	0
235.40024	-0.024	0	0
235.50024	-0.02402	0	0
235.60024	-0.02405	0	0
235.70024	-0.02408	0	0
235.80024	-0.0241	0	0
235.90024	-0.02413	0	0
236.00024	-0.02416	0	0
236.10024	-0.02418	0	0
236.20024	-0.02421	0	0
236.30024	-0.02424	0	0
236.40024	-0.02427	0	0
236.50024	-0.02429	0	0
236.60024	-0.02432	0	0
236.70024	-0.02435	0	0
236.80024	-0.02437	0	0
236.90024	-0.0244	0	0
237.00024	-0.02443	0	0
237.10024	-0.02445	0	0
237.20024	-0.02448	0	0
237.30024	-0.02451	0	0
237.40024	-0.02453	0	0
237.50024	-0.02456	0	0
237.60024	-0.02459	0	0
237.70024	-0.02461	0	0
237.80024	-0.02464	0	0
237.90024	-0.02467	0	0
238.00024	-0.0247	0	0
238.10024	-0.02472	0	0
238.20024	-0.02475	0	0
238.30024	-0.02478	0	0
238.40024	-0.0248	0	0
238.50024	-0.02483	0	0
238.60024	-0.02486	0	0
238.70024	-0.02488	0	0
238.80024	-0.02491	0	0
238.90024	-0.02494	0	0
239.00024	-0.02496	0	0
239.10024	-0.02499	0	0
239.20024	-0.02502	0	0
239.30024	-0.02505	0	0
239.40024	-0.02507	0	0
239.50024	-0.0251	0	0
239.60024	-0.02513	0	0
239.70024	-0.02515	0	0
239.80024	-0.02518	0	0
239.90024	-0.02521	0	0
240.00024	-0.02524	0	0
240.10024	-0.02526	0	0
240.20024	-0.02529	0	0
240.30024	-0.02532	0	0
240.40024	-0.02534	0	0
240.50024	-0.02537	0	0
240.60024	-0.0254	0	0
240.70024	-0.02543	0	0
240.80024	-0.02545	0	0
240.90024	-0.02548	0	0
241.00024	-0.02551	0	0
241.10024	-0.02553	0	0
241.20024	-0.02556	0	0
241.30024	-0.02559	0	0
241.40024	-0.02562	0	0
241.50024	-0.02564	0	0
241.60024	-0.02567	0	0
241.70024	-0.0257	0	0
241.80024	-0.02572	0	0
241.90024	-0.02575	0	0
242.00024	-0.02578	0	0
242.10024	-0.02581	0	0
242.20024	-0.02583	0	0
242.30024	-0.02586	0	0
242.40024	-0.02589	0	0
242.50024	-0.02591	0	0
242.60024	-0.02594	0	0
242.70024	-0.02597	0	0
242.80024	-0.026	0	0
242.90024	-0.02602	0	0
243.00024	-0.02605	0	0
243.10024	-0.02608	0	0
243.20024	-0.02611	0	0
243.30024	-0.02613	0	0
243.40024	-0.02616	0	0
243.50024	-0.02619	0	0
243.60024	-0.02622	0	0
243.70024	-0.02624	0	0
243.80024	-0.02627	0	0
243.90024	-0.0263	0	0
244.00024	-0.02633	0	0
244.10024	-0.02635	0	0
244.20024	-0.02638	0	0
244.30024	-0.02641	0	0
244.40024	-0.02643	0	0
244.50024	-0.02646	0	0
244.60024	-0.02649	0	0
244.70024	-0.02652	0	0
244.80024	-0.02654	0	0
244.90024	-0.02657	0	0
245.00025	-0.0266	0	0
245.10025	-0.02663	0	0
245.20025	-0.02665	0	0
245.30025	-0.02668	0	0
245.40025	-0.02671	0	0
245.50025	-0.02674	0	0
245.60025	-0.02676	0	0
245.70025	-0.02679	0	0
245.80025	-0.02682	0	0
245.90025	-0.02685	0	0
246.00025	-0.02687	0	0
246.10025	-0.0269	0	0
246.20025	-0.02693	0	0
246.30025	-0.02696	0	0
246.40025	-0.02698	0	0
246.50025	-0.02701	0	0
246.60025	-0.02704	0	0
246.70025	-0.02707	0	0
246.80025	-0.0271	0	0
246.90025	-0.02712	0	0
247.00025	-0.02715	0	0
247.10025	-0.02718	0	0
247.20025	-0.02721	0	0
247.30025	-0.02723	0	0
247.40025	-0.02726	0	0
247.50025	-0.02729	0	0
247.60025	-0.02732	0	0
247.70025	-0.02734	0	0
247.80025	-0.02737	0	0
247.90025	-0.0274	0	0
248.00025	-0.02743	0	0
248.10025	-0.02745	0	0
248.20025	-0.02748	0	0
248.30025	-0.02751	0	0
248.40025	-0.02754	0	0
248.50025	-0.02757	0	0
248.60025	-0.02759	0	0
248.70025	-0.02762	0	0
248.80025	-0.02765	0	0
248.90025	-0.02768	0	0
249.00025	-0.0277	0	0
249.10025	-0.02773	0	0
249.20025	-0.02776	0	0
249.30025	-0.02779	0	0
249.40025	-0.02782	0	0
249.50025	-0.02784	0	0
249.60025	-0.02787	0	0
249.70025	-0.0279	0	0
249.80025	-0.02793	0	0
249.90025	-0.02796	0	0
250.00025	-0.02798	0	0
250.10025	-0.02801	0	0
250.20025	-0.02804	0	0
250.30025	-0.02807	0	0
250.40025	-0.02809	0	0
250.50025	-0.02812	0	0
250.60025	-0.02815	0	0
250.70025	-0.02818	0	0
250.80025	-0.02821	0	0
250.90025	-0.02823	0	0
251.00025	-0.02826	0	0
251.10025	-0.02829	0	0
251.20025	-0.02832	0	0
251.30025	-0.02835	0	0
251.40025	-0.02837	0	0
251.50025	-0.0284	0	0
251.60025	-0.02843	0	0
251.70025	-0.02846	0	0
251.80025	-0.02849	0	0
251.90025	-0.02851	0	0
252.00025	-0.02854	0	0
252.10025	-0.02857	0	0
252.20025	-0.0286	0	0
252.30025	-0.02863	0	0
252.40025	-0.02865	0	0
252.50025	-0.02868	0	0
252.60025	-0.02871	0	0
252.70025	-0.02874	0	0
252.80025	-0.02877	0	0
252.90025	-0.0288	0	0
253.00025	-0.02882	0	0
253.10025	-0.02885	0	0
253.20025	-0.02888	0	0
253.30025	-0.02891	0	0
253.40025	-0.02894	0	0
253.50025	-0.02896	0	0
253.60025	-0.02899	0	0
253.70025	-0.02902	0	0
253.80025	-0.02905	0	0
253.90025	-0.02908	0	0
254.00025	-0.0291	0	0
254.10025	-0.02913	0	0
254.20025	-0.02916	0	0
254.30025	-0.02919	0	0
254.40025	-0.02922	0	0
254.50025	-0.02925	0	0
254.60025	-0.02927	0	0
254.70025	-0.0293	0	0
254.80025	-0.02933	0	0
254.90025	-0.02936	0	0
255.00026	-0.02939	0	0
255.10026	-0.02942	0	0
255.20026	-0.02944	0	0
255.30026	-0.02947	0	0
255.40026	-0.0295	0	0
255.50026	-0.02953	0	0
255.60026	-0.02956	0	0
255.70026	-0.02959	0	0
255.80026	-0.02961	0	0
255.90026	-0.02964	0	0
256.00026	-0.02967	0	0
256.10026	-0.0297	0	0
256.20026	-0.02973	0	0
256.30026	-0.02976	0	0
256.40026	-0.02978	0	0
256.50026	-0.02981	0	0
256.60026	-0.02984	0	0
256.70026	-0.02987	0	0
256.80026	-0.0299	0	0
256.90026	-0.02993	0	0
257.00026	-0.02995	0	0
257.10026	-0.02998	0	0
257.20026	-0.03001	0	0
257.30026	-0.03004	0	0
257.40026	-0.03007	0	0
257.50026	-0.0301	0	0
257.60026	-0.03013	0	0
257.70026	-0.03015	0	0
257.80026	-0.03018	0	0
257.90026	-0.03021	0	0
258.00026	-0.03024	0	0
258.10026	-0.03027	0	0
258.20026	-0.0303	0	0
258.30026	-0.03033	0	0
258.40026	-0.03035	0	0
258.50026	-0.03038	0	0
258.60026	-0.03041	0	0
258.70026	-0.03044	0	0
258.80026	-0.03047	0	0
258.90026	-0.0305	0	0
259.00026	-0.03053	0	0
259.10026	-0.03055	0	0
259.20026	-0.03058	0	0
259.30026	-0.03061	0	0
259.40026	-0.03064	0	0
259.50026	-0.03067	0	0
259.60026	-0.0307	0	0
259.70026	-0.03073	0	0
259.80026	-0.03076	0	0
259.90026	-0.03078	0	0
260.00026	-0.03081	0	0
260.10026	-0.03084	0	0
260.20026	-0.03087	0	0
260.30026	-0.0309	0	0
260.40026	-0.03093	0	0
260.50026	-0.03096	0	0
260.60026	-0.03099	0	0
260.70026	-0.03101	0	0
260.80026	-0.03104	0	0
260.90026	-0.03107	0	0
261.00026	-0.0311	0	0
261.10026	-0.03113	0	0
261.20026	-0.03116	0	0
261.30026	-0.03119	0	0
261.40026	-0.03122	0	0
261.50026	-0.03125	0	0
261.60026	-0.03127	0	0
261.70026	-0.0313	0	0
261.80026	-0.03133	0	0
261.90026	-0.03136	0	0
262.00026	-0.03139	0	0
262.10026	-0.03142	0	0
262.20026	-0.03145	0	0
262.30026	-0.03148	0	0
262.40026	-0.03151	0	0
262.50026	-0.03153	0	0
262.60026	-0.03156	0	0
262.70026	-0.03159	0	0
262.80026	-0.03162	0	0
262.90026	-0.03165	0	0
263.00026	-0.03168	0	0
263.10026	-0.03171	0	0
263.20026	-0.03174	0	0
263.30026	-0.03177	0	0
263.40026	-0.0318	0	0
263.50026	-0.03182	0	0
263.60026	-0.03185	0	0
263.70026	-0.03188	0	0
263.80026	-0.03191	0	0
263.90026	-0.03194	0	0
264.00026	-0.03197	0	0
264.10026	-0.032	0	0
264.20026	-0.03203	0	0
264.30026	-0.03206	0	0
264.40026	-0.03209	0	0
264.50026	-0.03212	0	0
264.60026	-0.03214	0	0
264.70026	-0.03217	0	0
264.80026	-0.0322	0	0
264.90026	-0.03223	0	0
265.00027	-0.03226	0	0
265.10027	-0.03229	0	0
265.20027	-0.03232	0	0
265.30027	-0.03235	0	0
265.40027	-0.03238	0	0
265.50027	-0.03241	0	0
265.60027	-0.03244	0	0
265.70027	-0.03247	0	0
265.80027	-0.0325	0	0
265.90027	-0.03252	0	0
266.00027	-0.03255	0	0
266.10027	-0.03258	0	0
266.20027	-0.03261	0	0
266.30027	-0.03264	0	0
266.40027	-0.03267	0	0
266.50027	-0.0327	0	0
266.60027	-0.03273	0	0
266.70027	-0.03276	0	0
266.80027	-0.03279	0	0
266.90027	-0.03282	0	0
267.00027	-0.03285	0	0
267.10027	-0.03288	0	0
267.20027	-0.03291	0	0
267.30027	-0.03294	0	0
267.40027	-0.03297	0	0
267.50027	-0.03299	0	0
267.60027	-0.03302	0	0
267.70027	-0.03305	0	0
267.80027	-0.03308	0	0
267.90027	-0.03311	0	0
268.00027	-0.03314	0	0
268.10027	-0.03317	0	0
268.20027	-0.0332	0	0
268.30027	-0.03323	0	0
268.40027	-0.03326	0	0
268.50027	-0.03329	0	0
268.60027	-0.03332	0	0
268.70027	-0.03335	0	0
268.80027	-0.03338	0	0
268.90027	-0.03341	0	0
269.00027	-0.03344	0	0
269.10027	-0.03347	0	0
269.20027	-0.0335	0	0
269.30027	-0.03353	0	0
269.40027	-0.03356	0	0
269.50027	-0.03359	0	0
269.60027	-0.03362	0	0
269.70027	-0.03364	0	0
269.80027	-0.03367	0	0
269.90027	-0.0337	0	0
270.00027	-0.03373	0	0
270.10027	-0.03376	0	0
270.20027	-0.03379	0	0
270.30027	-0.03382	0	0
270.40027	-0.03385	0	0
270.50027	-0.03388	0	0
270.60027	-0.03391	0	0
270.70027	-0.03394	0	0
270.80027	-0.03397	0	0
270.90027	-0.034	0	0
271.00027	-0.03403	0	0
271.10027	-0.03406	0	0
271.20027	-0.03409	0	0
271.30027	-0.03412	0	0
271.40027	-0.03415	0	0
271.50027	-0.03418	0	0
271.60027	-0.03421	0	0
271.70027	-0.03424	0	0
271.80027	-0.03427	0	0
271.90027	-0.0343	0	0
272.00027	-0.03433	0	0
272.10027	-0.03436	0	0
272.20027	-0.03439	0	0
272.30027	-0.03442	0	0
272.40027	-0.03445	0	0
272.50027	-0.03448	0	0
272.60027	-0.03451	0	0
272.70027	-0.03454	0	0
272.80027	-0.03457	0	0
272.90027	-0.0346	0	0
273.00027	-0.03463	0	0
273.10027	-0.03466	0	0
273.20027	-0.03469	0	0
273.30027	-0.03472	0	0
273.40027	-0.03475	0	0
273.50027	-0.03478	0	0
273.60027	-0.03481	0	0
273.70027	-0.03484	0	0
273.80027	-0.03487	0	0
273.90027	-0.0349	0	0
274.00027	-0.03493	0	0
274.10027	-0.03496	0	0
274.20027	-0.03499	0	0
274.30027	-0.03502	0	0
274.40027	-0.03505	0	0
274.50027	-0.03508	0	0
274.60027	-0.03511	0	0
274.70027	-0.03514	0	0
274.80027	-0.03517	0	0
274.90027	-0.0352	0	0
275.00028	-0.03523	0	0
275.10028	-0.03526	0	0
275.20028	-0.03529	0	0
275.30028	-0.03532	0	0
275.40028	-0.03535	0	0
275.50028	-0.03538	0	0
275.60028	-0.03541	0	0
275.70028	-0.03544	0	0
275.80028	-0.03548	0	0
275.90028	-0.03551	0	0
276.00028	-0.03554	0	0
276.10028	-0.03557	0	0
276.20028	-0.0356	0	0
276.30028	-0.03563	0	0
276.40028	-0.03566	0	0
276.50028	-0.03569	0	0
276.60028	-0.03572	0	0
276.70028	-0.03575	0	0
276.80028	-0.03578	0	0
276.90028	-0.03581	0	0
277.00028	-0.03584	0	0
277.10028	-0.03587	0	0
277.20028	-0.0359	0	0
277.30028	-0.03593	0	0
277.40028	-0.03596	0	0
277.50028	-0.03599	0	0
277.60028	-0.03602	0	0
277.70028	-0.03605	0	0
277.80028	-0.03608	0	0
277.90028	-0.03611	0	0
278.00028	-0.03615	0	0
278.10028	-0.03618	0	0
278.20028	-0.03621	0	0
278.30028	-0.03624	0	0
278.40028	-0.03627	0	0
278.50028	-0.0363	0	0
278.60028	-0.03633	0	0
278.70028	-0.03636	0	0
278.80028	-0.03639	0	0
278.90028	-0.03642	0	0
279.00028	-0.03645	0	0
279.10028	-0.03648	0	0
279.20028	-0.03651	0	0
279.30028	-0.03654	0	0
279.40028	-0.03657	0	0
279.50028	-0.03661	0	0
279.60028	-0.03664	0	0
279.70028	-0.03667	0	0
279.80028	-0.0367	0	0
279.90028	-0.03673	0	0
280.00028	-0.03676	0	0
280.10028	-0.03679	0	0
280.20028	-0.03682	0	0
280.30028	-0.03685	0	0
280.40028	-0.03688	0	0
280.50028	-0.03691	0	0
280.60028	-0.03694	0	0
280.70028	-0.03698	0	0
280.80028	-0.03701	0	0
280.90028	-0.03704	0	0
281.00028	-0.03707	0	0
281.10028	-0.0371	0	0
281.20028	-0.03713	0	0
281.30028	-0.03716	0	0
281.40028	-0.03719	0	0
281.50028	-0.03722	0	0
281.60028	-0.03725	0	0
281.70028	-0.03728	0	0
281.80028	-0.03732	0	0
281.90028	-0.03735	0	0
282.00028	-0.03738	0	0
282.10028	-0.03741	0	0
282.20028	-0.03744	0	0
282.30028	-0.03747	0	0
282.40028	-0.0375	0	0
282.50028	-0.03753	0	0
282.60028	-0.03756	0	0
282.70028	-0.0376	0	0
282.80028	-0.03763	0	0
282.90028	-0.03766	0	0
283.00028	-0.03769	0	0
283.10028	-0.03772	0	0
283.20028	-0.03775	0	0
283.30028	-0.03778	0	0
283.40028	-0.03781	0	0
283.50028	-0.03785	0	0
283.60028	-0.03788	0	0
283.70028	-0.03791	0	0
283.80028	-0.03794	0	0
283.90028	-0.03797	0	0
284.00028	-0.038	0	0
284.10028	-0.03803	0	0
284.20028	-0.03806	0	0
284.30028	-0.0381	0	0
284.40028	-0.03813	0	0
284.50028	-0.03816	0	0
284.60028	-0.03819	0	0
284.70028	-0.03822	0	0
284.80028	-0.03825	0	0
284.90028	-0.03828	0	0
285.00029	-0.03832	0	0
285.10029	-0.03835	0	0
285.20029	-0.03838	0	0
285.30029	-0.03841	0	0
285.40029	-0.03844	0	0
285.50029	-0.03847	0	0
285.60029	-0.0385	0	0
285.70029	-0.03854	0	0
285.80029	-0.03857	0	0
285.90029	-0.0386	0	0
286.00029	-0.03863	0	0
286.10029	-0.03866	0	0
286.20029	-0.03869	0	0
286.30029	-0.03872	0	0
286.40029	-0.03876	0	0
286.50029	-0.03879	0	0
286.60029	-0.03882	0	0
286.70029	-0.03885	0	0
286.80029	-0.03888	0	0
286.90029	-0.03891	0	0
287.00029	-0.03895	0	0
287.10029	-0.03898	0	0
287.20029	-0.03901	0	0
287.30029	-0.03904	0	0
287.40029	-0.03907	0	0
287.50029	-0.0391	0	0
287.60029	-0.03914	0	0
287.70029	-0.03917	0	0
287.80029	-0.0392	0	0
287.90029	-0.03923	0	0
288.00029	-0.03926	0	0
288.10029	-0.0393	0	0
288.20029	-0.03933	0	0
288.30029	-0.03936	0	0
288.40029	-0.03939	0	0
288.50029	-0.03942	0	0
288.60029	-0.03945	0	0
288.70029	-0.03949	0	0
288.80029	-0.03952	0	0
288.90029	-0.03955	0	0
289.00029	-0.03958	0	0
289.10029	-0.03961	0	0
289.20029	-0.03965	0	0
289.30029	-0.03968	0	0
289.40029	-0.03971	0	0
289.50029	-0.03974	0	0
289.60029	-0.03977	0	0
289.70029	-0.03981	0	0
289.80029	-0.03984	0	0
289.90029	-0.03987	0	0
290.00029	-0.0399	0	0
290.10029	-0.03993	0	0
290.20029	-0.03997	0	0
290.30029	-0.04	0	0
290.40029	-0.04003	0	0
290.50029	-0.04006	0	0
290.60029	-0.0401	0	0
290.70029	-0.04013	0	0
290.80029	-0.04016	0	0
290.90029	-0.04019	0	0
291.00029	-0.04022	0	0
291.10029	-0.04026	0	0
291.20029	-0.04029	0	0
291.30029	-0.04032	0	0
291.40029	-0.04035	0	0
291.50029	-0.04039	0	0
291.60029	-0.04042	0	0
291.70029	-0.04045	0	0
291.80029	-0.04048	0	0
291.90029	-0.04051	0	0
292.00029	-0.04055	0	0
292.10029	-0.04058	0	0
292.20029	-0.04061	0	0
292.30029	-0.04064	0	0
292.40029	-0.04068	0	0
292.50029	-0.04071	0	0
292.60029	-0.04074	0	0
292.70029	-0.04077	0	0
292.80029	-0.04081	0	0
292.90029	-0.04084	0	0
293.00029	-0.04087	0	0
293.10029	-0.0409	0	0
293.20029	-0.04094	0	0
293.30029	-0.04097	0	0
293.40029	-0.041	0	0
293.50029	-0.04103	0	0
293.60029	-0.04107	0	0
293.70029	-0.0411	0	0
293.80029	-0.04113	0	0
293.90029	-0.04116	0	0
294.00029	-0.0412	0	0
294.10029	-0.04123	0	0
294.20029	-0.04126	0	0
294.30029	-0.04129	0	0
294.40029	-0.04133	0	0
294.50029	-0.04136	0	0
294.60029	-0.04139	0	0
294.70029	-0.04142	0	0
294.80029	-0.04146	0	0
294.90029	-0.04149	0	0
295.0003	-0.04152	0	0
295.1003	-0.04156	0	0
295.2003	-0.04159	0	0
295.3003	-0.04162	0	0
295.4003	-0.04165	0	0
295.5003	-0.04169	0	0
295.6003	-0.04172	0	0
295.7003	-0.04175	0	0
295.8003	-0.04179	0	0
295.9003	-0.04182	0	0
296.0003	-0.04185	0	0
296.1003	-0.04188	0	0
296.2003	-0.04192	0	0
296.3003	-0.04195	0	0
296.4003	-0.04198	0	0
296.5003	-0.04202	0	0
296.6003	-0.04205	0	0
296.7003	-0.04208	0	0
296.8003	-0.04211	0	0
296.9003	-0.04215	0	0
297.0003	-0.04218	0	0
297.1003	-0.04221	0	0
297.2003	-0.04225	0	0
297.3003	-0.04228	0	0
297.4003	-0.04231	0	0
297.5003	-0.04235	0	0
297.6003	-0.04238	0	0
297.7003	-0.04241	0	0
297.8003	-0.04244	0	0
297.9003	-0.04248	0	0
298.0003	-0.04251	0	0
298.1003	-0.04254	0	0
298.2003	-0.04258	0	0
298.3003	-0.04261	0	0
298.4003	-0.04264	0	0
298.5003	-0.04268	0	0
298.6003	-0.04271	0	0
298.7003	-0.04274	0	0
298.8003	-0.04278	0	0
298.9003	-0.04281	0	0
299.0003	-0.04284	0	0
299.1003	-0.04288	0	0
299.2003	-0.04291	0	0
299.3003	-0.04294	0	0
299.4003	-0.04298	0	0
299.5003	-0.04301	0	0
299.6003	-0.04304	0	0
299.7003	-0.04308	0	0
299.8003	-0.04311	0	0
299.9003	-0.04314	0	0
300.0003	-0.04318	0	0
300.1003	-0.04321	0	0
300.2003	-0.04324	0	0
300.3003	-0.04328	0	0
300.4003	-0.04331	0	0
300.5003	-0.04334	0	0
300.6003	-0.04338	0	0
300.7003	-0.04341	0	0
300.8003	-0.04345	0	0
300.9003	-0.04348	0	0
301.0003	-0.04351	0	0
301.1003	-0.04355	0	0
301.2003	-0.04358	0	0
301.3003	-0.04361	0	0
301.4003	-0.04365	0	0
301.5003	-0.04368	0	0
301.6003	-0.04371	0	0
301.7003	-0.04375	0	0
301.8003	-0.04378	0	0
301.9003	-0.04381	0	0
302.0003	-0.04385	0	0
302.1003	-0.04388	0	0
302.2003	-0.04392	0	0
302.3003	-0.04395	0	0
302.4003	-0.04398	0	0
302.5003	-0.04402	0	0
302.6003	-0.04405	0	0
302.7003	-0.04409	0	0
302.8003	-0.04412	0	0
302.9003	-0.04415	0	0
303.0003	-0.04419	0	0
303.1003	-0.04422	0	0
303.2003	-0.04425	0	0
303.3003	-0.04429	0	0
303.4003	-0.04432	0	0
303.5003	-0.04436	0	0
303.6003	-0.04439	0	0
303.7003	-0.04442	0	0
303.8003	-0.04446	0	0
303.9003	-0.04449	0	0
304.0003	-0.04453	0	0
304.1003	-0.04456	0	0
304.2003	-0.04459	0	0
304.3003	-0.04463	0	0
304.4003	-0.04466	0	0
304.5003	-0.0447	0	0
304.6003	-0.04473	0	0
304.7003	-0.04476	0	0
304.8003	-0.0448	0	0
304.9003	-0.04483	0	0
305.00031	-0.04487	0	0
305.10031	-0.0449	0	0
305.20031	-0.04494	0	0
305.30031	-0.04497	0	0
305.40031	-0.045	0	0
305.50031	-0.04504	0	0
305.60031	-0.04507	0	0
305.70031	-0.04511	0	0
305.80031	-0.04514	0	0
305.90031	-0.04517	0	0
306.00031	-0.04521	0	0
306.10031	-0.04524	0	0
306.20031	-0.04528	0	0
306.30031	-0.04531	0	0
306.40031	-0.04535	0	0
306.50031	-0.04538	0	0
306.60031	-0.04542	0	0
306.70031	-0.04545	0	0
306.80031	-0.04548	0	0
306.90031	-0.04552	0	0
307.00031	-0.04555	0	0
307.10031	-0.04559	0	0
307.20031	-0.04562	0	0
307.30031	-0.04566	0	0
307.40031	-0.04569	0	0
307.50031	-0.04573	0	0
307.60031	-0.04576	0	0
307.70031	-0.04579	0	0
307.80031	-0.04583	0	0
307.90031	-0.04586	0	0
308.00031	-0.0459	0	0
308.10031	-0.04593	0	0
308.20031	-0.04597	0	0
308.30031	-0.046	0	0
308.40031	-0.04604	0	0
308.50031	-0.04607	0	0
308.60031	-0.04611	0	0
308.70031	-0.04614	0	0
308.80031	-0.04618	0	0
308.90031	-0.04621	0	0
309.00031	-0.04624	0	0
309.10031	-0.04628	0	0
309.20031	-0.04631	0	0
309.30031	-0.04635	0	0
309.40031	-0.04638	0	0
309.50031	-0.04642	0	0
309.60031	-0.04645	0	0
309.70031	-0.04649	0	0
309.80031	-0.04652	0	0
309.90031	-0.04656	0	0
310.00031	-0.04659	0	0
310.10031	-0.04663	0	0
310.20031	-0.04666	0	0
310.30031	-0.0467	0	0
310.40031	-0.04673	0	0
310.50031	-0.04677	0	0
310.60031	-0.0468	0	0
310.70031	-0.04684	0	0
310.80031	-0.04687	0	0
310.90031	-0.04691	0	0
311.00031	-0.04694	0	0
311.10031	-0.04698	0	0
311.20031	-0.04701	0	0
311.30031	-0.04705	0	0
311.40031	-0.04708	0	0
311.50031	-0.04712	0	0
311.60031	-0.04715	0	0
311.70031	-0.04719	0	0
311.80031	-0.04722	0	0
311.90031	-0.04726	0	0
312.00031	-0.04729	0	0
312.10031	-0.04733	0	0
312.20031	-0.04736	0	0
312.30031	-0.0474	0	0
312.40031	-0.04743	0	0
312.50031	-0.04747	0	0
312.60031	-0.0475	0	0
312.70031	-0.04754	0	0
312.80031	-0.04757	0	0
312.90031	-0.04761	0	0
313.00031	-0.04765	0	0
313.10031	-0.04768	0	0
313.20031	-0.04772	0	0
313.30031	-0.04775	0	0
313.40031	-0.04779	0	0
313.50031	-0.04782	0	0
313.60031	-0.04786	0	0
313.70031	-0.04789	0	0
313.80031	-0.04793	0	0
313.90031	-0.04796	0	0
314.00031	-0.048	0	0
314.10031	-0.04803	0	0
314.20031	-0.04807	0	0
314.30031	-0.04811	0	0
314.40031	-0.04814	0	0
314.50031	-0.04818	0	0
314.60031	-0.04821	0	0
314.70031	-0.04825	0	0
314.80031	-0.04828	0	0
314.90031	-0.04832	0	0
315.00032	-0.04835	0	0
315.10032	-0.04839	0	0
315.20032	-0.04843	0	0
315.30032	-0.04846	0	0
315.40032	-0.0485	0	0
315.50032	-0.04853	0	0
315.60032	-0.04857	0	0
315.70032	-0.0486	0	0
315.80032	-0.04864	0	0
315.90032	-0.04868	0	0
316.00032	-0.04871	0	0
316.10032	-0.04875	0	0
316.20032	-0.04878	0	0
316.30032	-0.04882	0	0
316.40032	-0.04885	0	0
316.50032	-0.04889	0	0
316.60032	-0.04893	0	0
316.70032	-0.04896	0	0
316.80032	-0.049	0	0
316.90032	-0.04903	0	0
317.00032	-0.04907	0	0
317.10032	-0.0491	0	0
317.20032	-0.04914	0	0
317.30032	-0.04918	0	0
317.40032	-0.04921	0	0
317.50032	-0.04925	0	0
317.60032	-0.04928	0	0
317.70032	-0.04932	0	0
317.80032	-0.04936	0	0
317.90032	-0.04939	0	0
318.00032	-0.04943	0	0
318.10032	-0.04946	0	0
318.20032	-0.0495	0	0
318.30032	-0.04954	0	0
318.40032	-0.04957	0	0
318.50032	-0.04961	0	0
318.60032	-0.04964	0	0
318.70032	-0.04968	0	0
318.80032	-0.04972	0	0
318.90032	-0.04975	0	0
319.00032	-0.04979	0	0
319.10032	-0.04983	0	0
319.20032	-0.04986	0	0
319.30032	-0.0499	0	0
319.40032	-0.04993	0	0
319.50032	-0.04997	0	0
319.60032	-0.05001	0	0
319.70032	-0.05004	0	0
319.80032	-0.05008	0	0
319.90032	-0.05012	0	0
320.00032	-0.05015	0	0
320.10032	-0.05019	0	0
320.20032	-0.05022	0	0
320.30032	-0.05026	0	0
320.40032	-0.0503	0	0
320.50032	-0.05033	0	0
320.60032	-0.05037	0	0
320.70032	-0.05041	0	0
320.80032	-0.05044	0	0
320.90032	-0.05048	0	0
321.00032	-0.05052	0	0
321.10032	-0.05055	0	0
321.20032	-0.05059	0	0
321.30032	-0.05062	0	0
321.40032	-0.05066	0	0
321.50032	-0.0507	0	0
321.60032	-0.05073	0	0
321.70032	-0.05077	0	0
321.80032	-0.05081	0	0
321.90032	-0.05084	0	0
322.00032	-0.05088	0	0
322.10032	-0.05092	0	0
322.20032	-0.05095	0	0
322.30032	-0.05099	0	0
322.40032	-0.05103	0	0
322.50032	-0.05106	0	0
322.60032	-0.0511	0	0
322.70032	-0.05114	0	0
322.80032	-0.05117	0	0
322.90032	-0.05121	0	0
323.00032	-0.05125	0	0
323.10032	-0.05128	0	0
323.20032	-0.05132	0	0
323.30032	-0.05136	0	0
323.40032	-0.05139	0	0
323.50032	-0.05143	0	0
323.60032	-0.05147	0	0
323.70032	-0.0515	0	0
323.80032	-0.05154	0	0
323.90032	-0.05158	0	0
324.00032	-0.05161	0	0
324.10032	-0.05165	0	0
324.20032	-0.05169	0	0
324.30032	-0.05172	0	0
324.40032	-0.05176	0	0
324.50032	-0.0518	0	0
324.60032	-0.05184	0	0
324.70032	-0.05187	0	0
324.80032	-0.05191	0	0
324.90032	-0.05195	0	0
325.00033	-0.05198	0	0
325.10033	-0.05202	0	0
325.20033	-0.05206	0	0
325.30033	-0.05209	0	0
325.40033	-0.05213	0	0
325.50033	-0.05217	0	0
325.60033	-0.05221	0	0
325.70033	-0.05224	0	0
325.80033	-0.05228	0	0
325.90033	-0.05232	0	0
326.00033	-0.05235	0	0
326.10033	-0.05239	0	0
326.20033	-0.05243	0	0
326.30033	-0.05246	0	0
326.40033	-0.0525	0	0
326.50033	-0.05254	0	0
326.60033	-0.05258	0	0
326.70033	-0.05261	0	0
326.80033	-0.05265	0	0
326.90033	-0.05269	0	0
327.00033	-0.05273	0	0
327.10033	-0.05276	0	0
327.20033	-0.0528	0	0
327.30033	-0.05284	0	0
327.40033	-0.05287	0	0
327.50033	-0.05291	0	0
327.60033	-0.05295	0	0
327.70033	-0.05299	0	0
327.80033	-0.05302	0	0
327.90033	-0.05306	0	0
328.00033	-0.0531	0	0
328.10033	-0.05314	0	0
328.20033	-0.05317	0	0
328.30033	-0.05321	0	0
328.40033	-0.05325	0	0
328.50033	-0.05328	0	0
328.60033	-0.05332	0	0
328.70033	-0.05336	0	0
328.80033	-0.0534	0	0
328.90033	-0.05343	0	0
329.00033	-0.05347	0	0
329.10033	-0.05351	0	0
329.20033	-0.05355	0	0
329.30033	-0.05358	0	0
329.40033	-0.05362	0	0
329.50033	-0.05366	0	0
329.60033	-0.0537	0	0
329.70033	-0.05373	0	0
329.80033	-0.05377	0	0
329.90033	-0.05381	0	0
330.00033	-0.05385	0	0
330.10033	-0.05389	0	0
330.20033	-0.05392	0	0
330.30033	-0.05396	0	0
330.40033	-0.054	0	0
330.50033	-0.05404	0	0
330.60033	-0.05407	0	0
330.70033	-0.05411	0	0
330.80033	-0.05415	0	0
330.90033	-0.05419	0	0
331.00033	-0.05422	0	0
331.10033	-0.05426	0	0
331.20033	-0.0543	0	0
331.30033	-0.05434	0	0
331.40033	-0.05438	0	0
331.50033	-0.05441	0	0
331.60033	-0.05445	0	0
331.70033	-0.05449	0	0
331.80033	-0.05453	0	0
331.90033	-0.05456	0	0
332.00033	-0.0546	0	0
332.10033	-0.05464	0	0
332.20033	-0.05468	0	0
332.30033	-0.05472	0	0
332.40033	-0.05475	0	0
332.50033	-0.05479	0	0
332.60033	-0.05483	0	0
332.70033	-0.05487	0	0
332.80033	-0.0549	0	0
332.90033	-0.05494	0	0
333.00033	-0.05498	0	0
333.10033	-0.05502	0	0
333.20033	-0.05506	0	0
333.30033	-0.05509	0	0
333.40033	-0.05513	0	0
333.50033	-0.05517	0	0
333.60033	-0.05521	0	0
333.70033	-0.05525	0	0
333.80033	-0.05528	0	0
333.90033	-0.05532	0	0
334.00033	-0.05536	0	0
334.10033	-0.0554	0	0
334.20033	-0.05544	0	0
334.30033	-0.05547	0	0
334.40033	-0.05551	0	0
334.50033	-0.05555	0	0
334.60033	-0.05559	0	0
334.70033	-0.05563	0	0
334.80033	-0.05567	0	0
334.90033	-0.0557	0	0
335.00034	-0.05574	0	0
335.10034	-0.05578	0	0
335.20034	-0.05582	0	0
335.30034	-0.05586	0	0
335.40034	-0.05589	0	0
335.50034	-0.05593	0	0
335.60034	-0.05597	0	0
335.70034	-0.05601	0	0
335.80034	-0.05605	0	0
335.90034	-0.05609	0	0
336.00034	-0.05612	0	0
336.10034	-0.05616	0	0
336.20034	-0.0562	0	0
336.30034	-0.05624	0	0
336.40034	-0.05628	0	0
336.50034	-0.05632	0	0
336.60034	-0.05635	0	0
336.70034	-0.05639	0	0
336.80034	-0.05643	0	0
336.90034	-0.05647	0	0
337.00034	-0.05651	0	0
337.10034	-0.05655	0	0
337.20034	-0.05658	0	0
337.30034	-0.05662	0	0
337.40034	-0.05666	0	0
337.50034	-0.0567	0	0
337.60034	-0.05674	0	0
337.70034	-0.05678	0	0
337.80034	-0.05681	0	0
337.90034	-0.05685	0	0
338.00034	-0.05689	0	0
338.10034	-0.05693	0	0
338.20034	-0.05697	0	0
338.30034	-0.05701	0	0
338.40034	-0.05704	0	0
338.50034	-0.05708	0	0
338.60034	-0.05712	0	0
338.70034	-0.05716	0	0
338.80034	-0.0572	0	0
338.90034	-0.05724	0	0
339.00034	-0.05728	0	0
339.10034	-0.05731	0	0
339.20034	-0.05735	0	0
339.30034	-0.05739	0	0
339.40034	-0.05743	0	0
339.50034	-0.05747	0	0
339.60034	-0.05751	0	0
339.70034	-0.05755	0	0
339.80034	-0.05758	0	0
339.90034	-0.05762	0	0
340.00034	-0.05766	0	0
340.10034	-0.0577	0	0
340.20034	-0.05774	0	0
340.30034	-0.05778	0	0
340.40034	-0.05782	0	0
340.50034	-0.05786	0	0
340.60034	-0.05789	0	0
340.70034	-0.05793	0	0
340.80034	-0.05797	0	0
340.90034	-0.05801	0	0
341.00034	-0.05805	0	0
341.10034	-0.05809	0	0
341.20034	-0.05813	0	0
341.30034	-0.05816	0	0
341.40034	-0.0582	0	0
341.50034	-0.05824	0	0
341.60034	-0.05828	0	0
341.70034	-0.05832	0	0
341.80034	-0.05836	0	0
341.90034	-0.0584	0	0
342.00034	-0.05844	0	0
342.10034	-0.05848	0	0
342.20034	-0.05851	0	0
342.30034	-0.05855	0	0
342.40034	-0.05859	0	0
342.50034	-0.05863	0	0
342.60034	-0.05867	0	0
342.70034	-0.05871	0	0
342.80034	-0.05875	0	0
342.90034	-0.05879	0	0
343.00034	-0.05882	0	0
343.10034	-0.05886	0	0
343.20034	-0.0589	0	0
343.30034	-0.05894	0	0
343.40034	-0.05898	0	0
343.50034	-0.05902	0	0
343.60034	-0.05906	0	0
343.70034	-0.0591	0	0
343.80034	-0.05914	0	0
343.90034	-0.05917	0	0
344.00034	-0.05921	0	0
344.10034	-0.05925	0	0
344.20034	-0.05929	0	0
344.30034	-0.05933	0	0
344.40034	-0.05937	0	0
344.50034	-0.05941	0	0
344.60034	-0.05945	0	0
344.70034	-0.05949	0	0
344.80034	-0.05953	0	0
344.90034	-0.05956	0	0
345.00035	-0.0596	0	0
345.10035	-0.05964	0	0
345.20035	-0.05968	0	0
345.30035	-0.05972	0	0
345.40035	-0.05976	0	0
345.50035	-0.0598	0	0
345.60035	-0.05984	0	0
345.70035	-0.05988	0	0
345.80035	-0.05992	0	0
345.90035	-0.05995	0	0
346.00035	-0.05999	0	0
346.10035	-0.06003	0	0
346.20035	-0.06007	0	0
346.30035	-0.06011	0	0
346.40035	-0.06015	0	0
346.50035	-0.06019	0	0
346.60035	-0.06023	0	0
346.70035	-0.06027	0	0
346.80035	-0.06031	0	0
346.90035	-0.06035	0	0
347.00035	-0.06039	0	0
347.10035	-0.06042	0	0
347.20035	-0.06046	0	0
347.30035	-0.0605	0	0
347.40035	-0.06054	0	0
347.50035	-0.06058	0	0
347.60035	-0.06062	0	0
347.70035	-0.06066	0	0
347.80035	-0.0607	0	0
347.90035	-0.06074	0	0
348.00035	-0.06078	0	0
348.10035	-0.06082	0	0
348.20035	-0.06086	0	0
348.30035	-0.06089	0	0
348.40035	-0.06093	0	0
348.50035	-0.06097	0	0
348.60035	-0.06101	0	0
348.70035	-0.06105	0	0
348.80035	-0.06109	0	0
348.90035	-0.06113	0	0
349.00035	-0.06117	0	0
349.10035	-0.06121	0	0
349.20035	-0.06125	0	0
349.30035	-0.06129	0	0
349.40035	-0.06133	0	0
349.50035	-0.06136	0	0
349.60035	-0.0614	0	0
349.70035	-0.06144	0	0
349.80035	-0.06148	0	0
349.90035	-0.06152	0	0
350.00035	-0.06156	0	0
350.10035	-0.0616	0	0
350.20035	-0.06164	0	0
350.30035	-0.06168	0	0
350.40035	-0.06172	0	0
350.50035	-0.06176	0	0
350.60035	-0.0618	0	0
350.70035	-0.06184	0	0
350.80035	-0.06188	0	0
350.90035	-0.06191	0	0
351.00035	-0.06195	0	0
351.10035	-0.06199	0	0
351.20035	-0.06203	0	0
351.30035	-0.06207	0	0
351.40035	-0.06211	0	0
351.50035	-0.06215	0	0
351.60035	-0.06219	0	0
351.70035	-0.06223	0	0
351.80035	-0.06227	0	0
351.90035	-0.06231	0	0
352.00035	-0.06235	0	0
352.10035	-0.06239	0	0
352.20035	-0.06243	0	0
352.30035	-0.06247	0	0
352.40035	-0.0625	0	0
352.50035	-0.06254	0	0
352.60035	-0.06258	0	0
352.70035	-0.06262	0	0
352.80035	-0.06266	0	0
352.90035	-0.0627	0	0
353.00035	-0.06274	0	0
353.10035	-0.06278	0	0
353.20035	-0.06282	0	0
353.30035	-0.06286	0	0
353.40035	-0.0629	0	0
353.50035	-0.06294	0	0
353.60035	-0.06298	0	0
353.70035	-0.06302	0	0
353.80035	-0.06306	0	0
353.90035	-0.0631	0	0
354.00035	-0.06313	0	0
354.10035	-0.06317	0	0
354.20035	-0.06321	0	0
354.30035	-0.06325	0	0
354.40035	-0.06329	0	0
354.50035	-0.06333	0	0
354.60035	-0.06337	0	0
354.70035	-0.06341	0	0
354.80035	-0.06345	0	0
354.90035	-0.06349	0	0
355.00036	-0.06353	0	0
355.10036	-0.06357	0	0
355.20036	-0.06361	0	0
355.30036	-0.06365	0	0
355.40036	-0.06369	0	0
355.50036	-0.06373	0	0
355.60036	-0.06376	0	0
355.70036	-0.0638	0	0
355.80036	-0.06384	0	0
355.90036	-0.06388	0	0
356.00036	-0.06392	0	0
356.10036	-0.06396	0	0
356.20036	-0.064	0	0
356.30036	-0.06404	0	0
356.40036	-0.06408	0	0
356.50036	-0.06412	0	0
356.60036	-0.06416	0	0
356.70036	-0.0642	0	0
356.80036	-0.06424	0	0
356.90036	-0.06428	0	0
357.00036	-0.06432	0	0
357.10036	-0.06436	0	0
357.20036	-0.06439	0	0
357.30036	-0.06443	0	0
357.40036	-0.06447	0	0
357.50036	-0.06451	0	0
357.60036	-0.06455	0	0
357.70036	-0.06459	0	0
357.80036	-0.06463	0	0
357.90036	-0.06467	0	0
358.00036	-0.06471	0	0
358.10036	-0.06475	0	0
358.20036	-0.06479	0	0
358.30036	-0.06483	0	0
358.40036	-0.06487	0	0
358.50036	-0.06491	0	0
358.60036	-0.06495	0	0
358.70036	-0.06499	0	0
358.80036	-0.06502	0	0
358.90036	-0.06506	0	0
359.00036	-0.0651	0	0
359.10036	-0.06514	0	0
359.20036	-0.06518	0	0
359.30036	-0.06522	0	0
359.40036	-0.06526	0	0
359.50036	-0.0653	0	0
359.60036	-0.06534	0	0
359.70036	-0.06538	0	0
359.80036	-0.06542	0	0
359.90036	-0.06546	0	0
360.00036	-0.0655	0	0
360.10036	-0.06554	0	0
360.20036	-0.06558	0	0
360.30036	-0.06561	0	0
360.40036	-0.06565	0	0
360.50036	-0.06569	0	0
360.60036	-0.06573	0	0
360.70036	-0.06577	0	0
360.80036	-0.06581	0	0
360.90036	-0.06585	0	0
361.00036	-0.06589	0	0
361.10036	-0.06593	0	0
361.20036	-0.06597	0	0
361.30036	-0.06601	0	0
361.40036	-0.06605	0	0
361.50036	-0.06609	0	0
361.60036	-0.06613	0	0
361.70036	-0.06616	0	0
361.80036	-0.0662	0	0
361.90036	-0.06624	0	0
362.00036	-0.06628	0	0
362.10036	-0.06632	0	0
362.20036	-0.06636	0	0
362.30036	-0.0664	0	0
362.40036	-0.06644	0	0
362.50036	-0.06648	0	0
362.60036	-0.06652	0	0
362.70036	-0.06656	0	0
362.80036	-0.0666	0	0
362.90036	-0.06664	0	0
363.00036	-0.06668	0	0
363.10036	-0.06671	0	0
363.20036	-0.06675	0	0
363.30036	-0.06679	0	0
363.40036	-0.06683	0	0
363.50036	-0.06687	0	0
363.60036	-0.06691	0	0
363.70036	-0.06695	0	0
363.80036	-0.06699	0	0
363.90036	-0.06703	0	0
364.00036	-0.06707	0	0
364.10036	-0.06711	0	0
364.20036	-0.06715	0	0
364.30036	-0.06718	0	0
364.40036	-0.06722	0	0
364.50036	-0.06726	0	0
364.60036	-0.0673	0	0
364.70036	-0.06734	0	0
364.80036	-0.06738	0	0
364.90036	-0.06742	0	0
365.00037	-0.06746	0	0
365.10037	-0.0675	0	0
365.20037	-0.06754	0	0
365.30037	-0.06758	0	0
365.40037	-0.06761	0	0
365.50037	-0.06765	0	0
365.60037	-0.06769	0	0
365.70037	-0.06773	0	0
365.80037	-0.06777	0	0
365.90037	-0.06781	0	0
366.00037	-0.06785	0	0
366.10037	-0.06789	0	0
366.20037	-0.06793	0	0
366.30037	-0.06797	0	0
366.40037	-0.068	0	0
366.50037	-0.06804	0	0
366.60037	-0.06808	0	0
366.70037	-0.06812	0	0
366.80037	-0.06816	0	0
366.90037	-0.0682	0	0
367.00037	-0.06824	0	0
367.10037	-0.06828	0	0
367.20037	-0.06832	0	0
367.30037	-0.06836	0	0
367.40037	-0.06839	0	0
367.50037	-0.06843	0	0
367.60037	-0.06847	0	0
367.70037	-0.06851	0	0
367.80037	-0.06855	0	0
367.90037	-0.06859	0	0
368.00037	-0.06863	0	0
368.10037	-0.06867	0	0
368.20037	-0.06871	0	0
368.30037	-0.06874	0	0
368.40037	-0.06878	0	0
368.50037	-0.06882	0	0
368.60037	-0.06886	0	0
368.70037	-0.0689	0	0
368.80037	-0.06894	0	0
368.90037	-0.06898	0	0
369.00037	-0.06902	0	0
369.10037	-0.06905	0	0
369.20037	-0.06909	0	0
369.30037	-0.06913	0	0
369.40037	-0.06917	0	0
369.50037	-0.06921	0	0
369.60037	-0.06925	0	0
369.70037	-0.06929	0	0
369.80037	-0.06933	0	0
369.90037	-0.06936	0	0
370.00037	-0.0694	0	0
370.10037	-0.06944	0	0
370.20037	-0.06948	0	0
370.30037	-0.06952	0	0
370.40037	-0.06956	0	0
370.50037	-0.0696	0	0
370.60037	-0.06963	0	0
370.70037	-0.06967	0	0
370.80037	-0.06971	0	0
370.90037	-0.06975	0	0
371.00037	-0.06979	0	0
371.10037	-0.06983	0	0
371.20037	-0.06987	0	0
371.30037	-0.0699	0	0
371.40037	-0.06994	0	0
371.50037	-0.06998	0	0
371.60037	-0.07002	0	0
371.70037	-0.07006	0	0
371.80037	-0.0701	0	0
371.90037	-0.07013	0	0
372.00037	-0.07017	0	0
372.10037	-0.07021	0	0
372.20037	-0.07025	0	0
372.30037	-0.07029	0	0
372.40037	-0.07033	0	0
372.50037	-0.07037	0	0
372.60037	-0.0704	0	0
372.70037	-0.07044	0	0
372.80037	-0.07048	0	0
372.90037	-0.07052	0	0
373.00037	-0.07056	0	0
373.10037	-0.0706	0	0
373.20037	-0.07063	0	0
373.30037	-0.07067	0	0
373.40037	-0.07071	0	0
373.50037	-0.07075	0	0
373.60037	-0.07079	0	0
373.70037	-0.07082	0	0
373.80037	-0.07086	0	0
373.90037	-0.0709	0	0
374.00037	-0.07094	0	0
374.10037	-0.07098	0	0
374.20037	-0.07102	0	0
374.30037	-0.07105	0	0
374.40037	-0.07109	0	0
374.50037	-0.07113	0	0
374.60037	-0.07117	0	0
374.70037	-0.07121	0	0
374.80037	-0.07124	0	0
374.90037	-0.07128	0	0
375.00038	-0.07132	0	0
375.10038	-0.07136	0	0
375.20038	-0.0714	0	0
375.30038	-0.07143	0	0
375.40038	-0.07147	0	0
375.50038	-0.07151	0	0
375.60038	-0.07155	0	0
375.70038	-0.07158	0	0
375.80038	-0.07162	0	0
375.90038	-0.07166	0	0
376.00038	-0.0717	0	0
376.10038	-0.07174	0	0
376.20038	-0.07177	0	0
376.30038	-0.07181	0	0
376.40038	-0.07185	0	0
376.50038	-0.07189	0	0
376.60038	-0.07192	0	0
376.70038	-0.07196	0	0
376.80038	-0.072	0	0
376.90038	-0.07204	0	0
377.00038	-0.07208	0	0
377.10038	-0.07211	0	0
377.20038	-0.07215	0	0
377.30038	-0.07219	0	0
377.40038	-0.07223	0	0
377.50038	-0.07226	0	0
377.60038	-0.0723	0	0
377.70038	-0.07234	0	0
377.80038	-0.07238	0	0
377.90038	-0.07241	0	0
378.00038	-0.07245	0	0
378.10038	-0.07249	0	0
378.20038	-0.07253	0	0
378.30038	-0.07256	0	0
378.40038	-0.0726	0	0
378.50038	-0.07264	0	0
378.60038	-0.07268	0	0
378.70038	-0.07271	0	0
378.80038	-0.07275	0	0
378.90038	-0.07279	0	0
379.00038	-0.07282	0	0
379.10038	-0.07286	0	0
379.20038	-0.0729	0	0
379.30038	-0.07294	0	0
379.40038	-0.07297	0	0
379.50038	-0.07301	0	0
379.60038	-0.07305	0	0
379.70038	-0.07309	0	0
379.80038	-0.07312	0	0
379.90038	-0.07316	0	0
380.00038	-0.0732	0	0
380.10038	-0.07323	0	0
380.20038	-0.07327	0	0
380.30038	-0.07331	0	0
380.40038	-0.07334	0	0
380.50038	-0.07338	0	0
380.60038	-0.07342	0	0
380.70038	-0.07346	0	0
380.80038	-0.07349	0	0
380.90038	-0.07353	0	0
381.00038	-0.07357	0	0
381.10038	-0.0736	0	0
381.20038	-0.07364	0	0
381.30038	-0.07368	0	0
381.40038	-0.07371	0	0
381.50038	-0.07375	0	0
381.60038	-0.07379	0	0
381.70038	-0.07382	0	0
381.80038	-0.07386	0	0
381.90038	-0.0739	0	0
382.00038	-0.07393	0	0
382.10038	-0.07397	0	0
382.20038	-0.07401	0	0
382.30038	-0.07404	0	0
382.40038	-0.07408	0	0
382.50038	-0.07412	0	0
382.60038	-0.07415	0	0
382.70038	-0.07419	0	0
382.80038	-0.07423	0	0
382.90038	-0.07426	0	0
383.00038	-0.0743	0	0
383.10038	-0.07433	0	0
383.20038	-0.07437	0	0
383.30038	-0.07441	0	0
383.40038	-0.07444	0	0
383.50038	-0.07448	0	0
383.60038	-0.07452	0	0
383.70038	-0.07455	0	0
383.80038	-0.07459	0	0
383.90038	-0.07463	0	0
384.00038	-0.07466	0	0
384.10038	-0.0747	0	0
384.20038	-0.07473	0	0
384.30038	-0.07477	0	0
384.40038	-0.07481	0	0
384.50038	-0.07484	0	0
384.60038	-0.07488	0	0
384.70038	-0.07491	0	0
384.80038	-0.07495	0	0
384.90038	-0.07499	0	0
385.00039	-0.07502	0	0
385.10039	-0.07506	0	0
385.20039	-0.07509	0	0
385.30039	-0.07513	0	0
385.40039	-0.07516	0	0
385.50039	-0.0752	0	0
385.60039	-0.07524	0	0
385.70039	-0.07527	0	0
385.80039	-0.07531	0	0
385.90039	-0.07534	0	0
386.00039	-0.07538	0	0
386.10039	-0.07541	0	0
386.20039	-0.07545	0	0
386.30039	-0.07549	0	0
386.40039	-0.07552	0	0
386.50039	-0.07556	0	0
386.60039	-0.07559	0	0
386.70039	-0.07563	0	0
386.80039	-0.07566	0	0
386.90039	-0.0757	0	0
387.00039	-0.07573	0	0
387.10039	-0.07577	0	0
387.20039	-0.0758	0	0
387.30039	-0.07584	0	0
387.40039	-0.07587	0	0
387.50039	-0.07591	0	0
387.60039	-0.07595	0	0
387.70039	-0.07598	0	0
387.80039	-0.07602	0	0
387.90039	-0.07605	0	0
388.00039	-0.07609	0	0
388.10039	-0.07612	0	0
388.20039	-0.07616	0	0
388.30039	-0.07619	0	0
388.40039	-0.07623	0	0
388.50039	-0.07626	0	0
388.60039	-0.0763	0	0
388.70039	-0.07633	0	0
388.80039	-0.07636	0	0
388.90039	-0.0764	0	0
389.00039	-0.07643	0	0
389.10039	-0.07647	0	0
389.20039	-0.0765	0	0
389.30039	-0.07654	0	0
389.40039	-0.07657	0	0
389.50039	-0.07661	0	0
389.60039	-0.07664	0	0
389.70039	-0.07668	0	0
389.80039	-0.07671	0	0
389.90039	-0.07675	0	0
390.00039	-0.07678	0	0
390.10039	-0.07681	0	0
390.20039	-0.07685	0	0
390.30039	-0.07688	0	0
390.40039	-0.07692	0	0
390.50039	-0.07695	0	0
390.60039	-0.07699	0	0
390.70039	-0.07702	0	0
390.80039	-0.07705	0	0
390.90039	-0.07709	0	0
391.00039	-0.07712	0	0
391.10039	-0.07716	0	0
391.20039	-0.07719	0	0
391.30039	-0.07723	0	0
391.40039	-0.07726	0	0
391.50039	-0.07729	0	0
391.60039	-0.07733	0	0
391.70039	-0.07736	0	0
391.80039	-0.07739	0	0
391.90039	-0.07743	0	0
392.00039	-0.07746	0	0
392.10039	-0.0775	0	0
392.20039	-0.07753	0	0
392.30039	-0.07756	0	0
392.40039	-0.0776	0	0
392.50039	-0.07763	0	0
392.60039	-0.07766	0	0
392.70039	-0.0777	0	0
392.80039	-0.07773	0	0
392.90039	-0.07776	0	0
393.00039	-0.0778	0	0
393.10039	-0.07783	0	0
393.20039	-0.07787	0	0
393.30039	-0.0779	0	0
393.40039	-0.07793	0	0
393.50039	-0.07796	0	0
393.60039	-0.078	0	0
393.70039	-0.07803	0	0
393.80039	-0.07806	0	0
393.90039	-0.0781	0	0
394.00039	-0.07813	0	0
394.10039	-0.07816	0	0
394.20039	-0.0782	0	0
394.30039	-0.07823	0	0
394.40039	-0.07826	0	0
394.50039	-0.0783	0	0
394.60039	-0.07833	0	0
394.70039	-0.07836	0	0
394.80039	-0.07839	0	0
394.90039	-0.07843	0	0
395.0004	-0.07846	0	0
395.1004	-0.07849	0	0
395.2004	-0.07852	0	0
395.3004	-0.07856	0	0
395.4004	-0.07859	0	0
395.5004	-0.07862	0	0
395.6004	-0.07865	0	0
395.7004	-0.07869	0	0
395.8004	-0.07872	0	0
395.9004	-0.07875	0	0
396.0004	-0.07878	0	0
396.1004	-0.07882	0	0
396.2004	-0.07885	0	0
396.3004	-0.07888	0	0
396.4004	-0.07891	0	0
396.5004	-0.07895	0	0
396.6004	-0.07898	0	0
396.7004	-0.07901	0	0
396.8004	-0.07904	0	0
396.9004	-0.07907	0	0
397.0004	-0.07911	0	0
397.1004	-0.07914	0	0
397.2004	-0.07917	0	0
397.3004	-0.0792	0	0
397.4004	-0.07923	0	0
397.5004	-0.07926	0	0
397.6004	-0.0793	0	0
397.7004	-0.07933	0	0
397.8004	-0.07936	0	0
397.9004	-0.07939	0	0
398.0004	-0.07942	0	0
398.1004	-0.07945	0	0
398.2004	-0.07948	0	0
398.3004	-0.07952	0	0
398.4004	-0.07955	0	0
398.5004	-0.07958	0	0
398.6004	-0.07961	0	0
398.7004	-0.07964	0	0
398.8004	-0.07967	0	0
398.9004	-0.0797	0	0
399.0004	-0.07973	0	0
399.1004	-0.07977	0	0
399.2004	-0.0798	0	0
399.3004	-0.07983	0	0
399.4004	-0.07986	0	0
399.5004	-0.07989	0	0
399.6004	-0.07992	0	0
399.7004	-0.07995	0	0
399.8004	-0.07998	0	0
399.9004	-0.08001	0	0
400.0004	-0.08004	0	0
400.1004	-0.08007	0	0
400.2004	-0.0801	0	0
400.3004	-0.08013	0	0
400.4004	-0.08017	0	0
400.5004	-0.0802	0	0
400.6004	-0.08023	0	0
400.7004	-0.08026	0	0
400.8004	-0.08029	0	0
400.9004	-0.08032	0	0
401.0004	-0.08035	0	0
401.1004	-0.08038	0	0
401.2004	-0.08041	0	0
401.3004	-0.08044	0	0
401.4004	-0.08047	0	0
401.5004	-0.0805	0	0
401.6004	-0.08053	0	0
401.7004	-0.08056	0	0
401.8004	-0.08059	0	0
401.9004	-0.08062	0	0
402.0004	-0.08065	0	0
402.1004	-0.08068	0	0
402.2004	-0.08071	0	0
402.3004	-0.08074	0	0
402.4004	-0.08077	0	0
402.5004	-0.08079	0	0
402.6004	-0.08082	0	0
402.7004	-0.08085	0	0
402.8004	-0.08088	0	0
402.9004	-0.08091	0	0
403.0004	-0.08094	0	0
403.1004	-0.08097	0	0
403.2004	-0.081	0	0
403.3004	-0.08103	0	0
403.4004	-0.08106	0	0
403.5004	-0.08109	0	0
403.6004	-0.08112	0	0
403.7004	-0.08115	0	0
403.8004	-0.08117	0	0
403.9004	-0.0812	0	0
404.0004	-0.08123	0	0
404.1004	-0.08126	0	0
404.2004	-0.08129	0	0
404.3004	-0.08132	0	0
404.4004	-0.08135	0	0
404.5004	-0.08137	0	0
404.6004	-0.0814	0	0
404.7004	-0.08143	0	0
404.8004	-0.08146	0	0
404.9004	-0.08149	0	0
405.00041	-0.08152	0	0
405.10041	-0.08155	0	0
405.20041	-0.08157	0	0
405.30041	-0.0816	0	0
405.40041	-0.08163	0	0
405.50041	-0.08166	0	0
405.60041	-0.08169	0	0
405.70041	-0.08171	0	0
405.80041	-0.08174	0	0
405.90041	-0.08177	0	0
406.00041	-0.0818	0	0
406.10041	-0.08182	0	0
406.20041	-0.08185	0	0
406.30041	-0.08188	0	0
406.40041	-0.08191	0	0
406.50041	-0.08193	0	0
406.60041	-0.08196	0	0
406.70041	-0.08199	0	0
406.80041	-0.08202	0	0
406.90041	-0.08204	0	0
407.00041	-0.08207	0	0
407.10041	-0.0821	0	0
407.20041	-0.08213	0	0
407.30041	-0.08215	0	0
407.40041	-0.08218	0	0
407.50041	-0.08221	0	0
407.60041	-0.08223	0	0
407.70041	-0.08226	0	0
407.80041	-0.08229	0	0
407.90041	-0.08231	0	0
408.00041	-0.08234	0	0
408.10041	-0.08237	0	0
408.20041	-0.08239	0	0
408.30041	-0.08242	0	0
408.40041	-0.08245	0	0
408.50041	-0.08247	0	0
408.60041	-0.0825	0	0
408.70041	-0.08253	0	0
408.80041	-0.08255	0	0
408.90041	-0.08258	0	0
409.00041	-0.08261	0	0
409.10041	-0.08263	0	0
409.20041	-0.08266	0	0
409.30041	-0.08268	0	0
409.40041	-0.08271	0	0
409.50041	-0.08274	0	0
409.60041	-0.08276	0	0
409.70041	-0.08279	0	0
409.80041	-0.08281	0	0
409.90041	-0.08284	0	0
410.00041	-0.08286	0	0
410.10041	-0.08289	0	0
410.20041	-0.08292	0	0
410.30041	-0.08294	0	0
410.40041	-0.08297	0	0
410.50041	-0.08299	0	0
410.60041	-0.08302	0	0
410.70041	-0.08304	0	0
410.80041	-0.08307	0	0
410.90041	-0.08309	0	0
411.00041	-0.08312	0	0
411.10041	-0.08314	0	0
411.20041	-0.08317	0	0
411.30041	-0.08319	0	0
411.40041	-0.08322	0	0
411.50041	-0.08324	0	0
411.60041	-0.08327	0	0
411.70041	-0.08329	0	0
411.80041	-0.08332	0	0
411.90041	-0.08334	0	0
412.00041	-0.08336	0	0
412.10041	-0.08339	0	0
412.20041	-0.08341	0	0
412.30041	-0.08344	0	0
412.40041	-0.08346	0	0
412.50041	-0.08349	0	0
412.60041	-0.08351	0	0
412.70041	-0.08353	0	0
412.80041	-0.08356	0	0
412.90041	-0.08358	0	0
413.00041	-0.08361	0	0
413.10041	-0.08363	0	0
413.20041	-0.08365	0	0
413.30041	-0.08368	0	0
413.40041	-0.0837	0	0
413.50041	-0.08372	0	0
413.60041	-0.08375	0	0
413.70041	-0.08377	0	0
413.80041	-0.08379	0	0
413.90041	-0.08382	0	0
414.00041	-0.08384	0	0
414.10041	-0.08386	0	0
414.20041	-0.08389	0	0
414.30041	-0.08391	0	0
414.40041	-0.08393	0	0
414.50041	-0.08396	0	0
414.60041	-0.08398	0	0
414.70041	-0.084	0	0
414.80041	-0.08402	0	0
414.90041	-0.08405	0	0
415.00042	-0.08407	0	0
415.10042	-0.08409	0	0
415.20042	-0.08411	0	0
415.30042	-0.08414	0	0
415.40042	-0.08416	0	0
415.50042	-0.08418	0	0
415.60042	-0.0842	0	0
415.70042	-0.08423	0	0
415.80042	-0.08425	0	0
415.90042	-0.08427	0	0
416.00042	-0.08429	0	0
416.10042	-0.08431	0	0
416.20042	-0.08434	0	0
416.30042	-0.08436	0	0
416.40042	-0.08438	0	0
416.50042	-0.0844	0	0
416.60042	-0.08442	0	0
416.70042	-0.08444	0	0
416.80042	-0.08447	0	0
416.90042	-0.08449	0	0
417.00042	-0.08451	0	0
417.10042	-0.08453	0	0
417.20042	-0.08455	0	0
417.30042	-0.08457	0	0
417.40042	-0.08459	0	0
417.50042	-0.08461	0	0
417.60042	-0.08463	0	0
417.70042	-0.08466	0	0
417.80042	-0.08468	0	0
417.90042	-0.0847	0	0
418.00042	-0.08472	0	0
418.10042	-0.08474	0	0
418.20042	-0.08476	0	0
418.30042	-0.08478	0	0
418.40042	-0.0848	0	0
418.50042	-0.08482	0	0
418.60042	-0.08484	0	0
418.70042	-0.08486	0	0
418.80042	-0.08488	0	0
418.90042	-0.0849	0	0
419.00042	-0.08492	0	0
419.10042	-0.08494	0	0
419.20042	-0.08496	0	0
419.30042	-0.08498	0	0
419.40042	-0.085	0	0
419.50042	-0.08502	0	0
419.60042	-0.08504	0	0
419.70042	-0.08506	0	0
419.80042	-0.08508	0	0
419.90042	-0.0851	0	0
420.00042	-0.08512	0	0
420.10042	-0.08514	0	0
420.20042	-0.08515	0	0
420.30042	-0.08517	0	0
420.40042	-0.08519	0	0
420.50042	-0.08521	0	0
420.60042	-0.08523	0	0
420.70042	-0.08525	0	0
420.80042	-0.08527	0	0
420.90042	-0.08529	0	0
421.00042	-0.08531	0	0
421.10042	-0.08532	0	0
421.20042	-0.08534	0	0
421.30042	-0.08536	0	0
421.40042	-0.08538	0	0
421.50042	-0.0854	0	0
421.60042	-0.08542	0	0
421.70042	-0.08543	0	0
421.80042	-0.08545	0	0
421.90042	-0.08547	0	0
422.00042	-0.08549	0	0
422.10042	-0.0855	0	0
422.20042	-0.08552	0	0
422.30042	-0.08554	0	0
422.40042	-0.08556	0	0
422.50042	-0.08558	0	0
422.60042	-0.08559	0	0
422.70042	-0.08561	0	0
422.80042	-0.08563	0	0
422.90042	-0.08564	0	0
423.00042	-0.08566	0	0
423.10042	-0.08568	0	0
423.20042	-0.0857	0	0
423.30042	-0.08571	0	0
423.40042	-0.08573	0	0
423.50042	-0.08575	0	0
423.60042	-0.08576	0	0
423.70042	-0.08578	0	0
423.80042	-0.0858	0	0
423.90042	-0.08581	0	0
424.00042	-0.08583	0	0
424.10042	-0.08585	0	0
424.20042	-0.08586	0	0
424.30042	-0.08588	0	0
424.40042	-0.08589	0	0
424.50042	-0.08591	0	0
424.60042	-0.08593	0	0
424.70042	-0.08594	0	0
424.80042	-0.08596	0	0
424.90042	-0.08597	0	0
425.00043	-0.08599	0	0
425.10043	-0.086	0	0
425.20043	-0.08602	0	0
425.30043	-0.08604	0	0
425.40043	-0.08605	0	0
425.50043	-0.08607	0	0
425.60043	-0.08608	0	0
425.70043	-0.0861	0	0
425.80043	-0.08611	0	0
425.90043	-0.08613	0	0
426.00043	-0.08614	0	0
426.10043	-0.08616	0	0
426.20043	-0.08617	0	0
426.30043	-0.08619	0	0
426.40043	-0.0862	0	0
426.50043	-0.08621	0	0
426.60043	-0.08623	0	0
426.70043	-0.08624	0	0
426.80043	-0.08626	0	0
426.90043	-0.08627	0	0
427.00043	-0.08629	0	0
427.10043	-0.0863	0	0
427.20043	-0.08631	0	0
427.30043	-0.08633	0	0
427.40043	-0.08634	0	0
427.50043	-0.08635	0	0
427.60043	-0.08637	0	0
427.70043	-0.08638	0	0
427.80043	-0.0864	0	0
427.90043	-0.08641	0	0
428.00043	-0.08642	0	0
428.10043	-0.08644	0	0
428.20043	-0.08645	0	0
428.30043	-0.08646	0	0
428.40043	-0.08647	0	0
428.50043	-0.08649	0	0
428.60043	-0.0865	0	0
428.70043	-0.08651	0	0
428.80043	-0.08653	0	0
428.90043	-0.08654	0	0
429.00043	-0.08655	0	0
429.10043	-0.08656	0	0
429.20043	-0.08658	0	0
429.30043	-0.08659	0	0
429.40043	-0.0866	0	0
429.50043	-0.08661	0	0
429.60043	-0.08662	0	0
429.70043	-0.08664	0	0
429.80043	-0.08665	0	0
429.90043	-0.08666	0	0
430.00043	-0.08667	0	0
430.10043	-0.08668	0	0
430.20043	-0.08669	0	0
430.30043	-0.08671	0	0
430.40043	-0.08672	0	0
430.50043	-0.08673	0	0
430.60043	-0.08674	0	0
430.70043	-0.08675	0	0
430.80043	-0.08676	0	0
430.90043	-0.08677	0	0
431.00043	-0.08678	0	0
431.10043	-0.08679	0	0
431.20043	-0.08681	0	0
431.30043	-0.08682	0	0
431.40043	-0.08683	0	0
431.50043	-0.08684	0	0
431.60043	-0.08685	0	0
431.70043	-0.08686	0	0
431.80043	-0.08687	0	0
431.90043	-0.08688	0	0
432.00043	-0.08689	0	0
432.10043	-0.0869	0	0
432.20043	-0.08691	0	0
432.30043	-0.08692	0	0
432.40043	-0.08693	0	0
432.50043	-0.08694	0	0
432.60043	-0.08695	0	0
432.70043	-0.08696	0	0
432.80043	-0.08697	0	0
432.90043	-0.08697	0	0
433.00043	-0.08698	0	0
433.10043	-0.08699	0	0
433.20043	-0.087	0	0
433.30043	-0.08701	0	0
433.40043	-0.08702	0	0
433.50043	-0.08703	0	0
433.60043	-0.08704	0	0
433.70043	-0.08705	0	0
433.80043	-0.08705	0	0
433.90043	-0.08706	0	0
434.00043	-0.08707	0	0
434.10043	-0.08708	0	0
434.20043	-0.08709	0	0
434.30043	-0.0871	0	0
434.40043	-0.0871	0	0
434.50043	-0.08711	0	0
434.60043	-0.08712	0	0
434.70043	-0.08713	0	0
434.80043	-0.08713	0	0
434.90043	-0.08714	0	0
435.00044	-0.08715	0	0
435.10044	-0.08716	0	0
435.20044	-0.08716	0	0
435.30044	-0.08717	0	0
435.40044	-0.08718	0	0
435.50044	-0.08719	0	0
435.60044	-0.08719	0	0
435.70044	-0.0872	0	0
435.80044	-0.08721	0	0
435.90044	-0.08721	0	0
436.00044	-0.08722	0	0
436.10044	-0.08723	0	0
436.20044	-0.08723	0	0
436.30044	-0.08724	0	0
436.40044	-0.08724	0	0
436.50044	-0.08725	0	0
436.60044	-0.08726	0	0
436.70044	-0.08726	0	0
436.80044	-0.08727	0	0
436.90044	-0.08727	0	0
437.00044	-0.08728	0	0
437.10044	-0.08729	0	0
437.20044	-0.08729	0	0
437.30044	-0.0873	0	0
437.40044	-0.0873	0	0
437.50044	-0.08731	0	0
437.60044	-0.08731	0	0
437.70044	-0.08732	0	0
437.80044	-0.08732	0	0
437.90044	-0.08733	0	0
438.00044	-0.08733	0	0
438.10044	-0.08734	0	0
438.20044	-0.08734	0	0
438.30044	-0.08735	0	0
438.40044	-0.08735	0	0
438.50044	-0.08735	0	0
438.60044	-0.08736	0	0
438.70044	-0.08736	0	0
438.80044	-0.08737	0	0
438.90044	-0.08737	0	0
439.00044	-0.08737	0	0
439.10044	-0.08738	0	0
439.20044	-0.08738	0	0
439.30044	-0.08739	0	0
439.40044	-0.08739	0	0
439.50044	-0.08739	0	0
439.60044	-0.0874	0	0
439.70044	-0.0874	0	0
439.80044	-0.0874	0	0
439.90044	-0.08741	0	0
440.00044	-0.08741	0	0
440.10044	-0.08741	0	0
440.20044	-0.08741	0	0
440.30044	-0.08742	0	0
440.40044	-0.08742	0	0
440.50044	-0.08742	0	0
440.60044	-0.08742	0	0
440.70044	-0.08743	0	0
440.80044	-0.08743	0	0
440.90044	-0.08743	0	0
441.00044	-0.08743	0	0
441.10044	-0.08743	0	0
441.20044	-0.08744	0	0
441.30044	-0.08744	0	0
441.40044	-0.08744	0	0
441.50044	-0.08744	0	0
441.60044	-0.08744	0	0
441.70044	-0.08744	0	0
441.80044	-0.08745	0	0
441.90044	-0.08745	0	0
442.00044	-0.08745	0	0
442.10044	-0.08745	0	0
442.20044	-0.08745	0	0
442.30044	-0.08745	0	0
442.40044	-0.08745	0	0
442.50044	-0.08745	0	0
442.60044	-0.08745	0	0
442.70044	-0.08745	0	0
442.80044	-0.08745	0	0
442.90044	-0.08745	0	0
443.00044	-0.08745	0	0
443.10044	-0.08745	0	0
443.20044	-0.08745	0	0
443.30044	-0.08745	0	0
443.40044	-0.08745	0	0
443.50044	-0.08745	0	0
443.60044	-0.08745	0	0
443.70044	-0.08745	0	0
443.80044	-0.08745	0	0
443.90044	-0.08745	0	0
444.00044	-0.08745	0	0
444.10044	-0.08745	0	0
444.20044	-0.08745	0	0
444.30044	-0.08745	0	0
444.40044	-0.08744	0	0
444.50044	-0.08744	0	0
444.60044	-0.08744	0	0
444.70044	-0.08744	0	0
444.80044	-0.08744	0	0
444.90044	-0.08744	0	0
445.00045	-0.08743	0	0
445.10045	-0.08743	0	0
445.20045	-0.08743	0	0
445.30045	-0.08743	0	0
445.40045	-0.08743	0	0
445.50045	-0.08742	0	0
445.60045	-0.08742	0	0
445.70045	-0.08742	0	0
445.80045	-0.08742	0	0
445.90045	-0.08741	0	0
446.00045	-0.08741	0	0
446.10045	-0.08741	0	0
446.20045	-0.0874	0	0
446.30045	-0.0874	0	0
446.40045	-0.0874	0	0
446.50045	-0.08739	0	0
446.60045	-0.08739	0	0
446.70045	-0.08739	0	0
446.80045	-0.08738	0	0
446.90045	-0.08738	0	0
447.00045	-0.08738	0	0
447.10045	-0.08737	0	0
447.20045	-0.08737	0	0
447.30045	-0.08736	0	0
447.40045	-0.08736	0	0
447.50045	-0.08736	0	0
447.60045	-0.08735	0	0
447.70045	-0.08735	0	0
447.80045	-0.08734	0	0
447.90045	-0.08734	0	0
448.00045	-0.08733	0	0
448.10045	-0.08733	0	0
448.20045	-0.08732	0	0
448.30045	-0.08732	0	0
448.40045	-0.08731	0	0
448.50045	-0.08731	0	0
448.60045	-0.0873	0	0
448.70045	-0.0873	0	0
448.80045	-0.08729	0	0
448.90045	-0.08728	0	0
449.00045	-0.08728	0	0
449.10045	-0.08727	0	0
449.20045	-0.08727	0	0
449.30045	-0.08726	0	0
449.40045	-0.08725	0	0
449.50045	-0.08725	0	0
449.60045	-0.08724	0	0
449.70045	-0.08723	0	0
449.80045	-0.08723	0	0
449.90045	-0.08722	0	0
450.00045	-0.08721	0	0
450.10045	-0.08721	0	0
450.20045	-0.0872	0	0
450.30045	-0.08719	0	0
450.40045	-0.08719	0	0
450.50045	-0.08718	0	0
450.60045	-0.08717	0	0
450.70045	-0.08716	0	0
450.80045	-0.08716	0	0
450.90045	-0.08715	0	0
451.00045	-0.08714	0	0
451.10045	-0.08713	0	0
451.20045	-0.08712	0	0
451.30045	-0.08712	0	0
451.40045	-0.08711	0	0
451.50045	-0.0871	0	0
451.60045	-0.08709	0	0
451.70045	-0.08708	0	0
451.80045	-0.08707	0	0
451.90045	-0.08706	0	0
452.00045	-0.08706	0	0
452.10045	-0.08705	0	0
452.20045	-0.08704	0	0
452.30045	-0.08703	0	0
452.40045	-0.08702	0	0
452.50045	-0.08701	0	0
452.60045	-0.087	0	0
452.70045	-0.08699	0	0
452.80045	-0.08698	0	0
452.90045	-0.08697	0	0
453.00045	-0.08696	0	0
453.10045	-0.08695	0	0
453.20045	-0.08694	0	0
453.30045	-0.08693	0	0
453.40045	-0.08692	0	0
453.50045	-0.08691	0	0
453.60045	-0.0869	0	0
453.70045	-0.08689	0	0
453.80045	-0.08688	0	0
453.90045	-0.08687	0	0
454.00045	-0.08685	0	0
454.10045	-0.08684	0	0
454.20045	-0.08683	0	0
454.30045	-0.08682	0	0
454.40045	-0.08681	0	0
454.50045	-0.0868	0	0
454.60045	-0.08679	0	0
454.70045	-0.08677	0	0
454.80045	-0.08676	0	0
454.90045	-0.08675	0	0
455.00046	-0.08674	0	0
455.10046	-0.08673	0	0
455.20046	-0.08671	0	0
455.30046	-0.0867	0	0
455.40046	-0.08669	0	0
455.50046	-0.08668	0	0
455.60046	-0.08666	0	0
455.70046	-0.08665	0	0
455.80046	-0.08664	0	0
455.90046	-0.08662	0	0
456.00046	-0.08661	0	0
456.10046	-0.0866	0	0
456.20046	-0.08658	0	0
456.30046	-0.08657	0	0
456.40046	-0.08656	0	0
456.50046	-0.08654	0	0
456.60046	-0.08653	0	0
456.70046	-0.08652	0	0
456.80046	-0.0865	0	0
456.90046	-0.08649	0	0
457.00046	-0.08647	0	0
457.10046	-0.08646	0	0
457.20046	-0.08644	0	0
457.30046	-0.08643	0	0
457.40046	-0.08642	0	0
457.50046	-0.0864	0	0
457.60046	-0.08639	0	0
457.70046	-0.08637	0	0
457.80046	-0.08636	0	0
457.90046	-0.08634	0	0
458.00046	-0.08633	0	0
458.10046	-0.08631	0	0
458.20046	-0.08629	0	0
458.30046	-0.08628	0	0
458.40046	-0.08626	0	0
458.50046	-0.08625	0	0
458.60046	-0.08623	0	0
458.70046	-0.08621	0	0
458.80046	-0.0862	0	0
458.90046	-0.08618	0	0
459.00046	-0.08617	0	0
459.10046	-0.08615	0	0
459.20046	-0.08613	0	0
459.30046	-0.08612	0	0
459.40046	-0.0861	0	0
459.50046	-0.08608	0	0
459.60046	-0.08606	0	0
459.70046	-0.08605	0	0
459.80046	-0.08603	0	0
459.90046	-0.08601	0	0
460.00046	-0.086	0	0
460.10046	-0.08598	0	0
460.20046	-0.08596	0	0
460.30046	-0.08594	0	0
460.40046	-0.08592	0	0
460.50046	-0.08591	0	0
460.60046	-0.08589	0	0
460.70046	-0.08587	0	0
460.80046	-0.08585	0	0
460.90046	-0.08583	0	0
461.00046	-0.08581	0	0
461.10046	-0.0858	0	0
461.20046	-0.08578	0	0
461.30046	-0.08576	0	0
461.40046	-0.08574	0	0
461.50046	-0.08572	0	0
461.60046	-0.0857	0	0
461.70046	-0.08568	0	0
461.80046	-0.08566	0	0
461.90046	-0.08564	0	0
462.00046	-0.08562	0	0
462.10046	-0.0856	0	0
462.20046	-0.08558	0	0
462.30046	-0.08556	0	0
462.40046	-0.08554	0	0
462.50046	-0.08552	0	0
462.60046	-0.0855	0	0
462.70046	-0.08548	0	0
462.80046	-0.08546	0	0
462.90046	-0.08544	0	0
463.00046	-0.08542	0	0
463.10046	-0.0854	0	0
463.20046	-0.08538	0	0
463.30046	-0.08536	0	0
463.40046	-0.08533	0	0
463.50046	-0.08531	0	0
463.60046	-0.08529	0	0
463.70046	-0.08527	0	0
463.80046	-0.08525	0	0
463.90046	-0.08523	0	0
464.00046	-0.0852	0	0
464.10046	-0.08518	0	0
464.20046	-0.08516	0	0
464.30046	-0.08514	0	0
464.40046	-0.08511	0	0
464.50046	-0.08509	0	0
464.60046	-0.08507	0	0
464.70046	-0.08505	0	0
464.80046	-0.08502	0	0
464.90046	-0.085	0	0
465.00047	-0.08498	0	0
465.10047	-0.08495	0	0
465.20047	-0.08493	0	0
465.30047	-0.08491	0	0
465.40047	-0.08488	0	0
465.50047	-0.08486	0	0
465.60047	-0.08484	0	0
465.70047	-0.08481	0	0
465.80047	-0.08479	0	0
465.90047	-0.08476	0	0
466.00047	-0.08474	0	0
466.10047	-0.08472	0	0
466.20047	-0.08469	0	0
466.30047	-0.08467	0	0
466.40047	-0.08464	0	0
466.50047	-0.08462	0	0
466.60047	-0.08459	0	0
466.70047	-0.08457	0	0
466.80047	-0.08454	0	0
466.90047	-0.08452	0	0
467.00047	-0.08449	0	0
467.10047	-0.08447	0	0
467.20047	-0.08444	0	0
467.30047	-0.08442	0	0
467.40047	-0.08439	0	0
467.50047	-0.08436	0	0
467.60047	-0.08434	0	0
467.70047	-0.08431	0	0
467.80047	-0.08429	0	0
467.90047	-0.08426	0	0
468.00047	-0.08423	0	0
468.10047	-0.08421	0	0
468.20047	-0.08418	0	0
468.30047	-0.08415	0	0
468.40047	-0.08413	0	0
468.50047	-0.0841	0	0
468.60047	-0.08407	0	0
468.70047	-0.08404	0	0
468.80047	-0.08402	0	0
468.90047	-0.08399	0	0
469.00047	-0.08396	0	0
469.10047	-0.08393	0	0
469.20047	-0.08391	0	0
469.30047	-0.08388	0	0
469.40047	-0.08385	0	0
469.50047	-0.08382	0	0
469.60047	-0.08379	0	0
469.70047	-0.08376	0	0
469.80047	-0.08374	0	0
469.90047	-0.08371	0	0
470.00047	-0.08368	0	0
470.10047	-0.08365	0	0
470.20047	-0.08362	0	0
470.30047	-0.08359	0	0
470.40047	-0.08356	0	0
470.50047	-0.08353	0	0
470.60047	-0.0835	0	0
470.70047	-0.08347	0	0
470.80047	-0.08344	0	0
470.90047	-0.08341	0	0
471.00047	-0.08339	0	0
471.10047	-0.08336	0	0
471.20047	-0.08332	0	0
471.30047	-0.08329	0	0
471.40047	-0.08326	0	0
471.50047	-0.08323	0	0
471.60047	-0.0832	0	0
471.70047	-0.08317	0	0
471.80047	-0.08314	0	0
471.90047	-0.08311	0	0
472.00047	-0.08308	0	0
472.10047	-0.08305	0	0
472.20047	-0.08302	0	0
472.30047	-0.08299	0	0
472.40047	-0.08295	0	0
472.50047	-0.08292	0	0
472.60047	-0.08289	0	0
472.70047	-0.08286	0	0
472.80047	-0.08283	0	0
472.90047	-0.08279	0	0
473.00047	-0.08276	0	0
473.10047	-0.08273	0	0
473.20047	-0.0827	0	0
473.30047	-0.08267	0	0
473.40047	-0.08263	0	0
473.50047	-0.0826	0	0
473.60047	-0.08257	0	0
473.70047	-0.08253	0	0
473.80047	-0.0825	0	0
473.90047	-0.08247	0	0
474.00047	-0.08243	0	0
474.10047	-0.0824	0	0
474.20047	-0.08237	0	0
474.30047	-0.08233	0	0
474.40047	-0.0823	0	0
474.50047	-0.08227	0	0
474.60047	-0.08223	0	0
474.70047	-0.0822	0	0
474.80047	-0.08216	0	0
474.90047	-0.08213	0	0
475.00048	-0.08209	0	0
475.10048	-0.08206	0	0
475.20048	-0.08202	0	0
475.30048	-0.08199	0	0
475.40048	-0.08196	0	0
475.50048	-0.08192	0	0
475.60048	-0.08188	0	0
475.70048	-0.08185	0	0
475.80048	-0.08181	0	0
475.90048	-0.08178	0	0
476.00048	-0.08174	0	0
476.10048	-0.08171	0	0
476.20048	-0.08167	0	0
476.30048	-0.08164	0	0
476.40048	-0.0816	0	0
476.50048	-0.08156	0	0
476.60048	-0.08153	0	0
476.70048	-0.08149	0	0
476.80048	-0.08145	0	0
476.90048	-0.08142	0	0
477.00048	-0.08138	0	0
477.10048	-0.08134	0	0
477.20048	-0.08131	0	0
477.30048	-0.08127	0	0
477.40048	-0.08123	0	0
477.50048	-0.08119	0	0
477.60048	-0.08116	0	0
477.70048	-0.08112	0	0
477.80048	-0.08108	0	0
477.90048	-0.08104	0	0
478.00048	-0.08101	0	0
478.10048	-0.08097	0	0
478.20048	-0.08093	0	0
478.30048	-0.08089	0	0
478.40048	-0.08085	0	0
478.50048	-0.08081	0	0
478.60048	-0.08077	0	0
478.70048	-0.08074	0	0
478.80048	-0.0807	0	0
478.90048	-0.08066	0	0
479.00048	-0.08062	0	0
479.10048	-0.08058	0	0
479.20048	-0.08054	0	0
479.30048	-0.0805	0	0
479.40048	-0.08046	0	0
479.50048	-0.08042	0	0
479.60048	-0.08038	0	0
479.70048	-0.08034	0	0
479.80048	-0.0803	0	0
479.90048	-0.08026	0	0
480.00048	-0.08022	0	0
480.10048	-0.08018	0	0
480.20048	-0.08014	0	0
480.30048	-0.0801	0	0
480.40048	-0.08006	0	0
480.50048	-0.08002	0	0
480.60048	-0.07998	0	0
480.70048	-0.07994	0	0
480.80048	-0.07989	0	0
480.90048	-0.07985	0	0
481.00048	-0.07981	0	0
481.10048	-0.07977	0	0
481.20048	-0.07973	0	0
481.30048	-0.07969	0	0
481.40048	-0.07965	0	0
481.50048	-0.0796	0	0
481.60048	-0.07956	0	0
481.70048	-0.07952	0	0
481.80048	-0.07948	0	0
481.90048	-0.07943	0	0
482.00048	-0.07939	0	0
482.10048	-0.07935	0	0
482.20048	-0.07931	0	0
482.30048	-0.07926	0	0
482.40048	-0.07922	0	0
482.50048	-0.07918	0	0
482.60048	-0.07913	0	0
482.70048	-0.07909	0	0
482.80048	-0.07905	0	0
482.90048	-0.079	0	0
483.00048	-0.07896	0	0
483.10048	-0.07892	0	0
483.20048	-0.07887	0	0
483.30048	-0.07883	0	0
483.40048	-0.07878	0	0
483.50048	-0.07874	0	0
483.60048	-0.07869	0	0
483.70048	-0.07865	0	0
483.80048	-0.0786	0	0
483.90048	-0.07856	0	0
484.00048	-0.07852	0	0
484.10048	-0.07847	0	0
484.20048	-0.07842	0	0
484.30048	-0.07838	0	0
484.40048	-0.07833	0	0
484.50048	-0.07829	0	0
484.60048	-0.07824	0	0
484.70048	-0.0782	0	0
484.80048	-0.07815	0	0
484.90048	-0.07811	0	0
485.00049	-0.07806	0	0
485.10049	-0.07801	0	0
485.20049	-0.07797	0	0
485.30049	-0.07792	0	0
485.40049	-0.07787	0	0
485.50049	-0.07783	0	0
485.60049	-0.07778	0	0
485.70049	-0.07773	0	0
485.80049	-0.07769	0	0
485.90049	-0.07764	0	0
486.00049	-0.07759	0	0
486.10049	-0.07755	0	0
486.20049	-0.0775	0	0
486.30049	-0.07745	0	0
486.40049	-0.0774	0	0
486.50049	-0.07736	0	0
486.60049	-0.07731	0	0
486.70049	-0.07726	0	0
486.80049	-0.07721	0	0
486.90049	-0.07716	0	0
487.00049	-0.07711	0	0
487.10049	-0.07707	0	0
487.20049	-0.07702	0	0
487.30049	-0.07697	0	0
487.40049	-0.07692	0	0
487.50049	-0.07687	0	0
487.60049	-0.07682	0	0
487.70049	-0.07677	0	0
487.80049	-0.07672	0	0
487.90049	-0.07667	0	0
488.00049	-0.07662	0	0
488.10049	-0.07658	0	0
488.20049	-0.07653	0	0
488.30049	-0.07648	0	0
488.40049	-0.07643	0	0
488.50049	-0.07638	0	0
488.60049	-0.07633	0	0
488.70049	-0.07628	0	0
488.80049	-0.07622	0	0
488.90049	-0.07617	0	0
489.00049	-0.07612	0	0
489.10049	-0.07607	0	0
489.20049	-0.07602	0	0
489.30049	-0.07597	0	0
489.40049	-0.07592	0	0
489.50049	-0.07587	0	0
489.60049	-0.07582	0	0
489.70049	-0.07577	0	0
489.80049	-0.07571	0	0
489.90049	-0.07566	0	0
490.00049	-0.07561	0	0
490.10049	-0.07556	0	0
490.20049	-0.07551	0	0
490.30049	-0.07546	0	0
490.40049	-0.0754	0	0
490.50049	-0.07535	0	0
490.60049	-0.0753	0	0
490.70049	-0.07525	0	0
490.80049	-0.07519	0	0
490.90049	-0.07514	0	0
491.00049	-0.07509	0	0
491.10049	-0.07503	0	0
491.20049	-0.07498	0	0
491.30049	-0.07493	0	0
491.40049	-0.07487	0	0
491.50049	-0.07482	0	0
491.60049	-0.07477	0	0
491.70049	-0.07471	0	0
491.80049	-0.07466	0	0
491.90049	-0.07461	0	0
492.00049	-0.07455	0	0
492.10049	-0.0745	0	0
492.20049	-0.07444	0	0
492.30049	-0.07439	0	0
492.40049	-0.07433	0	0
492.50049	-0.07428	0	0
492.60049	-0.07423	0	0
492.70049	-0.07417	0	0
492.80049	-0.07412	0	0
492.90049	-0.07406	0	0
493.00049	-0.07401	0	0
493.10049	-0.07395	0	0
493.20049	-0.0739	0	0
493.30049	-0.07384	0	0
493.40049	-0.07378	0	0
493.50049	-0.07373	0	0
493.60049	-0.07367	0	0
493.70049	-0.07362	0	0
493.80049	-0.07356	0	0
493.90049	-0.0735	0	0
494.00049	-0.07345	0	0
494.10049	-0.07339	0	0
494.20049	-0.07334	0	0
494.30049	-0.07328	0	0
494.40049	-0.07322	0	0
494.50049	-0.07317	0	0
494.60049	-0.07311	0	0
494.70049	-0.07305	0	0
494.80049	-0.07299	0	0
494.90049	-0.07294	0	0
495.0005	-0.07288	0	0
495.1005	-0.07282	0	0
495.2005	-0.07276	0	0
495.3005	-0.07271	0	0
495.4005	-0.07265	0	0
495.5005	-0.07259	0	0
495.6005	-0.07253	0	0
495.7005	-0.07248	0	0
495.8005	-0.07242	0	0
495.9005	-0.07236	0	0
496.0005	-0.0723	0	0
496.1005	-0.07224	0	0
496.2005	-0.07218	0	0
496.3005	-0.07212	0	0
496.4005	-0.07207	0	0
496.5005	-0.07201	0	0
496.6005	-0.07195	0	0
496.7005	-0.07189	0	0
496.8005	-0.07183	0	0
496.9005	-0.07177	0	0
497.0005	-0.07171	0	0
497.1005	-0.07165	0	0
497.2005	-0.07159	0	0
497.3005	-0.07153	0	0
497.4005	-0.07147	0	0
497.5005	-0.07141	0	0
497.6005	-0.07135	0	0
497.7005	-0.07129	0	0
497.8005	-0.07123	0	0
497.9005	-0.07117	0	0
498.0005	-0.07111	0	0
498.1005	-0.07105	0	0
498.2005	-0.07099	0	0
498.3005	-0.07093	0	0
498.4005	-0.07086	0	0
498.5005	-0.0708	0	0
498.6005	-0.07074	0	0
498.7005	-0.07068	0	0
498.8005	-0.07062	0	0
498.9005	-0.07056	0	0
499.0005	-0.0705	0	0
499.1005	-0.07043	0	0
499.2005	-0.07037	0	0
499.3005	-0.07031	0	0
499.4005	-0.07025	0	0
499.5005	-0.07019	0	0
499.6005	-0.07012	0	0
499.7005	-0.07006	0	0
499.8005	-0.07	0	0
499.9005	-0.06993	0	0
500.0005	-0.06987	0	0
500.1005	-0.06981	0	0
500.2005	-0.06975	0	0
500.3005	-0.06968	0	0
500.4005	-0.06962	0	0
500.5005	-0.06956	0	0
500.6005	-0.06949	0	0
500.7005	-0.06943	0	0
500.8005	-0.06937	0	0
500.9005	-0.0693	0	0
501.0005	-0.06924	0	0
501.1005	-0.06917	0	0
501.2005	-0.06911	0	0
501.3005	-0.06905	0	0
501.4005	-0.06898	0	0
501.5005	-0.06892	0	0
501.6005	-0.06885	0	0
501.7005	-0.06879	0	0
501.8005	-0.06872	0	0
501.9005	-0.06866	0	0
502.0005	-0.06859	0	0
502.1005	-0.06853	0	0
502.2005	-0.06846	0	0
502.3005	-0.0684	0	0
502.4005	-0.06833	0	0
502.5005	-0.06827	0	0
502.6005	-0.0682	0	0
502.7005	-0.06814	0	0
502.8005	-0.06807	0	0
502.9005	-0.068	0	0
503.0005	-0.06794	0	0
503.1005	-0.06787	0	0
503.2005	-0.06781	0	0
503.3005	-0.06774	0	0
503.4005	-0.06767	0	0
503.5005	-0.06761	0	0
503.6005	-0.06754	0	0
503.7005	-0.06747	0	0
503.8005	-0.06741	0	0
503.9005	-0.06734	0	0
504.0005	-0.06727	0	0
504.1005	-0.06721	0	0
504.2005	-0.06714	0	0
504.3005	-0.06707	0	0
504.4005	-0.067	0	0
504.5005	-0.06694	0	0
504.6005	-0.06687	0	0
504.7005	-0.0668	0	0
504.8005	-0.06673	0	0
504.9005	-0.06667	0	0
505.00051	-0.0666	0	0
505.10051	-0.06653	0	0
505.20051	-0.06646	0	0
505.30051	-0.06639	0	0
505.40051	-0.06632	0	0
505.50051	-0.06626	0	0
505.60051	-0.06619	0	0
505.70051	-0.06612	0	0
505.80051	-0.06605	0	0
505.90051	-0.06598	0	0
506.00051	-0.06591	0	0
506.10051	-0.06584	0	0
506.20051	-0.06577	0	0
506.30051	-0.0657	0	0
506.40051	-0.06563	0	0
506.50051	-0.06556	0	0
506.60051	-0.06549	0	0
506.70051	-0.06542	0	0
506.80051	-0.06535	0	0
506.90051	-0.06529	0	0
507.00051	-0.06521	0	0
507.10051	-0.06514	0	0
507.20051	-0.06507	0	0
507.30051	-0.065	0	0
507.40051	-0.06493	0	0
507.50051	-0.06486	0	0
507.60051	-0.06479	0	0
507.70051	-0.06472	0	0
507.80051	-0.06465	0	0
507.90051	-0.06458	0	0
508.00051	-0.06451	0	0
508.10051	-0.06444	0	0
508.20051	-0.06437	0	0
508.30051	-0.06429	0	0
508.40051	-0.06422	0	0
508.50051	-0.06415	0	0
508.60051	-0.06408	0	0
508.70051	-0.06401	0	0
508.80051	-0.06394	0	0
508.90051	-0.06386	0	0
509.00051	-0.06379	0	0
509.10051	-0.06372	0	0
509.20051	-0.06365	0	0
509.30051	-0.06358	0	0
509.40051	-0.0635	0	0
509.50051	-0.06343	0	0
509.60051	-0.06336	0	0
509.70051	-0.06329	0	0
509.80051	-0.06321	0	0
509.90051	-0.06314	0	0
510.00051	-0.06307	0	0
510.10051	-0.06299	0	0
510.20051	-0.06292	0	0
510.30051	-0.06285	0	0
510.40051	-0.06277	0	0
510.50051	-0.0627	0	0
510.60051	-0.06263	0	0
510.70051	-0.06255	0	0
510.80051	-0.06248	0	0
510.90051	-0.0624	0	0
511.00051	-0.06233	0	0
511.10051	-0.06226	0	0
511.20051	-0.06218	0	0
511.30051	-0.06211	0	0
511.40051	-0.06203	0	0
511.50051	-0.06196	0	0
511.60051	-0.06188	0	0
511.70051	-0.06181	0	0
511.80051	-0.06174	0	0
511.90051	-0.06166	0	0
512.00051	-0.06159	0	0
512.10051	-0.06151	0	0
512.20051	-0.06144	0	0
512.30051	-0.06136	0	0
512.40051	-0.06128	0	0
512.50051	-0.06121	0	0
512.60051	-0.06113	0	0
512.70051	-0.06106	0	0
512.80051	-0.06098	0	0
512.90051	-0.06091	0	0
513.00051	-0.06083	0	0
513.10051	-0.06075	0	0
513.20051	-0.06068	0	0
513.30051	-0.0606	0	0
513.40051	-0.06053	0	0
513.50051	-0.06045	0	0
513.60051	-0.06037	0	0
513.70051	-0.0603	0	0
513.80051	-0.06022	0	0
513.90051	-0.06014	0	0
514.00051	-0.06007	0	0
514.10051	-0.05999	0	0
514.20051	-0.05991	0	0
514.30051	-0.05984	0	0
514.40051	-0.05976	0	0
514.50051	-0.05968	0	0
514.60051	-0.0596	0	0
514.70051	-0.05953	0	0
514.80051	-0.05945	0	0
514.90051	-0.05937	0	0
515.00052	-0.05929	0	0
515.10052	-0.05922	0	0
515.20052	-0.05914	0	0
515.30052	-0.05906	0	0
515.40052	-0.05898	0	0
515.50052	-0.0589	0	0
515.60052	-0.05882	0	0
515.70052	-0.05875	0	0
515.80052	-0.05867	0	0
515.90052	-0.05859	0	0
516.00052	-0.05851	0	0
516.10052	-0.05843	0	0
516.20052	-0.05835	0	0
516.30052	-0.05827	0	0
516.40052	-0.0582	0	0
516.50052	-0.05812	0	0
516.60052	-0.05804	0	0
516.70052	-0.05796	0	0
516.80052	-0.05788	0	0
516.90052	-0.0578	0	0
517.00052	-0.05772	0	0
517.10052	-0.05764	0	0
517.20052	-0.05756	0	0
517.30052	-0.05748	0	0
517.40052	-0.0574	0	0
517.50052	-0.05732	0	0
517.60052	-0.05724	0	0
517.70052	-0.05716	0	0
517.80052	-0.05708	0	0
517.90052	-0.057	0	0
518.00052	-0.05692	0	0
518.10052	-0.05684	0	0
518.20052	-0.05676	0	0
518.30052	-0.05668	0	0
518.40052	-0.0566	0	0
518.50052	-0.05652	0	0
518.60052	-0.05644	0	0
518.70052	-0.05635	0	0
518.80052	-0.05627	0	0
518.90052	-0.05619	0	0
519.00052	-0.05611	0	0
519.10052	-0.05603	0	0
519.20052	-0.05595	0	0
519.30052	-0.05587	0	0
519.40052	-0.05578	0	0
519.50052	-0.0557	0	0
519.60052	-0.05562	0	0
519.70052	-0.05554	0	0
519.80052	-0.05546	0	0
519.90052	-0.05538	0	0
520.00052	-0.05529	0	0
520.10052	-0.05521	0	0
520.20052	-0.05513	0	0
520.30052	-0.05505	0	0
520.40052	-0.05496	0	0
520.50052	-0.05488	0	0
520.60052	-0.0548	0	0
520.70052	-0.05472	0	0
520.80052	-0.05463	0	0
520.90052	-0.05455	0	0
521.00052	-0.05447	0	0
521.10052	-0.05438	0	0
521.20052	-0.0543	0	0
521.30052	-0.05422	0	0
521.40052	-0.05414	0	0
521.50052	-0.05405	0	0
521.60052	-0.05397	0	0
521.70052	-0.05389	0	0
521.80052	-0.0538	0	0
521.90052	-0.05372	0	0
522.00052	-0.05363	0	0
522.10052	-0.05355	0	0
522.20052	-0.05347	0	0
522.30052	-0.05338	0	0
522.40052	-0.0533	0	0
522.50052	-0.05321	0	0
522.60052	-0.05313	0	0
522.70052	-0.05305	0	0
522.80052	-0.05296	0	0
522.90052	-0.05288	0	0
523.00052	-0.05279	0	0
523.10052	-0.05271	0	0
523.20052	-0.05262	0	0
523.30052	-0.05254	0	0
523.40052	-0.05245	0	0
523.50052	-0.05237	0	0
523.60052	-0.05228	0	0
523.70052	-0.0522	0	0
523.80052	-0.05211	0	0
523.90052	-0.05203	0	0
524.00052	-0.05194	0	0
524.10052	-0.05186	0	0
524.20052	-0.05177	0	0
524.30052	-0.05169	0	0
524.40052	-0.0516	0	0
524.50052	-0.05151	0	0
524.60052	-0.05143	0	0
524.70052	-0.05134	0	0
524.80052	-0.05126	0	0
524.90052	-0.05117	0	0
525.00053	-0.05109	0	0
525.10053	-0.051	0	0
525.20053	-0.05091	0	0
525.30053	-0.05083	0	0
525.40053	-0.05074	0	0
525.50053	-0.05065	0	0
525.60053	-0.05057	0	0
525.70053	-0.05048	0	0
525.80053	-0.05039	0	0
525.90053	-0.05031	0	0
526.00053	-0.05022	0	0
526.10053	-0.05013	0	0
526.20053	-0.05005	0	0
526.30053	-0.04996	0	0
526.40053	-0.04987	0	0
526.50053	-0.04979	0	0
526.60053	-0.0497	0	0
526.70053	-0.04961	0	0
526.80053	-0.04952	0	0
526.90053	-0.04944	0	0
527.00053	-0.04935	0	0
527.10053	-0.04926	0	0
527.20053	-0.04917	0	0
527.30053	-0.04909	0	0
527.40053	-0.049	0	0
527.50053	-0.04891	0	0
527.60053	-0.04882	0	0
527.70053	-0.04873	0	0
527.80053	-0.04865	0	0
527.90053	-0.04856	0	0
528.00053	-0.04847	0	0
528.10053	-0.04838	0	0
528.20053	-0.04829	0	0
528.30053	-0.0482	0	0
528.40053	-0.04812	0	0
528.50053	-0.04803	0	0
528.60053	-0.04794	0	0
528.70053	-0.04785	0	0
528.80053	-0.04776	0	0
528.90053	-0.04767	0	0
529.00053	-0.04758	0	0
529.10053	-0.04749	0	0
529.20053	-0.0474	0	0
529.30053	-0.04732	0	0
529.40053	-0.04723	0	0
529.50053	-0.04714	0	0
529.60053	-0.04705	0	0
529.70053	-0.04696	0	0
529.80053	-0.04687	0	0
529.90053	-0.04678	0	0
530.00053	-0.04669	0	0
530.10053	-0.0466	0	0
530.20053	-0.04651	0	0
530.30053	-0.04642	0	0
530.40053	-0.04633	0	0
530.50053	-0.04624	0	0
530.60053	-0.04615	0	0
530.70053	-0.04606	0	0
530.80053	-0.04597	0	0
530.90053	-0.04588	0	0
531.00053	-0.04579	0	0
531.10053	-0.0457	0	0
531.20053	-0.04561	0	0
531.30053	-0.04552	0	0
531.40053	-0.04543	0	0
531.50053	-0.04534	0	0
531.60053	-0.04525	0	0
531.70053	-0.04516	0	0
531.80053	-0.04506	0	0
531.90053	-0.04497	0	0
532.00053	-0.04488	0	0
532.10053	-0.04479	0	0
532.20053	-0.0447	0	0
532.30053	-0.04461	0	0
532.40053	-0.04452	0	0
532.50053	-0.04443	0	0
532.60053	-0.04434	0	0
532.70053	-0.04424	0	0
532.80053	-0.04415	0	0
532.90053	-0.04406	0	0
533.00053	-0.04397	0	0
533.10053	-0.04388	0	0
533.20053	-0.04379	0	0
533.30053	-0.0437	0	0
533.40053	-0.0436	0	0
533.50053	-0.04351	0	0
533.60053	-0.04342	0	0
533.70053	-0.04333	0	0
533.80053	-0.04324	0	0
533.90053	-0.04314	0	0
534.00053	-0.04305	0	0
534.10053	-0.04296	0	0
534.20053	-0.04287	0	0
534.30053	-0.04278	0	0
534.40053	-0.04268	0	0
534.50053	-0.04259	0	0
534.60053	-0.0425	0	0
534.70053	-0.04241	0	0
534.80053	-0.04231	0	0
534.90053	-0.04222	0	0
535.00054	-0.04213	0	0
535.10054	-0.04203	0	0
535.20054	-0.04194	0	0
535.30054	-0.04185	0	0
535.40054	-0.04176	0	0
535.50054	-0.04166	0	0
535.60054	-0.04157	0	0
535.70054	-0.04148	0	0
535.80054	-0.04138	0	0
535.90054	-0.04129	0	0
536.00054	-0.0412	0	0
536.10054	-0.0411	0	0
536.20054	-0.04101	0	0
536.30054	-0.04092	0	0
536.40054	-0.04082	0	0
536.50054	-0.04073	0	0
536.60054	-0.04064	0	0
536.70054	-0.04054	0	0
536.80054	-0.04045	0	0
536.90054	-0.04036	0	0
537.00054	-0.04026	0	0
537.10054	-0.04017	0	0
537.20054	-0.04007	0	0
537.30054	-0.03998	0	0
537.40054	-0.03989	0	0
537.50054	-0.03979	0	0
537.60054	-0.0397	0	0
537.70054	-0.0396	0	0
537.80054	-0.03951	0	0
537.90054	-0.03941	0	0
538.00054	-0.03932	0	0
538.10054	-0.03923	0	0
538.20054	-0.03913	0	0
538.30054	-0.03904	0	0
538.40054	-0.03894	0	0
538.50054	-0.03885	0	0
538.60054	-0.03875	0	0
538.70054	-0.03866	0	0
538.80054	-0.03856	0	0
538.90054	-0.03847	0	0
539.00054	-0.03837	0	0
539.10054	-0.03828	0	0
539.20054	-0.03818	0	0
539.30054	-0.03809	0	0
539.40054	-0.03799	0	0
539.50054	-0.0379	0	0
539.60054	-0.0378	0	0
539.70054	-0.03771	0	0
539.80054	-0.03761	0	0
539.90054	-0.03752	0	0
540.00054	-0.03742	0	0
540.10054	-0.03733	0	0
540.20054	-0.03723	0	0
540.30054	-0.03714	0	0
540.40054	-0.03704	0	0
540.50054	-0.03695	0	0
540.60054	-0.03685	0	0
540.70054	-0.03676	0	0
540.80054	-0.03666	0	0
540.90054	-0.03656	0	0
541.00054	-0.03647	0	0
541.10054	-0.03637	0	0
541.20054	-0.03628	0	0
541.30054	-0.03618	0	0
541.40054	-0.03608	0	0
541.50054	-0.03599	0	0
541.60054	-0.03589	0	0
541.70054	-0.0358	0	0
541.80054	-0.0357	0	0
541.90054	-0.0356	0	0
542.00054	-0.03551	0	0
542.10054	-0.03541	0	0
542.20054	-0.03532	0	0
542.30054	-0.03522	0	0
542.40054	-0.03512	0	0
542.50054	-0.03503	0	0
542.60054	-0.03493	0	0
542.70054	-0.03483	0	0
542.80054	-0.03474	0	0
542.90054	-0.03464	0	0
543.00054	-0.03454	0	0
543.10054	-0.03445	0	0
543.20054	-0.03435	0	0
543.30054	-0.03425	0	0
543.40054	-0.03416	0	0
543.50054	-0.03406	0	0
543.60054	-0.03396	0	0
543.70054	-0.03387	0	0
543.80054	-0.03377	0	0
543.90054	-0.03367	0	0
544.00054	-0.03358	0	0
544.10054	-0.03348	0	0
544.20054	-0.03338	0	0
544.30054	-0.03328	0	0
544.40054	-0.03319	0	0
544.50054	-0.03309	0	0
544.60054	-0.03299	0	0
544.70054	-0.0329	0	0
544.80054	-0.0328	0	0
544.90054	-0.0327	0	0
545.00055	-0.0326	0	0
545.10055	-0.03251	0	0
545.20055	-0.03241	0	0
545.30055	-0.03231	0	0
545.40055	-0.03221	0	0
545.50055	-0.03212	0	0
545.60055	-0.03202	0	0
545.70055	-0.03192	0	0
545.80055	-0.03182	0	0
545.90055	-0.03173	0	0
546.00055	-0.03163	0	0
546.10055	-0.03153	0	0
546.20055	-0.03143	0	0
546.30055	-0.03134	0	0
546.40055	-0.03124	0	0
546.50055	-0.03114	0	0
546.60055	-0.03104	0	0
546.70055	-0.03094	0	0
546.80055	-0.03085	0	0
546.90055	-0.03075	0	0
547.00055	-0.03065	0	0
547.10055	-0.03055	0	0
547.20055	-0.03045	0	0
547.30055	-0.03036	0	0
547.40055	-0.03026	0	0
547.50055	-0.03016	0	0
547.60055	-0.03006	0	0
547.70055	-0.02996	0	0
547.80055	-0.02986	0	0
547.90055	-0.02977	0	0
548.00055	-0.02967	0	0
548.10055	-0.02957	0	0
548.20055	-0.02947	0	0
548.30055	-0.02937	0	0
548.40055	-0.02927	0	0
548.50055	-0.02918	0	0
548.60055	-0.02908	0	0
548.70055	-0.02898	0	0
548.80055	-0.02888	0	0
548.90055	-0.02878	0	0
549.00055	-0.02868	0	0
549.10055	-0.02858	0	0
549.20055	-0.02849	0	0
549.30055	-0.02839	0	0
549.40055	-0.02829	0	0
549.50055	-0.02819	0	0
549.60055	-0.02809	0	0
549.70055	-0.02799	0	0
549.80055	-0.02789	0	0
549.90055	-0.02779	0	0
550.00055	-0.0277	0	0
550.10055	-0.0276	0	0
550.20055	-0.0275	0	0
550.30055	-0.0274	0	0
550.40055	-0.0273	0	0
550.50055	-0.0272	0	0
550.60055	-0.0271	0	0
550.70055	-0.027	0	0
550.80055	-0.0269	0	0
550.90055	-0.0268	0	0
551.00055	-0.02671	0	0
551.10055	-0.02661	0	0
551.20055	-0.02651	0	0
551.30055	-0.02641	0	0
551.40055	-0.02631	0	0
551.50055	-0.02621	0	0
551.60055	-0.02611	0	0
551.70055	-0.02601	0	0
551.80055	-0.02591	0	0
551.90055	-0.02581	0	0
552.00055	-0.02571	0	0
552.10055	-0.02561	0	0
552.20055	-0.02552	0	0
552.30055	-0.02542	0	0
552.40055	-0.02532	0	0
552.50055	-0.02522	0	0
552.60055	-0.02512	0	0
552.70055	-0.02502	0	0
552.80055	-0.02492	0	0
552.90055	-0.02482	0	0
553.00055	-0.02472	0	0
553.10055	-0.02462	0	0
553.20055	-0.02452	0	0
553.30055	-0.02442	0	0
553.40055	-0.02432	0	0
553.50055	-0.02422	0	0
553.60055	-0.02412	0	0
553.70055	-0.02402	0	0
553.80055	-0.02392	0	0
553.90055	-0.02382	0	0
554.00055	-0.02372	0	0
554.10055	-0.02362	0	0
554.20055	-0.02352	0	0
554.30055	-0.02343	0	0
554.40055	-0.02333	0	0
554.50055	-0.02323	0	0
554.60055	-0.02313	0	0
554.70055	-0.02303	0	0
554.80055	-0.02293	0	0
554.90055	-0.02283	0	0
555.00056	-0.02273	0	0
555.10056	-0.02263	0	0
555.20056	-0.02253	0	0
555.30056	-0.02243	0	0
555.40056	-0.02233	0	0
555.50056	-0.02223	0	0
555.60056	-0.02213	0	0
555.70056	-0.02203	0	0
555.80056	-0.02193	0	0
555.90056	-0.02183	0	0
556.00056	-0.02173	0	0
556.10056	-0.02163	0	0
556.20056	-0.02153	0	0
556.30056	-0.02143	0	0
556.40056	-0.02133	0	0
556.50056	-0.02123	0	0
556.60056	-0.02113	0	0
556.70056	-0.02103	0	0
556.80056	-0.02093	0	0
556.90056	-0.02083	0	0
557.00056	-0.02073	0	0
557.10056	-0.02063	0	0
557.20056	-0.02053	0	0
557.30056	-0.02043	0	0
557.40056	-0.02033	0	0
557.50056	-0.02023	0	0
557.60056	-0.02013	0	0
557.70056	-0.02003	0	0
557.80056	-0.01993	0	0
557.90056	-0.01983	0	0
558.00056	-0.01973	0	0
558.10056	-0.01963	0	0
558.20056	-0.01953	0	0
558.30056	-0.01943	0	0
558.40056	-0.01933	0	0
558.50056	-0.01923	0	0
558.60056	-0.01913	0	0
558.70056	-0.01903	0	0
558.80056	-0.01893	0	0
558.90056	-0.01883	0	0
559.00056	-0.01873	0	0
559.10056	-0.01863	0	0
559.20056	-0.01853	0	0
559.30056	-0.01843	0	0
559.40056	-0.01833	0	0
559.50056	-0.01823	0	0
559.60056	-0.01813	0	0
559.70056	-0.01803	0	0
559.80056	-0.01793	0	0
559.90056	-0.01783	0	0
560.00056	-0.01773	0	0
560.10056	-0.01763	0	0
560.20056	-0.01753	0	0
560.30056	-0.01743	0	0
560.40056	-0.01733	0	0
560.50056	-0.01723	0	0
560.60056	-0.01713	0	0
560.70056	-0.01703	0	0
560.80056	-0.01693	0	0
560.90056	-0.01683	0	0
561.00056	-0.01673	0	0
561.10056	-0.01663	0	0
561.20056	-0.01653	0	0
561.30056	-0.01643	0	0
561.40056	-0.01633	0	0
561.50056	-0.01623	0	0
561.60056	-0.01613	0	0
561.70056	-0.01603	0	0
561.80056	-0.01593	0	0
561.90056	-0.01583	0	0
562.00056	-0.01572	0	0
562.10056	-0.01562	0	0
562.20056	-0.01552	0	0
562.30056	-0.01542	0	0
562.40056	-0.01532	0	0
562.50056	-0.01522	0	0
562.60056	-0.01512	0	0
562.70056	-0.01502	0	0
562.80056	-0.01492	0	0
562.90056	-0.01482	0	0
563.00056	-0.01472	0	0
563.10056	-0.01462	0	0
563.20056	-0.01452	0	0
563.30056	-0.01442	0	0
563.40056	-0.01432	0	0
563.50056	-0.01422	0	0
563.60056	-0.01412	0	0
563.70056	-0.01402	0	0
563.80056	-0.01392	0	0
563.90056	-0.01382	0	0
564.00056	-0.01372	0	0
564.10056	-0.01362	0	0
564.20056	-0.01352	0	0
564.30056	-0.01342	0	0
564.40056	-0.01333	0	0
564.50056	-0.01323	0	0
564.60056	-0.01313	0	0
564.70056	-0.01303	0	0
564.80056	-0.01293	0	0
564.90056	-0.01283	0	0
565.00057	-0.01273	0	0
565.10057	-0.01263	0	0
565.20057	-0.01253	0	0
565.30057	-0.01243	0	0
565.40057	-0.01233	0	0
565.50057	-0.01223	0	0
565.60057	-0.01213	0	0
565.70057	-0.01203	0	0
565.80057	-0.01193	0	0
565.90057	-0.01183	0	0
566.00057	-0.01173	0	0
566.10057	-0.01163	0	0
566.20057	-0.01153	0	0
566.30057	-0.01143	0	0
566.40057	-0.01133	0	0
566.50057	-0.01123	0	0
566.60057	-0.01113	0	0
566.70057	-0.01103	0	0
566.80057	-0.01093	0	0
566.90057	-0.01083	0	0
567.00057	-0.01073	0	0
567.10057	-0.01063	0	0
567.20057	-0.01053	0	0
567.30057	-0.01043	0	0
567.40057	-0.01033	0	0
567.50057	-0.01023	0	0
567.60057	-0.01014	0	0
567.70057	-0.01004	0	0
567.80057	-0.00994	0	0
567.90057	-0.00984	0	0
568.00057	-0.00974	0	0
568.10057	-0.00964	0	0
568.20057	-0.00954	0	0
568.30057	-0.00944	0	0
568.40057	-0.00934	0	0
568.50057	-0.00924	0	0
568.60057	-0.00914	0	0
568.70057	-0.00904	0	0
568.80057	-0.00894	0	0
568.90057	-0.00884	0	0
569.00057	-0.00875	0	0
569.10057	-0.00865	0	0
569.20057	-0.00855	0	0
569.30057	-0.00845	0	0
569.40057	-0.00835	0	0
569.50057	-0.00825	0	0
569.60057	-0.00815	0	0
569.70057	-0.00805	0	0
569.80057	-0.00795	0	0
569.90057	-0.00785	0	0
570.00057	-0.00775	0	0
570.10057	-0.00766	0	0
570.20057	-0.00756	0	0
570.30057	-0.00746	0	0
570.40057	-0.00736	0	0
570.50057	-0.00726	0	0
570.60057	-0.00716	0	0
570.70057	-0.00706	0	0
570.80057	-0.00696	0	0
570.90057	-0.00687	0	0
571.00057	-0.00677	0	0
571.10057	-0.00667	0	0
571.20057	-0.00657	0	0
571.30057	-0.00647	0	0
571.40057	-0.00637	0	0
571.50057	-0.00627	0	0
571.60057	-0.00618	0	0
571.70057	-0.00608	0	0
571.80057	-0.00598	0	0
571.90057	-0.00588	0	0
572.00057	-0.00578	0	0
572.10057	-0.00568	0	0
572.20057	-0.00558	0	0
572.30057	-0.00549	0	0
572.40057	-0.00539	0	0
572.50057	-0.00529	0	0
572.60057	-0.00519	0	0
572.70057	-0.00509	0	0
572.80057	-0.005	0	0
572.90057	-0.0049	0	0
573.00057	-0.0048	0	0
573.10057	-0.0047	0	0
573.20057	-0.0046	0	0
573.30057	-0.0045	0	0
573.40057	-0.00441	0	0
573.50057	-0.00431	0	0
573.60057	-0.00421	0	0
573.70057	-0.00411	0	0
573.80057	-0.00402	0	0
573.90057	-0.00392	0	0
574.00057	-0.00382	0	0
574.10057	-0.00372	0	0
574.20057	-0.00362	0	0
574.30057	-0.00353	0	0
574.40057	-0.00343	0	0
574.50057	-0.00333	0	0
574.60057	-0.00323	0	0
574.70057	-0.00314	0	0
574.80057	-0.00304	0	0
574.90057	-0.00294	0	0
575.00058	-0.00284	0	0
575.10058	-0.00275	0	0
575.20058	-0.00265	0	0
575.30058	-0.00255	0	0
575.40058	-0.00245	0	0
575.50058	-0.00236	0	0
575.60058	-0.00226	0	0
575.70058	-0.00216	0	0
575.80058	-0.00207	0	0
575.90058	-0.00197	0	0
576.00058	-0.00187	0	0
576.10058	-0.00177	0	0
576.20058	-0.00168	0	0
576.30058	-0.00158	0	0
576.40058	-0.00148	0	0
576.50058	-0.00139	0	0
576.60058	-0.00129	0	0
576.70058	-0.00119	0	0
576.80058	-0.0011	0	0
576.90058	-9.99804E-4	0	0
577.00058	-9.03151E-4	0	0
577.10058	-8.06539E-4	0	0
577.20058	-7.09969E-4	0	0
577.30058	-6.1344E-4	0	0
577.40058	-5.16953E-4	0	0
577.50058	-4.20509E-4	0	0
577.60058	-3.24107E-4	0	0
577.70058	-2.27748E-4	0	0
577.80058	-1.31432E-4	0	0
577.90058	-3.51596E-5	0	0
578.00058	6.10697E-5	0	0
578.10058	1.57255E-4	0	0
578.20058	2.53397E-4	0	0
578.30058	3.49494E-4	0	0
578.40058	4.45547E-4	0	0
578.50058	5.41555E-4	0	0
578.60058	6.37519E-4	0	0
578.70058	7.33437E-4	0	0
578.80058	8.2931E-4	0	0
578.90058	9.25137E-4	0	0
579.00058	0.00102	0	0
579.10058	0.00112	0	0
579.20058	0.00121	0	0
579.30058	0.00131	0	0
579.40058	0.0014	0	0
579.50058	0.0015	0	0
579.60058	0.00159	0	0
579.70058	0.00169	0	0
579.80058	0.00179	0	0
579.90058	0.00188	0	0
580.00058	0.00198	0	0
580.10058	0.00207	0	0
580.20058	0.00217	0	0
580.30058	0.00226	0	0
580.40058	0.00236	0	0
580.50058	0.00245	0	0
580.60058	0.00255	0	0
580.70058	0.00264	0	0
580.80058	0.00274	0	0
580.90058	0.00283	0	0
581.00058	0.00293	0	0
581.10058	0.00302	0	0
581.20058	0.00312	0	0
581.30058	0.00321	0	0
581.40058	0.00331	0	0
581.50058	0.0034	0	0
581.60058	0.00349	0	0
581.70058	0.00359	0	0
581.80058	0.00368	0	0
581.90058	0.00378	0	0
582.00058	0.00387	0	0
582.10058	0.00397	0	0
582.20058	0.00406	0	0
582.30058	0.00415	0	0
582.40058	0.00425	0	0
582.50058	0.00434	0	0
582.60058	0.00444	0	0
582.70058	0.00453	0	0
582.80058	0.00462	0	0
582.90058	0.00472	0	0
583.00058	0.00481	0	0
583.10058	0.00491	0	0
583.20058	0.005	0	0
583.30058	0.00509	0	0
583.40058	0.00519	0	0
583.50058	0.00528	0	0
583.60058	0.00537	0	0
583.70058	0.00547	0	0
583.80058	0.00556	0	0
583.90058	0.00565	0	0
584.00058	0.00575	0	0
584.10058	0.00584	0	0
584.20058	0.00593	0	0
584.30058	0.00603	0	0
584.40058	0.00612	0	0
584.50058	0.00621	0	0
584.60058	0.0063	0	0
584.70058	0.0064	0	0
584.80058	0.00649	0	0
584.90058	0.00658	0	0
585.00059	0.00667	0	0
585.10059	0.00677	0	0
585.20059	0.00686	0	0
585.30059	0.00695	0	0
585.40059	0.00704	0	0
585.50059	0.00714	0	0
585.60059	0.00723	0	0
585.70059	0.00732	0	0
585.80059	0.00741	0	0
585.90059	0.00751	0	0
586.00059	0.0076	0	0
586.10059	0.00769	0	0
586.20059	0.00778	0	0
586.30059	0.00787	0	0
586.40059	0.00796	0	0
586.50059	0.00806	0	0
586.60059	0.00815	0	0
586.70059	0.00824	0	0
586.80059	0.00833	0	0
586.90059	0.00842	0	0
587.00059	0.00851	0	0
587.10059	0.0086	0	0
587.20059	0.0087	0	0
587.30059	0.00879	0	0
587.40059	0.00888	0	0
587.50059	0.00897	0	0
587.60059	0.00906	0	0
587.70059	0.00915	0	0
587.80059	0.00924	0	0
587.90059	0.00933	0	0
588.00059	0.00942	0	0
588.10059	0.00951	0	0
588.20059	0.0096	0	0
588.30059	0.00969	0	0
588.40059	0.00979	0	0
588.50059	0.00988	0	0
588.60059	0.00997	0	0
588.70059	0.01006	0	0
588.80059	0.01015	0	0
588.90059	0.01024	0	0
589.00059	0.01033	0	0
589.10059	0.01042	0	0
589.20059	0.01051	0	0
589.30059	0.0106	0	0
589.40059	0.01069	0	0
589.50059	0.01077	0	0
589.60059	0.01086	0	0
589.70059	0.01095	0	0
589.80059	0.01104	0	0
589.90059	0.01113	0	0
590.00059	0.01122	0	0
590.10059	0.01131	0	0
590.20059	0.0114	0	0
590.30059	0.01149	0	0
590.40059	0.01158	0	0
590.50059	0.01167	0	0
590.60059	0.01176	0	0
590.70059	0.01184	0	0
590.80059	0.01193	0	0
590.90059	0.01202	0	0
591.00059	0.01211	0	0
591.10059	0.0122	0	0
591.20059	0.01229	0	0
591.30059	0.01238	0	0
591.40059	0.01246	0	0
591.50059	0.01255	0	0
591.60059	0.01264	0	0
591.70059	0.01273	0	0
591.80059	0.01282	0	0
591.90059	0.0129	0	0
592.00059	0.01299	0	0
592.10059	0.01308	0	0
592.20059	0.01317	0	0
592.30059	0.01326	0	0
592.40059	0.01334	0	0
592.50059	0.01343	0	0
592.60059	0.01352	0	0
592.70059	0.0136	0	0
592.80059	0.01369	0	0
592.90059	0.01378	0	0
593.00059	0.01387	0	0
593.10059	0.01395	0	0
593.20059	0.01404	0	0
593.30059	0.01413	0	0
593.40059	0.01421	0	0
593.50059	0.0143	0	0
593.60059	0.01439	0	0
593.70059	0.01447	0	0
593.80059	0.01456	0	0
593.90059	0.01465	0	0
594.00059	0.01473	0	0
594.10059	0.01482	0	0
594.20059	0.0149	0	0
594.30059	0.01499	0	0
594.40059	0.01508	0	0
594.50059	0.01516	0	0
594.60059	0.01525	0	0
594.70059	0.01533	0	0
594.80059	0.01542	0	0
594.90059	0.0155	0	0
595.0006	0.01559	0	0
595.1006	0.01568	0	0
595.2006	0.01576	0	0
595.3006	0.01585	0	0
595.4006	0.01593	0	0
595.5006	0.01602	0	0
595.6006	0.0161	0	0
595.7006	0.01619	0	0
595.8006	0.01627	0	0
595.9006	0.01635	0	0
596.0006	0.01644	0	0
596.1006	0.01652	0	0
596.2006	0.01661	0	0
596.3006	0.01669	0	0
596.4006	0.01678	0	0
596.5006	0.01686	0	0
596.6006	0.01694	0	0
596.7006	0.01703	0	0
596.8006	0.01711	0	0
596.9006	0.0172	0	0
597.0006	0.01728	0	0
597.1006	0.01736	0	0
597.2006	0.01745	0	0
597.3006	0.01753	0	0
597.4006	0.01761	0	0
597.5006	0.0177	0	0
597.6006	0.01778	0	0
597.7006	0.01786	0	0
597.8006	0.01795	0	0
597.9006	0.01803	0	0
598.0006	0.01811	0	0
598.1006	0.0182	0	0
598.2006	0.01828	0	0
598.3006	0.01836	0	0
598.4006	0.01844	0	0
598.5006	0.01853	0	0
598.6006	0.01861	0	0
598.7006	0.01869	0	0
598.8006	0.01877	0	0
598.9006	0.01885	0	0
599.0006	0.01894	0	0
599.1006	0.01902	0	0
599.2006	0.0191	0	0
599.3006	0.01918	0	0
599.4006	0.01926	0	0
599.5006	0.01934	0	0
599.6006	0.01943	0	0
599.7006	0.01951	0	0
599.8006	0.01959	0	0
599.9006	0.01967	0	0
600.0006	0.01975	0	0
600.1006	0.01983	0	0
600.2006	0.01991	0	0
600.3006	0.01999	0	0
600.4006	0.02007	0	0
600.5006	0.02015	0	0
600.6006	0.02023	0	0
600.7006	0.02031	0	0
600.8006	0.02039	0	0
600.9006	0.02047	0	0
601.0006	0.02055	0	0
601.1006	0.02063	0	0
601.2006	0.02071	0	0
601.3006	0.02079	0	0
601.4006	0.02087	0	0
601.5006	0.02095	0	0
601.6006	0.02103	0	0
601.7006	0.02111	0	0
601.8006	0.02119	0	0
601.9006	0.02127	0	0
602.0006	0.02135	0	0
602.1006	0.02143	0	0
602.2006	0.02151	0	0
602.3006	0.02159	0	0
602.4006	0.02167	0	0
602.5006	0.02174	0	0
602.6006	0.02182	0	0
602.7006	0.0219	0	0
602.8006	0.02198	0	0
602.9006	0.02206	0	0
603.0006	0.02214	0	0
603.1006	0.02221	0	0
603.2006	0.02229	0	0
603.3006	0.02237	0	0
603.4006	0.02245	0	0
603.5006	0.02253	0	0
603.6006	0.0226	0	0
603.7006	0.02268	0	0
603.8006	0.02276	0	0
603.9006	0.02283	0	0
604.0006	0.02291	0	0
604.1006	0.02299	0	0
604.2006	0.02307	0	0
604.3006	0.02314	0	0
604.4006	0.02322	0	0
604.5006	0.0233	0	0
604.6006	0.02337	0	0
604.7006	0.02345	0	0
604.8006	0.02352	0	0
604.9006	0.0236	0	0
605.00061	0.02368	0	0
605.10061	0.02375	0	0
605.20061	0.02383	0	0
605.30061	0.0239	0	0
605.40061	0.02398	0	0
605.50061	0.02406	0	0
605.60061	0.02413	0	0
605.70061	0.02421	0	0
605.80061	0.02428	0	0
605.90061	0.02436	0	0
606.00061	0.02443	0	0
606.10061	0.02451	0	0
606.20061	0.02458	0	0
606.30061	0.02466	0	0
606.40061	0.02473	0	0
606.50061	0.02481	0	0
606.60061	0.02488	0	0
606.70061	0.02495	0	0
606.80061	0.02503	0	0
606.90061	0.0251	0	0
607.00061	0.02518	0	0
607.10061	0.02525	0	0
607.20061	0.02532	0	0
607.30061	0.0254	0	0
607.40061	0.02547	0	0
607.50061	0.02555	0	0
607.60061	0.02562	0	0
607.70061	0.02569	0	0
607.80061	0.02577	0	0
607.90061	0.02584	0	0
608.00061	0.02591	0	0
608.10061	0.02598	0	0
608.20061	0.02606	0	0
608.30061	0.02613	0	0
608.40061	0.0262	0	0
608.50061	0.02627	0	0
608.60061	0.02635	0	0
608.70061	0.02642	0	0
608.80061	0.02649	0	0
608.90061	0.02656	0	0
609.00061	0.02663	0	0
609.10061	0.02671	0	0
609.20061	0.02678	0	0
609.30061	0.02685	0	0
609.40061	0.02692	0	0
609.50061	0.02699	0	0
609.60061	0.02706	0	0
609.70061	0.02713	0	0
609.80061	0.02721	0	0
609.90061	0.02728	0	0
610.00061	0.02735	0	0
610.10061	0.02742	0	0
610.20061	0.02749	0	0
610.30061	0.02756	0	0
610.40061	0.02763	0	0
610.50061	0.0277	0	0
610.60061	0.02777	0	0
610.70061	0.02784	0	0
610.80061	0.02791	0	0
610.90061	0.02798	0	0
611.00061	0.02805	0	0
611.10061	0.02812	0	0
611.20061	0.02819	0	0
611.30061	0.02826	0	0
611.40061	0.02832	0	0
611.50061	0.02839	0	0
611.60061	0.02846	0	0
611.70061	0.02853	0	0
611.80061	0.0286	0	0
611.90061	0.02867	0	0
612.00061	0.02874	0	0
612.10061	0.02881	0	0
612.20061	0.02887	0	0
612.30061	0.02894	0	0
612.40061	0.02901	0	0
612.50061	0.02908	0	0
612.60061	0.02915	0	0
612.70061	0.02921	0	0
612.80061	0.02928	0	0
612.90061	0.02935	0	0
613.00061	0.02942	0	0
613.10061	0.02948	0	0
613.20061	0.02955	0	0
613.30061	0.02962	0	0
613.40061	0.02968	0	0
613.50061	0.02975	0	0
613.60061	0.02982	0	0
613.70061	0.02988	0	0
613.80061	0.02995	0	0
613.90061	0.03002	0	0
614.00061	0.03008	0	0
614.10061	0.03015	0	0
614.20061	0.03021	0	0
614.30061	0.03028	0	0
614.40061	0.03034	0	0
614.50061	0.03041	0	0
614.60061	0.03048	0	0
614.70061	0.03054	0	0
614.80061	0.03061	0	0
614.90061	0.03067	0	0
615.00062	0.03074	0	0
615.10062	0.0308	0	0
615.20062	0.03087	0	0
615.30062	0.03093	0	0
615.40062	0.03099	0	0
615.50062	0.03106	0	0
615.60062	0.03112	0	0
615.70062	0.03119	0	0
615.80062	0.03125	0	0
615.90062	0.03131	0	0
616.00062	0.03138	0	0
616.10062	0.03144	0	0
616.20062	0.03151	0	0
616.30062	0.03157	0	0
616.40062	0.03163	0	0
616.50062	0.0317	0	0
616.60062	0.03176	0	0
616.70062	0.03182	0	0
616.80062	0.03188	0	0
616.90062	0.03195	0	0
617.00062	0.03201	0	0
617.10062	0.03207	0	0
617.20062	0.03213	0	0
617.30062	0.0322	0	0
617.40062	0.03226	0	0
617.50062	0.03232	0	0
617.60062	0.03238	0	0
617.70062	0.03244	0	0
617.80062	0.0325	0	0
617.90062	0.03257	0	0
618.00062	0.03263	0	0
618.10062	0.03269	0	0
618.20062	0.03275	0	0
618.30062	0.03281	0	0
618.40062	0.03287	0	0
618.50062	0.03293	0	0
618.60062	0.03299	0	0
618.70062	0.03305	0	0
618.80062	0.03311	0	0
618.90062	0.03317	0	0
619.00062	0.03323	0	0
619.10062	0.03329	0	0
619.20062	0.03335	0	0
619.30062	0.03341	0	0
619.40062	0.03347	0	0
619.50062	0.03353	0	0
619.60062	0.03359	0	0
619.70062	0.03365	0	0
619.80062	0.03371	0	0
619.90062	0.03377	0	0
620.00062	0.03383	0	0
620.10062	0.03388	0	0
620.20062	0.03394	0	0
620.30062	0.034	0	0
620.40062	0.03406	0	0
620.50062	0.03412	0	0
620.60062	0.03418	0	0
620.70062	0.03423	0	0
620.80062	0.03429	0	0
620.90062	0.03435	0	0
621.00062	0.03441	0	0
621.10062	0.03446	0	0
621.20062	0.03452	0	0
621.30062	0.03458	0	0
621.40062	0.03463	0	0
621.50062	0.03469	0	0
621.60062	0.03475	0	0
621.70062	0.0348	0	0
621.80062	0.03486	0	0
621.90062	0.03492	0	0
622.00062	0.03497	0	0
622.10062	0.03503	0	0
622.20062	0.03509	0	0
622.30062	0.03514	0	0
622.40062	0.0352	0	0
622.50062	0.03525	0	0
622.60062	0.03531	0	0
622.70062	0.03536	0	0
622.80062	0.03542	0	0
622.90062	0.03547	0	0
623.00062	0.03553	0	0
623.10062	0.03558	0	0
623.20062	0.03564	0	0
623.30062	0.03569	0	0
623.40062	0.03575	0	0
623.50062	0.0358	0	0
623.60062	0.03585	0	0
623.70062	0.03591	0	0
623.80062	0.03596	0	0
623.90062	0.03602	0	0
624.00062	0.03607	0	0
624.10062	0.03612	0	0
624.20062	0.03618	0	0
624.30062	0.03623	0	0
624.40062	0.03628	0	0
624.50062	0.03633	0	0
624.60062	0.03639	0	0
624.70062	0.03644	0	0
624.80062	0.03649	0	0
624.90062	0.03654	0	0
625.00063	0.0366	0	0
625.10063	0.03665	0	0
625.20063	0.0367	0	0
625.30063	0.03675	0	0
625.40063	0.0368	0	0
625.50063	0.03686	0	0
625.60063	0.03691	0	0
625.70063	0.03696	0	0
625.80063	0.03701	0	0
625.90063	0.03706	0	0
626.00063	0.03711	0	0
626.10063	0.03716	0	0
626.20063	0.03721	0	0
626.30063	0.03726	0	0
626.40063	0.03731	0	0
626.50063	0.03736	0	0
626.60063	0.03741	0	0
626.70063	0.03746	0	0
626.80063	0.03751	0	0
626.90063	0.03756	0	0
627.00063	0.03761	0	0
627.10063	0.03766	0	0
627.20063	0.03771	0	0
627.30063	0.03776	0	0
627.40063	0.03781	0	0
627.50063	0.03786	0	0
627.60063	0.03791	0	0
627.70063	0.03796	0	0
627.80063	0.038	0	0
627.90063	0.03805	0	0
628.00063	0.0381	0	0
628.10063	0.03815	0	0
628.20063	0.0382	0	0
628.30063	0.03824	0	0
628.40063	0.03829	0	0
628.50063	0.03834	0	0
628.60063	0.03839	0	0
628.70063	0.03843	0	0
628.80063	0.03848	0	0
628.90063	0.03853	0	0
629.00063	0.03858	0	0
629.10063	0.03862	0	0
629.20063	0.03867	0	0
629.30063	0.03871	0	0
629.40063	0.03876	0	0
629.50063	0.03881	0	0
629.60063	0.03885	0	0
629.70063	0.0389	0	0
629.80063	0.03894	0	0
629.90063	0.03899	0	0
630.00063	0.03904	0	0
630.10063	0.03908	0	0
630.20063	0.03913	0	0
630.30063	0.03917	0	0
630.40063	0.03922	0	0
630.50063	0.03926	0	0
630.60063	0.03931	0	0
630.70063	0.03935	0	0
630.80063	0.03939	0	0
630.90063	0.03944	0	0
631.00063	0.03948	0	0
631.10063	0.03953	0	0
631.20063	0.03957	0	0
631.30063	0.03961	0	0
631.40063	0.03966	0	0
631.50063	0.0397	0	0
631.60063	0.03974	0	0
631.70063	0.03979	0	0
631.80063	0.03983	0	0
631.90063	0.03987	0	0
632.00063	0.03991	0	0
632.10063	0.03996	0	0
632.20063	0.04	0	0
632.30063	0.04004	0	0
632.40063	0.04008	0	0
632.50063	0.04013	0	0
632.60063	0.04017	0	0
632.70063	0.04021	0	0
632.80063	0.04025	0	0
632.90063	0.04029	0	0
633.00063	0.04033	0	0
633.10063	0.04037	0	0
633.20063	0.04042	0	0
633.30063	0.04046	0	0
633.40063	0.0405	0	0
633.50063	0.04054	0	0
633.60063	0.04058	0	0
633.70063	0.04062	0	0
633.80063	0.04066	0	0
633.90063	0.0407	0	0
634.00063	0.04074	0	0
634.10063	0.04078	0	0
634.20063	0.04082	0	0
634.30063	0.04086	0	0
634.40063	0.0409	0	0
634.50063	0.04093	0	0
634.60063	0.04097	0	0
634.70063	0.04101	0	0
634.80063	0.04105	0	0
634.90063	0.04109	0	0
635.00064	0.04113	0	0
635.10064	0.04117	0	0
635.20064	0.0412	0	0
635.30064	0.04124	0	0
635.40064	0.04128	0	0
635.50064	0.04132	0	0
635.60064	0.04136	0	0
635.70064	0.04139	0	0
635.80064	0.04143	0	0
635.90064	0.04147	0	0
636.00064	0.0415	0	0
636.10064	0.04154	0	0
636.20064	0.04158	0	0
636.30064	0.04161	0	0
636.40064	0.04165	0	0
636.50064	0.04169	0	0
636.60064	0.04172	0	0
636.70064	0.04176	0	0
636.80064	0.0418	0	0
636.90064	0.04183	0	0
637.00064	0.04187	0	0
637.10064	0.0419	0	0
637.20064	0.04194	0	0
637.30064	0.04197	0	0
637.40064	0.04201	0	0
637.50064	0.04204	0	0
637.60064	0.04208	0	0
637.70064	0.04211	0	0
637.80064	0.04215	0	0
637.90064	0.04218	0	0
638.00064	0.04221	0	0
638.10064	0.04225	0	0
638.20064	0.04228	0	0
638.30064	0.04232	0	0
638.40064	0.04235	0	0
638.50064	0.04238	0	0
638.60064	0.04242	0	0
638.70064	0.04245	0	0
638.80064	0.04248	0	0
638.90064	0.04251	0	0
639.00064	0.04255	0	0
639.10064	0.04258	0	0
639.20064	0.04261	0	0
639.30064	0.04264	0	0
639.40064	0.04268	0	0
639.50064	0.04271	0	0
639.60064	0.04274	0	0
639.70064	0.04277	0	0
639.80064	0.0428	0	0
639.90064	0.04283	0	0
640.00064	0.04287	0	0
640.10064	0.0429	0	0
640.20064	0.04293	0	0
640.30064	0.04296	0	0
640.40064	0.04299	0	0
640.50064	0.04302	0	0
640.60064	0.04305	0	0
640.70064	0.04308	0	0
640.80064	0.04311	0	0
640.90064	0.04314	0	0
641.00064	0.04317	0	0
641.10064	0.0432	0	0
641.20064	0.04323	0	0
641.30064	0.04326	0	0
641.40064	0.04329	0	0
641.50064	0.04332	0	0
641.60064	0.04335	0	0
641.70064	0.04337	0	0
641.80064	0.0434	0	0
641.90064	0.04343	0	0
642.00064	0.04346	0	0
642.10064	0.04349	0	0
642.20064	0.04352	0	0
642.30064	0.04354	0	0
642.40064	0.04357	0	0
642.50064	0.0436	0	0
642.60064	0.04363	0	0
642.70064	0.04365	0	0
642.80064	0.04368	0	0
642.90064	0.04371	0	0
643.00064	0.04373	0	0
643.10064	0.04376	0	0
643.20064	0.04379	0	0
643.30064	0.04381	0	0
643.40064	0.04384	0	0
643.50064	0.04387	0	0
643.60064	0.04389	0	0
643.70064	0.04392	0	0
643.80064	0.04394	0	0
643.90064	0.04397	0	0
644.00064	0.044	0	0
644.10064	0.04402	0	0
644.20064	0.04405	0	0
644.30064	0.04407	0	0
644.40064	0.0441	0	0
644.50064	0.04412	0	0
644.60064	0.04414	0	0
644.70064	0.04417	0	0
644.80064	0.04419	0	0
644.90064	0.04422	0	0
645.00065	0.04424	0	0
645.10065	0.04427	0	0
645.20065	0.04429	0	0
645.30065	0.04431	0	0
645.40065	0.04434	0	0
645.50065	0.04436	0	0
645.60065	0.04438	0	0
645.70065	0.0444	0	0
645.80065	0.04443	0	0
645.90065	0.04445	0	0
646.00065	0.04447	0	0
646.10065	0.0445	0	0
646.20065	0.04452	0	0
646.30065	0.04454	0	0
646.40065	0.04456	0	0
646.50065	0.04458	0	0
646.60065	0.0446	0	0
646.70065	0.04463	0	0
646.80065	0.04465	0	0
646.90065	0.04467	0	0
647.00065	0.04469	0	0
647.10065	0.04471	0	0
647.20065	0.04473	0	0
647.30065	0.04475	0	0
647.40065	0.04477	0	0
647.50065	0.04479	0	0
647.60065	0.04481	0	0
647.70065	0.04483	0	0
647.80065	0.04485	0	0
647.90065	0.04487	0	0
648.00065	0.04489	0	0
648.10065	0.04491	0	0
648.20065	0.04493	0	0
648.30065	0.04495	0	0
648.40065	0.04497	0	0
648.50065	0.04499	0	0
648.60065	0.04501	0	0
648.70065	0.04502	0	0
648.80065	0.04504	0	0
648.90065	0.04506	0	0
649.00065	0.04508	0	0
649.10065	0.0451	0	0
649.20065	0.04511	0	0
649.30065	0.04513	0	0
649.40065	0.04515	0	0
649.50065	0.04517	0	0
649.60065	0.04518	0	0
649.70065	0.0452	0	0
649.80065	0.04522	0	0
649.90065	0.04523	0	0
650.00065	0.04525	0	0
650.10065	0.04527	0	0
650.20065	0.04528	0	0
650.30065	0.0453	0	0
650.40065	0.04532	0	0
650.50065	0.04533	0	0
650.60065	0.04535	0	0
650.70065	0.04536	0	0
650.80065	0.04538	0	0
650.90065	0.04539	0	0
651.00065	0.04541	0	0
651.10065	0.04542	0	0
651.20065	0.04544	0	0
651.30065	0.04545	0	0
651.40065	0.04547	0	0
651.50065	0.04548	0	0
651.60065	0.0455	0	0
651.70065	0.04551	0	0
651.80065	0.04552	0	0
651.90065	0.04554	0	0
652.00065	0.04555	0	0
652.10065	0.04557	0	0
652.20065	0.04558	0	0
652.30065	0.04559	0	0
652.40065	0.04561	0	0
652.50065	0.04562	0	0
652.60065	0.04563	0	0
652.70065	0.04564	0	0
652.80065	0.04566	0	0
652.90065	0.04567	0	0
653.00065	0.04568	0	0
653.10065	0.04569	0	0
653.20065	0.0457	0	0
653.30065	0.04572	0	0
653.40065	0.04573	0	0
653.50065	0.04574	0	0
653.60065	0.04575	0	0
653.70065	0.04576	0	0
653.80065	0.04577	0	0
653.90065	0.04578	0	0
654.00065	0.04579	0	0
654.10065	0.04581	0	0
654.20065	0.04582	0	0
654.30065	0.04583	0	0
654.40065	0.04584	0	0
654.50065	0.04585	0	0
654.60065	0.04586	0	0
654.70065	0.04587	0	0
654.80065	0.04588	0	0
654.90065	0.04588	0	0
655.00066	0.04589	0	0
655.10066	0.0459	0	0
655.20066	0.04591	0	0
655.30066	0.04592	0	0
655.40066	0.04593	0	0
655.50066	0.04594	0	0
655.60066	0.04595	0	0
655.70066	0.04596	0	0
655.80066	0.04596	0	0
655.90066	0.04597	0	0
656.00066	0.04598	0	0
656.10066	0.04599	0	0
656.20066	0.04599	0	0
656.30066	0.046	0	0
656.40066	0.04601	0	0
656.50066	0.04602	0	0
656.60066	0.04602	0	0
656.70066	0.04603	0	0
656.80066	0.04604	0	0
656.90066	0.04604	0	0
657.00066	0.04605	0	0
657.10066	0.04606	0	0
657.20066	0.04606	0	0
657.30066	0.04607	0	0
657.40066	0.04607	0	0
657.50066	0.04608	0	0
657.60066	0.04608	0	0
657.70066	0.04609	0	0
657.80066	0.04609	0	0
657.90066	0.0461	0	0
658.00066	0.0461	0	0
658.10066	0.04611	0	0
658.20066	0.04611	0	0
658.30066	0.04612	0	0
658.40066	0.04612	0	0
658.50066	0.04613	0	0
658.60066	0.04613	0	0
658.70066	0.04614	0	0
658.80066	0.04614	0	0
658.90066	0.04614	0	0
659.00066	0.04615	0	0
659.10066	0.04615	0	0
659.20066	0.04615	0	0
659.30066	0.04616	0	0
659.40066	0.04616	0	0
659.50066	0.04616	0	0
659.60066	0.04616	0	0
659.70066	0.04617	0	0
659.80066	0.04617	0	0
659.90066	0.04617	0	0
660.00066	0.04617	0	0
660.10066	0.04617	0	0
660.20066	0.04618	0	0
660.30066	0.04618	0	0
660.40066	0.04618	0	0
660.50066	0.04618	0	0
660.60066	0.04618	0	0
660.70066	0.04618	0	0
660.80066	0.04618	0	0
660.90066	0.04618	0	0
661.00066	0.04619	0	0
661.10066	0.04619	0	0
661.20066	0.04619	0	0
661.30066	0.04619	0	0
661.40066	0.04619	0	0
661.50066	0.04619	0	0
661.60066	0.04619	0	0
661.70066	0.04619	0	0
661.80066	0.04618	0	0
661.90066	0.04618	0	0
662.00066	0.04618	0	0
662.10066	0.04618	0	0
662.20066	0.04618	0	0
662.30066	0.04618	0	0
662.40066	0.04618	0	0
662.50066	0.04618	0	0
662.60066	0.04618	0	0
662.70066	0.04617	0	0
662.80066	0.04617	0	0
662.90066	0.04617	0	0
663.00066	0.04617	0	0
663.10066	0.04616	0	0
663.20066	0.04616	0	0
663.30066	0.04616	0	0
663.40066	0.04616	0	0
663.50066	0.04615	0	0
663.60066	0.04615	0	0
663.70066	0.04615	0	0
663.80066	0.04614	0	0
663.90066	0.04614	0	0
664.00066	0.04614	0	0
664.10066	0.04613	0	0
664.20066	0.04613	0	0
664.30066	0.04612	0	0
664.40066	0.04612	0	0
664.50066	0.04612	0	0
664.60066	0.04611	0	0
664.70066	0.04611	0	0
664.80066	0.0461	0	0
664.90066	0.0461	0	0
665.00067	0.04609	0	0
665.10067	0.04609	0	0
665.20067	0.04608	0	0
665.30067	0.04608	0	0
665.40067	0.04607	0	0
665.50067	0.04606	0	0
665.60067	0.04606	0	0
665.70067	0.04605	0	0
665.80067	0.04605	0	0
665.90067	0.04604	0	0
666.00067	0.04603	0	0
666.10067	0.04603	0	0
666.20067	0.04602	0	0
666.30067	0.04601	0	0
666.40067	0.04601	0	0
666.50067	0.046	0	0
666.60067	0.04599	0	0
666.70067	0.04598	0	0
666.80067	0.04598	0	0
666.90067	0.04597	0	0
667.00067	0.04596	0	0
667.10067	0.04595	0	0
667.20067	0.04595	0	0
667.30067	0.04594	0	0
667.40067	0.04593	0	0
667.50067	0.04592	0	0
667.60067	0.04591	0	0
667.70067	0.0459	0	0
667.80067	0.04589	0	0
667.90067	0.04588	0	0
668.00067	0.04587	0	0
668.10067	0.04587	0	0
668.20067	0.04586	0	0
668.30067	0.04585	0	0
668.40067	0.04584	0	0
668.50067	0.04583	0	0
668.60067	0.04582	0	0
668.70067	0.04581	0	0
668.80067	0.0458	0	0
668.90067	0.04579	0	0
669.00067	0.04577	0	0
669.10067	0.04576	0	0
669.20067	0.04575	0	0
669.30067	0.04574	0	0
669.40067	0.04573	0	0
669.50067	0.04572	0	0
669.60067	0.04571	0	0
669.70067	0.0457	0	0
669.80067	0.04568	0	0
669.90067	0.04567	0	0
670.00067	0.04566	0	0
670.10067	0.04565	0	0
670.20067	0.04564	0	0
670.30067	0.04562	0	0
670.40067	0.04561	0	0
670.50067	0.0456	0	0
670.60067	0.04559	0	0
670.70067	0.04557	0	0
670.80067	0.04556	0	0
670.90067	0.04555	0	0
671.00067	0.04553	0	0
671.10067	0.04552	0	0
671.20067	0.04551	0	0
671.30067	0.04549	0	0
671.40067	0.04548	0	0
671.50067	0.04546	0	0
671.60067	0.04545	0	0
671.70067	0.04544	0	0
671.80067	0.04542	0	0
671.90067	0.04541	0	0
672.00067	0.04539	0	0
672.10067	0.04538	0	0
672.20067	0.04536	0	0
672.30067	0.04535	0	0
672.40067	0.04533	0	0
672.50067	0.04532	0	0
672.60067	0.0453	0	0
672.70067	0.04529	0	0
672.80067	0.04527	0	0
672.90067	0.04525	0	0
673.00067	0.04524	0	0
673.10067	0.04522	0	0
673.20067	0.0452	0	0
673.30067	0.04519	0	0
673.40067	0.04517	0	0
673.50067	0.04516	0	0
673.60067	0.04514	0	0
673.70067	0.04512	0	0
673.80067	0.0451	0	0
673.90067	0.04509	0	0
674.00067	0.04507	0	0
674.10067	0.04505	0	0
674.20067	0.04503	0	0
674.30067	0.04502	0	0
674.40067	0.045	0	0
674.50067	0.04498	0	0
674.60067	0.04496	0	0
674.70067	0.04494	0	0
674.80067	0.04493	0	0
674.90067	0.04491	0	0
675.00068	0.04489	0	0
675.10068	0.04487	0	0
675.20068	0.04485	0	0
675.30068	0.04483	0	0
675.40068	0.04481	0	0
675.50068	0.04479	0	0
675.60068	0.04477	0	0
675.70068	0.04475	0	0
675.80068	0.04473	0	0
675.90068	0.04471	0	0
676.00068	0.04469	0	0
676.10068	0.04467	0	0
676.20068	0.04465	0	0
676.30068	0.04463	0	0
676.40068	0.04461	0	0
676.50068	0.04459	0	0
676.60068	0.04457	0	0
676.70068	0.04455	0	0
676.80068	0.04453	0	0
676.90068	0.04451	0	0
677.00068	0.04449	0	0
677.10068	0.04447	0	0
677.20068	0.04444	0	0
677.30068	0.04442	0	0
677.40068	0.0444	0	0
677.50068	0.04438	0	0
677.60068	0.04436	0	0
677.70068	0.04433	0	0
677.80068	0.04431	0	0
677.90068	0.04429	0	0
678.00068	0.04427	0	0
678.10068	0.04424	0	0
678.20068	0.04422	0	0
678.30068	0.0442	0	0
678.40068	0.04418	0	0
678.50068	0.04415	0	0
678.60068	0.04413	0	0
678.70068	0.04411	0	0
678.80068	0.04408	0	0
678.90068	0.04406	0	0
679.00068	0.04403	0	0
679.10068	0.04401	0	0
679.20068	0.04399	0	0
679.30068	0.04396	0	0
679.40068	0.04394	0	0
679.50068	0.04391	0	0
679.60068	0.04389	0	0
679.70068	0.04386	0	0
679.80068	0.04384	0	0
679.90068	0.04381	0	0
680.00068	0.04379	0	0
680.10068	0.04376	0	0
680.20068	0.04374	0	0
680.30068	0.04371	0	0
680.40068	0.04369	0	0
680.50068	0.04366	0	0
680.60068	0.04364	0	0
680.70068	0.04361	0	0
680.80068	0.04358	0	0
680.90068	0.04356	0	0
681.00068	0.04353	0	0
681.10068	0.04351	0	0
681.20068	0.04348	0	0
681.30068	0.04345	0	0
681.40068	0.04343	0	0
681.50068	0.0434	0	0
681.60068	0.04337	0	0
681.70068	0.04334	0	0
681.80068	0.04332	0	0
681.90068	0.04329	0	0
682.00068	0.04326	0	0
682.10068	0.04323	0	0
682.20068	0.04321	0	0
682.30068	0.04318	0	0
682.40068	0.04315	0	0
682.50068	0.04312	0	0
682.60068	0.04309	0	0
682.70068	0.04307	0	0
682.80068	0.04304	0	0
682.90068	0.04301	0	0
683.00068	0.04298	0	0
683.10068	0.04295	0	0
683.20068	0.04292	0	0
683.30068	0.04289	0	0
683.40068	0.04286	0	0
683.50068	0.04283	0	0
683.60068	0.04281	0	0
683.70068	0.04278	0	0
683.80068	0.04275	0	0
683.90068	0.04272	0	0
684.00068	0.04269	0	0
684.10068	0.04266	0	0
684.20068	0.04263	0	0
684.30068	0.0426	0	0
684.40068	0.04257	0	0
684.50068	0.04253	0	0
684.60068	0.0425	0	0
684.70068	0.04247	0	0
684.80068	0.04244	0	0
684.90068	0.04241	0	0
685.00069	0.04238	0	0
685.10069	0.04235	0	0
685.20069	0.04232	0	0
685.30069	0.04229	0	0
685.40069	0.04225	0	0
685.50069	0.04222	0	0
685.60069	0.04219	0	0
685.70069	0.04216	0	0
685.80069	0.04213	0	0
685.90069	0.0421	0	0
686.00069	0.04206	0	0
686.10069	0.04203	0	0
686.20069	0.042	0	0
686.30069	0.04197	0	0
686.40069	0.04193	0	0
686.50069	0.0419	0	0
686.60069	0.04187	0	0
686.70069	0.04183	0	0
686.80069	0.0418	0	0
686.90069	0.04177	0	0
687.00069	0.04173	0	0
687.10069	0.0417	0	0
687.20069	0.04167	0	0
687.30069	0.04163	0	0
687.40069	0.0416	0	0
687.50069	0.04156	0	0
687.60069	0.04153	0	0
687.70069	0.0415	0	0
687.80069	0.04146	0	0
687.90069	0.04143	0	0
688.00069	0.04139	0	0
688.10069	0.04136	0	0
688.20069	0.04132	0	0
688.30069	0.04129	0	0
688.40069	0.04125	0	0
688.50069	0.04122	0	0
688.60069	0.04118	0	0
688.70069	0.04115	0	0
688.80069	0.04111	0	0
688.90069	0.04108	0	0
689.00069	0.04104	0	0
689.10069	0.04101	0	0
689.20069	0.04097	0	0
689.30069	0.04093	0	0
689.40069	0.0409	0	0
689.50069	0.04086	0	0
689.60069	0.04083	0	0
689.70069	0.04079	0	0
689.80069	0.04075	0	0
689.90069	0.04072	0	0
690.00069	0.04068	0	0
690.10069	0.04064	0	0
690.20069	0.0406	0	0
690.30069	0.04057	0	0
690.40069	0.04053	0	0
690.50069	0.04049	0	0
690.60069	0.04046	0	0
690.70069	0.04042	0	0
690.80069	0.04038	0	0
690.90069	0.04034	0	0
691.00069	0.04031	0	0
691.10069	0.04027	0	0
691.20069	0.04023	0	0
691.30069	0.04019	0	0
691.40069	0.04015	0	0
691.50069	0.04011	0	0
691.60069	0.04008	0	0
691.70069	0.04004	0	0
691.80069	0.04	0	0
691.90069	0.03996	0	0
692.00069	0.03992	0	0
692.10069	0.03988	0	0
692.20069	0.03984	0	0
692.30069	0.0398	0	0
692.40069	0.03976	0	0
692.50069	0.03972	0	0
692.60069	0.03969	0	0
692.70069	0.03965	0	0
692.80069	0.03961	0	0
692.90069	0.03957	0	0
693.00069	0.03953	0	0
693.10069	0.03949	0	0
693.20069	0.03945	0	0
693.30069	0.03941	0	0
693.40069	0.03937	0	0
693.50069	0.03932	0	0
693.60069	0.03928	0	0
693.70069	0.03924	0	0
693.80069	0.0392	0	0
693.90069	0.03916	0	0
694.00069	0.03912	0	0
694.10069	0.03908	0	0
694.20069	0.03904	0	0
694.30069	0.039	0	0
694.40069	0.03896	0	0
694.50069	0.03891	0	0
694.60069	0.03887	0	0
694.70069	0.03883	0	0
694.80069	0.03879	0	0
694.90069	0.03875	0	0
695.0007	0.03871	0	0
695.1007	0.03866	0	0
695.2007	0.03862	0	0
695.3007	0.03858	0	0
695.4007	0.03854	0	0
695.5007	0.03849	0	0
695.6007	0.03845	0	0
695.7007	0.03841	0	0
695.8007	0.03837	0	0
695.9007	0.03832	0	0
696.0007	0.03828	0	0
696.1007	0.03824	0	0
696.2007	0.03819	0	0
696.3007	0.03815	0	0
696.4007	0.03811	0	0
696.5007	0.03806	0	0
696.6007	0.03802	0	0
696.7007	0.03798	0	0
696.8007	0.03793	0	0
696.9007	0.03789	0	0
697.0007	0.03784	0	0
697.1007	0.0378	0	0
697.2007	0.03776	0	0
697.3007	0.03771	0	0
697.4007	0.03767	0	0
697.5007	0.03762	0	0
697.6007	0.03758	0	0
697.7007	0.03753	0	0
697.8007	0.03749	0	0
697.9007	0.03745	0	0
698.0007	0.0374	0	0
698.1007	0.03736	0	0
698.2007	0.03731	0	0
698.3007	0.03726	0	0
698.4007	0.03722	0	0
698.5007	0.03717	0	0
698.6007	0.03713	0	0
698.7007	0.03708	0	0
698.8007	0.03704	0	0
698.9007	0.03699	0	0
699.0007	0.03695	0	0
699.1007	0.0369	0	0
699.2007	0.03685	0	0
699.3007	0.03681	0	0
699.4007	0.03676	0	0
699.5007	0.03672	0	0
699.6007	0.03667	0	0
699.7007	0.03662	0	0
699.8007	0.03658	0	0
699.9007	0.03653	0	0
700.0007	0.03648	0	0
700.1007	0.03644	0	0
700.2007	0.03639	0	0
700.3007	0.03634	0	0
700.4007	0.03629	0	0
700.5007	0.03625	0	0
700.6007	0.0362	0	0
700.7007	0.03615	0	0
700.8007	0.03611	0	0
700.9007	0.03606	0	0
701.0007	0.03601	0	0
701.1007	0.03596	0	0
701.2007	0.03591	0	0
701.3007	0.03587	0	0
701.4007	0.03582	0	0
701.5007	0.03577	0	0
701.6007	0.03572	0	0
701.7007	0.03567	0	0
701.8007	0.03563	0	0
701.9007	0.03558	0	0
702.0007	0.03553	0	0
702.1007	0.03548	0	0
702.2007	0.03543	0	0
702.3007	0.03538	0	0
702.4007	0.03533	0	0
702.5007	0.03529	0	0
702.6007	0.03524	0	0
702.7007	0.03519	0	0
702.8007	0.03514	0	0
702.9007	0.03509	0	0
703.0007	0.03504	0	0
703.1007	0.03499	0	0
703.2007	0.03494	0	0
703.3007	0.03489	0	0
703.4007	0.03484	0	0
703.5007	0.03479	0	0
703.6007	0.03474	0	0
703.7007	0.03469	0	0
703.8007	0.03464	0	0
703.9007	0.03459	0	0
704.0007	0.03454	0	0
704.1007	0.03449	0	0
704.2007	0.03444	0	0
704.3007	0.03439	0	0
704.4007	0.03434	0	0
704.5007	0.03429	0	0
704.6007	0.03424	0	0
704.7007	0.03419	0	0
704.8007	0.03414	0	0
704.9007	0.03409	0	0
705.00071	0.03403	0	0
705.10071	0.03398	0	0
705.20071	0.03393	0	0
705.30071	0.03388	0	0
705.40071	0.03383	0	0
705.50071	0.03378	0	0
705.60071	0.03373	0	0
705.70071	0.03368	0	0
705.80071	0.03362	0	0
705.90071	0.03357	0	0
706.00071	0.03352	0	0
706.10071	0.03347	0	0
706.20071	0.03342	0	0
706.30071	0.03336	0	0
706.40071	0.03331	0	0
706.50071	0.03326	0	0
706.60071	0.03321	0	0
706.70071	0.03316	0	0
706.80071	0.0331	0	0
706.90071	0.03305	0	0
707.00071	0.033	0	0
707.10071	0.03295	0	0
707.20071	0.03289	0	0
707.30071	0.03284	0	0
707.40071	0.03279	0	0
707.50071	0.03273	0	0
707.60071	0.03268	0	0
707.70071	0.03263	0	0
707.80071	0.03258	0	0
707.90071	0.03252	0	0
708.00071	0.03247	0	0
708.10071	0.03242	0	0
708.20071	0.03236	0	0
708.30071	0.03231	0	0
708.40071	0.03225	0	0
708.50071	0.0322	0	0
708.60071	0.03215	0	0
708.70071	0.03209	0	0
708.80071	0.03204	0	0
708.90071	0.03199	0	0
709.00071	0.03193	0	0
709.10071	0.03188	0	0
709.20071	0.03182	0	0
709.30071	0.03177	0	0
709.40071	0.03171	0	0
709.50071	0.03166	0	0
709.60071	0.03161	0	0
709.70071	0.03155	0	0
709.80071	0.0315	0	0
709.90071	0.03144	0	0
710.00071	0.03139	0	0
710.10071	0.03133	0	0
710.20071	0.03128	0	0
710.30071	0.03122	0	0
710.40071	0.03117	0	0
710.50071	0.03111	0	0
710.60071	0.03106	0	0
710.70071	0.031	0	0
710.80071	0.03095	0	0
710.90071	0.03089	0	0
711.00071	0.03084	0	0
711.10071	0.03078	0	0
711.20071	0.03073	0	0
711.30071	0.03067	0	0
711.40071	0.03061	0	0
711.50071	0.03056	0	0
711.60071	0.0305	0	0
711.70071	0.03045	0	0
711.80071	0.03039	0	0
711.90071	0.03033	0	0
712.00071	0.03028	0	0
712.10071	0.03022	0	0
712.20071	0.03017	0	0
712.30071	0.03011	0	0
712.40071	0.03005	0	0
712.50071	0.03	0	0
712.60071	0.02994	0	0
712.70071	0.02988	0	0
712.80071	0.02983	0	0
712.90071	0.02977	0	0
713.00071	0.02971	0	0
713.10071	0.02966	0	0
713.20071	0.0296	0	0
713.30071	0.02954	0	0
713.40071	0.02949	0	0
713.50071	0.02943	0	0
713.60071	0.02937	0	0
713.70071	0.02932	0	0
713.80071	0.02926	0	0
713.90071	0.0292	0	0
714.00071	0.02914	0	0
714.10071	0.02909	0	0
714.20071	0.02903	0	0
714.30071	0.02897	0	0
714.40071	0.02891	0	0
714.50071	0.02886	0	0
714.60071	0.0288	0	0
714.70071	0.02874	0	0
714.80071	0.02868	0	0
714.90071	0.02862	0	0
715.00072	0.02857	0	0
715.10072	0.02851	0	0
715.20072	0.02845	0	0
715.30072	0.02839	0	0
715.40072	0.02833	0	0
715.50072	0.02828	0	0
715.60072	0.02822	0	0
715.70072	0.02816	0	0
715.80072	0.0281	0	0
715.90072	0.02804	0	0
716.00072	0.02798	0	0
716.10072	0.02793	0	0
716.20072	0.02787	0	0
716.30072	0.02781	0	0
716.40072	0.02775	0	0
716.50072	0.02769	0	0
716.60072	0.02763	0	0
716.70072	0.02757	0	0
716.80072	0.02751	0	0
716.90072	0.02746	0	0
717.00072	0.0274	0	0
717.10072	0.02734	0	0
717.20072	0.02728	0	0
717.30072	0.02722	0	0
717.40072	0.02716	0	0
717.50072	0.0271	0	0
717.60072	0.02704	0	0
717.70072	0.02698	0	0
717.80072	0.02692	0	0
717.90072	0.02686	0	0
718.00072	0.0268	0	0
718.10072	0.02674	0	0
718.20072	0.02668	0	0
718.30072	0.02662	0	0
718.40072	0.02656	0	0
718.50072	0.0265	0	0
718.60072	0.02644	0	0
718.70072	0.02638	0	0
718.80072	0.02632	0	0
718.90072	0.02626	0	0
719.00072	0.0262	0	0
719.10072	0.02614	0	0
719.20072	0.02608	0	0
719.30072	0.02602	0	0
719.40072	0.02596	0	0
719.50072	0.0259	0	0
719.60072	0.02584	0	0
719.70072	0.02578	0	0
719.80072	0.02572	0	0
719.90072	0.02566	0	0
720.00072	0.0256	0	0
720.10072	0.02554	0	0
720.20072	0.02548	0	0
720.30072	0.02542	0	0
720.40072	0.02536	0	0
720.50072	0.0253	0	0
720.60072	0.02524	0	0
720.70072	0.02518	0	0
720.80072	0.02511	0	0
720.90072	0.02505	0	0
721.00072	0.02499	0	0
721.10072	0.02493	0	0
721.20072	0.02487	0	0
721.30072	0.02481	0	0
721.40072	0.02475	0	0
721.50072	0.02469	0	0
721.60072	0.02463	0	0
721.70072	0.02456	0	0
721.80072	0.0245	0	0
721.90072	0.02444	0	0
722.00072	0.02438	0	0
722.10072	0.02432	0	0
722.20072	0.02426	0	0
722.30072	0.0242	0	0
722.40072	0.02413	0	0
722.50072	0.02407	0	0
722.60072	0.02401	0	0
722.70072	0.02395	0	0
722.80072	0.02389	0	0
722.90072	0.02383	0	0
723.00072	0.02376	0	0
723.10072	0.0237	0	0
723.20072	0.02364	0	0
723.30072	0.02358	0	0
723.40072	0.02352	0	0
723.50072	0.02345	0	0
723.60072	0.02339	0	0
723.70072	0.02333	0	0
723.80072	0.02327	0	0
723.90072	0.0232	0	0
724.00072	0.02314	0	0
724.10072	0.02308	0	0
724.20072	0.02302	0	0
724.30072	0.02296	0	0
724.40072	0.02289	0	0
724.50072	0.02283	0	0
724.60072	0.02277	0	0
724.70072	0.02271	0	0
724.80072	0.02264	0	0
724.90072	0.02258	0	0
725.00073	0.02252	0	0
725.10073	0.02245	0	0
725.20073	0.02239	0	0
725.30073	0.02233	0	0
725.40073	0.02227	0	0
725.50073	0.0222	0	0
725.60073	0.02214	0	0
725.70073	0.02208	0	0
725.80073	0.02202	0	0
725.90073	0.02195	0	0
726.00073	0.02189	0	0
726.10073	0.02183	0	0
726.20073	0.02176	0	0
726.30073	0.0217	0	0
726.40073	0.02164	0	0
726.50073	0.02157	0	0
726.60073	0.02151	0	0
726.70073	0.02145	0	0
726.80073	0.02138	0	0
726.90073	0.02132	0	0
727.00073	0.02126	0	0
727.10073	0.02119	0	0
727.20073	0.02113	0	0
727.30073	0.02107	0	0
727.40073	0.021	0	0
727.50073	0.02094	0	0
727.60073	0.02088	0	0
727.70073	0.02081	0	0
727.80073	0.02075	0	0
727.90073	0.02069	0	0
728.00073	0.02062	0	0
728.10073	0.02056	0	0
728.20073	0.0205	0	0
728.30073	0.02043	0	0
728.40073	0.02037	0	0
728.50073	0.0203	0	0
728.60073	0.02024	0	0
728.70073	0.02018	0	0
728.80073	0.02011	0	0
728.90073	0.02005	0	0
729.00073	0.01999	0	0
729.10073	0.01992	0	0
729.20073	0.01986	0	0
729.30073	0.01979	0	0
729.40073	0.01973	0	0
729.50073	0.01967	0	0
729.60073	0.0196	0	0
729.70073	0.01954	0	0
729.80073	0.01947	0	0
729.90073	0.01941	0	0
730.00073	0.01934	0	0
730.10073	0.01928	0	0
730.20073	0.01922	0	0
730.30073	0.01915	0	0
730.40073	0.01909	0	0
730.50073	0.01902	0	0
730.60073	0.01896	0	0
730.70073	0.0189	0	0
730.80073	0.01883	0	0
730.90073	0.01877	0	0
731.00073	0.0187	0	0
731.10073	0.01864	0	0
731.20073	0.01857	0	0
731.30073	0.01851	0	0
731.40073	0.01844	0	0
731.50073	0.01838	0	0
731.60073	0.01832	0	0
731.70073	0.01825	0	0
731.80073	0.01819	0	0
731.90073	0.01812	0	0
732.00073	0.01806	0	0
732.10073	0.01799	0	0
732.20073	0.01793	0	0
732.30073	0.01786	0	0
732.40073	0.0178	0	0
732.50073	0.01773	0	0
732.60073	0.01767	0	0
732.70073	0.0176	0	0
732.80073	0.01754	0	0
732.90073	0.01747	0	0
733.00073	0.01741	0	0
733.10073	0.01735	0	0
733.20073	0.01728	0	0
733.30073	0.01722	0	0
733.40073	0.01715	0	0
733.50073	0.01709	0	0
733.60073	0.01702	0	0
733.70073	0.01696	0	0
733.80073	0.01689	0	0
733.90073	0.01683	0	0
734.00073	0.01676	0	0
734.10073	0.0167	0	0
734.20073	0.01663	0	0
734.30073	0.01657	0	0
734.40073	0.0165	0	0
734.50073	0.01644	0	0
734.60073	0.01637	0	0
734.70073	0.01631	0	0
734.80073	0.01624	0	0
734.90073	0.01618	0	0
735.00074	0.01611	0	0
735.10074	0.01605	0	0
735.20074	0.01598	0	0
735.30074	0.01592	0	0
735.40074	0.01585	0	0
735.50074	0.01579	0	0
735.60074	0.01572	0	0
735.70074	0.01565	0	0
735.80074	0.01559	0	0
735.90074	0.01552	0	0
736.00074	0.01546	0	0
736.10074	0.01539	0	0
736.20074	0.01533	0	0
736.30074	0.01526	0	0
736.40074	0.0152	0	0
736.50074	0.01513	0	0
736.60074	0.01507	0	0
736.70074	0.015	0	0
736.80074	0.01494	0	0
736.90074	0.01487	0	0
737.00074	0.01481	0	0
737.10074	0.01474	0	0
737.20074	0.01468	0	0
737.30074	0.01461	0	0
737.40074	0.01455	0	0
737.50074	0.01448	0	0
737.60074	0.01441	0	0
737.70074	0.01435	0	0
737.80074	0.01428	0	0
737.90074	0.01422	0	0
738.00074	0.01415	0	0
738.10074	0.01409	0	0
738.20074	0.01402	0	0
738.30074	0.01396	0	0
738.40074	0.01389	0	0
738.50074	0.01383	0	0
738.60074	0.01376	0	0
738.70074	0.01369	0	0
738.80074	0.01363	0	0
738.90074	0.01356	0	0
739.00074	0.0135	0	0
739.10074	0.01343	0	0
739.20074	0.01337	0	0
739.30074	0.0133	0	0
739.40074	0.01324	0	0
739.50074	0.01317	0	0
739.60074	0.01311	0	0
739.70074	0.01304	0	0
739.80074	0.01297	0	0
739.90074	0.01291	0	0
740.00074	0.01284	0	0
740.10074	0.01278	0	0
740.20074	0.01271	0	0
740.30074	0.01265	0	0
740.40074	0.01258	0	0
740.50074	0.01252	0	0
740.60074	0.01245	0	0
740.70074	0.01239	0	0
740.80074	0.01232	0	0
740.90074	0.01225	0	0
741.00074	0.01219	0	0
741.10074	0.01212	0	0
741.20074	0.01206	0	0
741.30074	0.01199	0	0
741.40074	0.01193	0	0
741.50074	0.01186	0	0
741.60074	0.0118	0	0
741.70074	0.01173	0	0
741.80074	0.01166	0	0
741.90074	0.0116	0	0
742.00074	0.01153	0	0
742.10074	0.01147	0	0
742.20074	0.0114	0	0
742.30074	0.01134	0	0
742.40074	0.01127	0	0
742.50074	0.01121	0	0
742.60074	0.01114	0	0
742.70074	0.01108	0	0
742.80074	0.01101	0	0
742.90074	0.01094	0	0
743.00074	0.01088	0	0
743.10074	0.01081	0	0
743.20074	0.01075	0	0
743.30074	0.01068	0	0
743.40074	0.01062	0	0
743.50074	0.01055	0	0
743.60074	0.01049	0	0
743.70074	0.01042	0	0
743.80074	0.01036	0	0
743.90074	0.01029	0	0
744.00074	0.01022	0	0
744.10074	0.01016	0	0
744.20074	0.01009	0	0
744.30074	0.01003	0	0
744.40074	0.00996	0	0
744.50074	0.0099	0	0
744.60074	0.00983	0	0
744.70074	0.00977	0	0
744.80074	0.0097	0	0
744.90074	0.00964	0	0
745.00075	0.00957	0	0
745.10075	0.00951	0	0
745.20075	0.00944	0	0
745.30075	0.00937	0	0
745.40075	0.00931	0	0
745.50075	0.00924	0	0
745.60075	0.00918	0	0
745.70075	0.00911	0	0
745.80075	0.00905	0	0
745.90075	0.00898	0	0
746.00075	0.00892	0	0
746.10075	0.00885	0	0
746.20075	0.00879	0	0
746.30075	0.00872	0	0
746.40075	0.00866	0	0
746.50075	0.00859	0	0
746.60075	0.00853	0	0
746.70075	0.00846	0	0
746.80075	0.0084	0	0
746.90075	0.00833	0	0
747.00075	0.00827	0	0
747.10075	0.0082	0	0
747.20075	0.00814	0	0
747.30075	0.00807	0	0
747.40075	0.00801	0	0
747.50075	0.00794	0	0
747.60075	0.00788	0	0
747.70075	0.00781	0	0
747.80075	0.00775	0	0
747.90075	0.00768	0	0
748.00075	0.00762	0	0
748.10075	0.00755	0	0
748.20075	0.00749	0	0
748.30075	0.00742	0	0
748.40075	0.00736	0	0
748.50075	0.00729	0	0
748.60075	0.00723	0	0
748.70075	0.00716	0	0
748.80075	0.0071	0	0
748.90075	0.00703	0	0
749.00075	0.00697	0	0
749.10075	0.0069	0	0
749.20075	0.00684	0	0
749.30075	0.00677	0	0
749.40075	0.00671	0	0
749.50075	0.00664	0	0
749.60075	0.00658	0	0
749.70075	0.00651	0	0
749.80075	0.00645	0	0
749.90075	0.00638	0	0
750.00075	0.00632	0	0
750.10075	0.00625	0	0
750.20075	0.00619	0	0
750.30075	0.00612	0	0
750.40075	0.00606	0	0
750.50075	0.006	0	0
750.60075	0.00593	0	0
750.70075	0.00587	0	0
750.80075	0.0058	0	0
750.90075	0.00574	0	0
751.00075	0.00567	0	0
751.10075	0.00561	0	0
751.20075	0.00554	0	0
751.30075	0.00548	0	0
751.40075	0.00541	0	0
751.50075	0.00535	0	0
751.60075	0.00529	0	0
751.70075	0.00522	0	0
751.80075	0.00516	0	0
751.90075	0.00509	0	0
752.00075	0.00503	0	0
752.10075	0.00496	0	0
752.20075	0.0049	0	0
752.30075	0.00484	0	0
752.40075	0.00477	0	0
752.50075	0.00471	0	0
752.60075	0.00464	0	0
752.70075	0.00458	0	0
752.80075	0.00452	0	0
752.90075	0.00445	0	0
753.00075	0.00439	0	0
753.10075	0.00432	0	0
753.20075	0.00426	0	0
753.30075	0.00419	0	0
753.40075	0.00413	0	0
753.50075	0.00407	0	0
753.60075	0.004	0	0
753.70075	0.00394	0	0
753.80075	0.00388	0	0
753.90075	0.00381	0	0
754.00075	0.00375	0	0
754.10075	0.00368	0	0
754.20075	0.00362	0	0
754.30075	0.00356	0	0
754.40075	0.00349	0	0
754.50075	0.00343	0	0
754.60075	0.00337	0	0
754.70075	0.0033	0	0
754.80075	0.00324	0	0
754.90075	0.00317	0	0
755.00076	0.00311	0	0
755.10076	0.00305	0	0
755.20076	0.00298	0	0
755.30076	0.00292	0	0
755.40076	0.00286	0	0
755.50076	0.00279	0	0
755.60076	0.00273	0	0
755.70076	0.00267	0	0
755.80076	0.0026	0	0
755.90076	0.00254	0	0
756.00076	0.00248	0	0
756.10076	0.00241	0	0
756.20076	0.00235	0	0
756.30076	0.00229	0	0
756.40076	0.00222	0	0
756.50076	0.00216	0	0
756.60076	0.0021	0	0
756.70076	0.00204	0	0
756.80076	0.00197	0	0
756.90076	0.00191	0	0
757.00076	0.00185	0	0
757.10076	0.00178	0	0
757.20076	0.00172	0	0
757.30076	0.00166	0	0
757.40076	0.0016	0	0
757.50076	0.00153	0	0
757.60076	0.00147	0	0
757.70076	0.00141	0	0
757.80076	0.00134	0	0
757.90076	0.00128	0	0
758.00076	0.00122	0	0
758.10076	0.00116	0	0
758.20076	0.00109	0	0
758.30076	0.00103	0	0
758.40076	9.68594E-4	0	0
758.50076	9.06136E-4	0	0
758.60076	8.43713E-4	0	0
758.70076	7.81324E-4	0	0
758.80076	7.1897E-4	0	0
758.90076	6.5665E-4	0	0
759.00076	5.94365E-4	0	0
759.10076	5.32115E-4	0	0
759.20076	4.699E-4	0	0
759.30076	4.0772E-4	0	0
759.40076	3.45576E-4	0	0
759.50076	2.83467E-4	0	0
759.60076	2.21394E-4	0	0
759.70076	1.59357E-4	0	0
759.80076	9.73564E-5	0	0
759.90076	3.5392E-5	0	0
760.00076	-2.65359E-5	0	0
760.10076	-8.84271E-5	0	0
760.20076	-1.50281E-4	0	0
760.30076	-2.12099E-4	0	0
760.40076	-2.73879E-4	0	0
760.50076	-3.35622E-4	0	0
760.60076	-3.97327E-4	0	0
760.70076	-4.58995E-4	0	0
760.80076	-5.20624E-4	0	0
760.90076	-5.82216E-4	0	0
761.00076	-6.4377E-4	0	0
761.10076	-7.05285E-4	0	0
761.20076	-7.66761E-4	0	0
761.30076	-8.28199E-4	0	0
761.40076	-8.89598E-4	0	0
761.50076	-9.50958E-4	0	0
761.60076	-0.00101	0	0
761.70076	-0.00107	0	0
761.80076	-0.00113	0	0
761.90076	-0.0012	0	0
762.00076	-0.00126	0	0
762.10076	-0.00132	0	0
762.20076	-0.00138	0	0
762.30076	-0.00144	0	0
762.40076	-0.0015	0	0
762.50076	-0.00156	0	0
762.60076	-0.00162	0	0
762.70076	-0.00168	0	0
762.80076	-0.00175	0	0
762.90076	-0.00181	0	0
763.00076	-0.00187	0	0
763.10076	-0.00193	0	0
763.20076	-0.00199	0	0
763.30076	-0.00205	0	0
763.40076	-0.00211	0	0
763.50076	-0.00217	0	0
763.60076	-0.00223	0	0
763.70076	-0.00229	0	0
763.80076	-0.00235	0	0
763.90076	-0.00241	0	0
764.00076	-0.00247	0	0
764.10076	-0.00253	0	0
764.20076	-0.00259	0	0
764.30076	-0.00265	0	0
764.40076	-0.00271	0	0
764.50076	-0.00277	0	0
764.60076	-0.00283	0	0
764.70076	-0.00289	0	0
764.80076	-0.00295	0	0
764.90076	-0.00301	0	0
765.00077	-0.00307	0	0
765.10077	-0.00313	0	0
765.20077	-0.00319	0	0
765.30077	-0.00325	0	0
765.40077	-0.00331	0	0
765.50077	-0.00337	0	0
765.60077	-0.00343	0	0
765.70077	-0.00349	0	0
765.80077	-0.00355	0	0
765.90077	-0.00361	0	0
766.00077	-0.00367	0	0
766.10077	-0.00373	0	0
766.20077	-0.00379	0	0
766.30077	-0.00385	0	0
766.40077	-0.00391	0	0
766.50077	-0.00397	0	0
766.60077	-0.00402	0	0
766.70077	-0.00408	0	0
766.80077	-0.00414	0	0
766.90077	-0.0042	0	0
767.00077	-0.00426	0	0
767.10077	-0.00432	0	0
767.20077	-0.00438	0	0
767.30077	-0.00444	0	0
767.40077	-0.0045	0	0
767.50077	-0.00455	0	0
767.60077	-0.00461	0	0
767.70077	-0.00467	0	0
767.80077	-0.00473	0	0
767.90077	-0.00479	0	0
768.00077	-0.00485	0	0
768.10077	-0.00491	0	0
768.20077	-0.00496	0	0
768.30077	-0.00502	0	0
768.40077	-0.00508	0	0
768.50077	-0.00514	0	0
768.60077	-0.0052	0	0
768.70077	-0.00526	0	0
768.80077	-0.00531	0	0
768.90077	-0.00537	0	0
769.00077	-0.00543	0	0
769.10077	-0.00549	0	0
769.20077	-0.00555	0	0
769.30077	-0.0056	0	0
769.40077	-0.00566	0	0
769.50077	-0.00572	0	0
769.60077	-0.00578	0	0
769.70077	-0.00583	0	0
769.80077	-0.00589	0	0
769.90077	-0.00595	0	0
770.00077	-0.00601	0	0
770.10077	-0.00606	0	0
770.20077	-0.00612	0	0
770.30077	-0.00618	0	0
770.40077	-0.00624	0	0
770.50077	-0.00629	0	0
770.60077	-0.00635	0	0
770.70077	-0.00641	0	0
770.80077	-0.00646	0	0
770.90077	-0.00652	0	0
771.00077	-0.00658	0	0
771.10077	-0.00664	0	0
771.20077	-0.00669	0	0
771.30077	-0.00675	0	0
771.40077	-0.00681	0	0
771.50077	-0.00686	0	0
771.60077	-0.00692	0	0
771.70077	-0.00698	0	0
771.80077	-0.00703	0	0
771.90077	-0.00709	0	0
772.00077	-0.00714	0	0
772.10077	-0.0072	0	0
772.20077	-0.00726	0	0
772.30077	-0.00731	0	0
772.40077	-0.00737	0	0
772.50077	-0.00743	0	0
772.60077	-0.00748	0	0
772.70077	-0.00754	0	0
772.80077	-0.00759	0	0
772.90077	-0.00765	0	0
773.00077	-0.00771	0	0
773.10077	-0.00776	0	0
773.20077	-0.00782	0	0
773.30077	-0.00787	0	0
773.40077	-0.00793	0	0
773.50077	-0.00798	0	0
773.60077	-0.00804	0	0
773.70077	-0.0081	0	0
773.80077	-0.00815	0	0
773.90077	-0.00821	0	0
774.00077	-0.00826	0	0
774.10077	-0.00832	0	0
774.20077	-0.00837	0	0
774.30077	-0.00843	0	0
774.40077	-0.00848	0	0
774.50077	-0.00854	0	0
774.60077	-0.00859	0	0
774.70077	-0.00865	0	0
774.80077	-0.0087	0	0
774.90077	-0.00876	0	0
775.00078	-0.00881	0	0
775.10078	-0.00887	0	0
775.20078	-0.00892	0	0
775.30078	-0.00897	0	0
775.40078	-0.00903	0	0
775.50078	-0.00908	0	0
775.60078	-0.00914	0	0
775.70078	-0.00919	0	0
775.80078	-0.00925	0	0
775.90078	-0.0093	0	0
776.00078	-0.00935	0	0
776.10078	-0.00941	0	0
776.20078	-0.00946	0	0
776.30078	-0.00952	0	0
776.40078	-0.00957	0	0
776.50078	-0.00962	0	0
776.60078	-0.00968	0	0
776.70078	-0.00973	0	0
776.80078	-0.00979	0	0
776.90078	-0.00984	0	0
777.00078	-0.00989	0	0
777.10078	-0.00995	0	0
777.20078	-0.01	0	0
777.30078	-0.01005	0	0
777.40078	-0.01011	0	0
777.50078	-0.01016	0	0
777.60078	-0.01021	0	0
777.70078	-0.01026	0	0
777.80078	-0.01032	0	0
777.90078	-0.01037	0	0
778.00078	-0.01042	0	0
778.10078	-0.01048	0	0
778.20078	-0.01053	0	0
778.30078	-0.01058	0	0
778.40078	-0.01063	0	0
778.50078	-0.01069	0	0
778.60078	-0.01074	0	0
778.70078	-0.01079	0	0
778.80078	-0.01084	0	0
778.90078	-0.0109	0	0
779.00078	-0.01095	0	0
779.10078	-0.011	0	0
779.20078	-0.01105	0	0
779.30078	-0.01111	0	0
779.40078	-0.01116	0	0
779.50078	-0.01121	0	0
779.60078	-0.01126	0	0
779.70078	-0.01131	0	0
779.80078	-0.01136	0	0
779.90078	-0.01142	0	0
780.00078	-0.01147	0	0
780.10078	-0.01152	0	0
780.20078	-0.01157	0	0
780.30078	-0.01162	0	0
780.40078	-0.01167	0	0
780.50078	-0.01173	0	0
780.60078	-0.01178	0	0
780.70078	-0.01183	0	0
780.80078	-0.01188	0	0
780.90078	-0.01193	0	0
781.00078	-0.01198	0	0
781.10078	-0.01203	0	0
781.20078	-0.01208	0	0
781.30078	-0.01213	0	0
781.40078	-0.01218	0	0
781.50078	-0.01223	0	0
781.60078	-0.01229	0	0
781.70078	-0.01234	0	0
781.80078	-0.01239	0	0
781.90078	-0.01244	0	0
782.00078	-0.01249	0	0
782.10078	-0.01254	0	0
782.20078	-0.01259	0	0
782.30078	-0.01264	0	0
782.40078	-0.01269	0	0
782.50078	-0.01274	0	0
782.60078	-0.01279	0	0
782.70078	-0.01284	0	0
782.80078	-0.01289	0	0
782.90078	-0.01294	0	0
783.00078	-0.01299	0	0
783.10078	-0.01304	0	0
783.20078	-0.01309	0	0
783.30078	-0.01313	0	0
783.40078	-0.01318	0	0
783.50078	-0.01323	0	0
783.60078	-0.01328	0	0
783.70078	-0.01333	0	0
783.80078	-0.01338	0	0
783.90078	-0.01343	0	0
784.00078	-0.01348	0	0
784.10078	-0.01353	0	0
784.20078	-0.01358	0	0
784.30078	-0.01363	0	0
784.40078	-0.01367	0	0
784.50078	-0.01372	0	0
784.60078	-0.01377	0	0
784.70078	-0.01382	0	0
784.80078	-0.01387	0	0
784.90078	-0.01392	0	0
785.00079	-0.01396	0	0
785.10079	-0.01401	0	0
785.20079	-0.01406	0	0
785.30079	-0.01411	0	0
785.40079	-0.01416	0	0
785.50079	-0.01421	0	0
785.60079	-0.01425	0	0
785.70079	-0.0143	0	0
785.80079	-0.01435	0	0
785.90079	-0.0144	0	0
786.00079	-0.01444	0	0
786.10079	-0.01449	0	0
786.20079	-0.01454	0	0
786.30079	-0.01459	0	0
786.40079	-0.01463	0	0
786.50079	-0.01468	0	0
786.60079	-0.01473	0	0
786.70079	-0.01478	0	0
786.80079	-0.01482	0	0
786.90079	-0.01487	0	0
787.00079	-0.01492	0	0
787.10079	-0.01496	0	0
787.20079	-0.01501	0	0
787.30079	-0.01506	0	0
787.40079	-0.0151	0	0
787.50079	-0.01515	0	0
787.60079	-0.0152	0	0
787.70079	-0.01524	0	0
787.80079	-0.01529	0	0
787.90079	-0.01533	0	0
788.00079	-0.01538	0	0
788.10079	-0.01543	0	0
788.20079	-0.01547	0	0
788.30079	-0.01552	0	0
788.40079	-0.01556	0	0
788.50079	-0.01561	0	0
788.60079	-0.01566	0	0
788.70079	-0.0157	0	0
788.80079	-0.01575	0	0
788.90079	-0.01579	0	0
789.00079	-0.01584	0	0
789.10079	-0.01588	0	0
789.20079	-0.01593	0	0
789.30079	-0.01597	0	0
789.40079	-0.01602	0	0
789.50079	-0.01606	0	0
789.60079	-0.01611	0	0
789.70079	-0.01615	0	0
789.80079	-0.0162	0	0
789.90079	-0.01624	0	0
790.00079	-0.01629	0	0
790.10079	-0.01633	0	0
790.20079	-0.01638	0	0
790.30079	-0.01642	0	0
790.40079	-0.01647	0	0
790.50079	-0.01651	0	0
790.60079	-0.01656	0	0
790.70079	-0.0166	0	0
790.80079	-0.01664	0	0
790.90079	-0.01669	0	0
791.00079	-0.01673	0	0
791.10079	-0.01678	0	0
791.20079	-0.01682	0	0
791.30079	-0.01686	0	0
791.40079	-0.01691	0	0
791.50079	-0.01695	0	0
791.60079	-0.017	0	0
791.70079	-0.01704	0	0
791.80079	-0.01708	0	0
791.90079	-0.01713	0	0
792.00079	-0.01717	0	0
792.10079	-0.01721	0	0
792.20079	-0.01726	0	0
792.30079	-0.0173	0	0
792.40079	-0.01734	0	0
792.50079	-0.01738	0	0
792.60079	-0.01743	0	0
792.70079	-0.01747	0	0
792.80079	-0.01751	0	0
792.90079	-0.01756	0	0
793.00079	-0.0176	0	0
793.10079	-0.01764	0	0
793.20079	-0.01768	0	0
793.30079	-0.01772	0	0
793.40079	-0.01777	0	0
793.50079	-0.01781	0	0
793.60079	-0.01785	0	0
793.70079	-0.01789	0	0
793.80079	-0.01794	0	0
793.90079	-0.01798	0	0
794.00079	-0.01802	0	0
794.10079	-0.01806	0	0
794.20079	-0.0181	0	0
794.30079	-0.01814	0	0
794.40079	-0.01819	0	0
794.50079	-0.01823	0	0
794.60079	-0.01827	0	0
794.70079	-0.01831	0	0
794.80079	-0.01835	0	0
794.90079	-0.01839	0	0
795.0008	-0.01843	0	0
795.1008	-0.01847	0	0
795.2008	-0.01851	0	0
795.3008	-0.01856	0	0
795.4008	-0.0186	0	0
795.5008	-0.01864	0	0
795.6008	-0.01868	0	0
795.7008	-0.01872	0	0
795.8008	-0.01876	0	0
795.9008	-0.0188	0	0
796.0008	-0.01884	0	0
796.1008	-0.01888	0	0
796.2008	-0.01892	0	0
796.3008	-0.01896	0	0
796.4008	-0.019	0	0
796.5008	-0.01904	0	0
796.6008	-0.01908	0	0
796.7008	-0.01912	0	0
796.8008	-0.01916	0	0
796.9008	-0.0192	0	0
797.0008	-0.01924	0	0
797.1008	-0.01928	0	0
797.2008	-0.01932	0	0
797.3008	-0.01936	0	0
797.4008	-0.01939	0	0
797.5008	-0.01943	0	0
797.6008	-0.01947	0	0
797.7008	-0.01951	0	0
797.8008	-0.01955	0	0
797.9008	-0.01959	0	0
798.0008	-0.01963	0	0
798.1008	-0.01967	0	0
798.2008	-0.01971	0	0
798.3008	-0.01974	0	0
798.4008	-0.01978	0	0
798.5008	-0.01982	0	0
798.6008	-0.01986	0	0
798.7008	-0.0199	0	0
798.8008	-0.01994	0	0
798.9008	-0.01997	0	0
799.0008	-0.02001	0	0
799.1008	-0.02005	0	0
799.2008	-0.02009	0	0
799.3008	-0.02013	0	0
799.4008	-0.02016	0	0
799.5008	-0.0202	0	0
799.6008	-0.02024	0	0
799.7008	-0.02028	0	0
799.8008	-0.02031	0	0
799.9008	-0.02035	0	0
800.0008	-0.02039	0	0
800.1008	-0.02042	0	0
800.2008	-0.02046	0	0
800.3008	-0.0205	0	0
800.4008	-0.02054	0	0
800.5008	-0.02057	0	0
800.6008	-0.02061	0	0
800.7008	-0.02065	0	0
800.8008	-0.02068	0	0
800.9008	-0.02072	0	0
801.0008	-0.02076	0	0
801.1008	-0.02079	0	0
801.2008	-0.02083	0	0
801.3008	-0.02086	0	0
801.4008	-0.0209	0	0
801.5008	-0.02094	0	0
801.6008	-0.02097	0	0
801.7008	-0.02101	0	0
801.8008	-0.02104	0	0
801.9008	-0.02108	0	0
802.0008	-0.02112	0	0
802.1008	-0.02115	0	0
802.2008	-0.02119	0	0
802.3008	-0.02122	0	0
802.4008	-0.02126	0	0
802.5008	-0.02129	0	0
802.6008	-0.02133	0	0
802.7008	-0.02136	0	0
802.8008	-0.0214	0	0
802.9008	-0.02143	0	0
803.0008	-0.02147	0	0
803.1008	-0.0215	0	0
803.2008	-0.02154	0	0
803.3008	-0.02157	0	0
803.4008	-0.02161	0	0
803.5008	-0.02164	0	0
803.6008	-0.02168	0	0
803.7008	-0.02171	0	0
803.8008	-0.02174	0	0
803.9008	-0.02178	0	0
804.0008	-0.02181	0	0
804.1008	-0.02185	0	0
804.2008	-0.02188	0	0
804.3008	-0.02192	0	0
804.4008	-0.02195	0	0
804.5008	-0.02198	0	0
804.6008	-0.02202	0	0
804.7008	-0.02205	0	0
804.8008	-0.02208	0	0
804.9008	-0.02212	0	0
805.00081	-0.02215	0	0
805.10081	-0.02218	0	0
805.20081	-0.02222	0	0
805.30081	-0.02225	0	0
805.40081	-0.02228	0	0
805.50081	-0.02232	0	0
805.60081	-0.02235	0	0
805.70081	-0.02238	0	0
805.80081	-0.02241	0	0
805.90081	-0.02245	0	0
806.00081	-0.02248	0	0
806.10081	-0.02251	0	0
806.20081	-0.02254	0	0
806.30081	-0.02258	0	0
806.40081	-0.02261	0	0
806.50081	-0.02264	0	0
806.60081	-0.02267	0	0
806.70081	-0.02271	0	0
806.80081	-0.02274	0	0
806.90081	-0.02277	0	0
807.00081	-0.0228	0	0
807.10081	-0.02283	0	0
807.20081	-0.02286	0	0
807.30081	-0.0229	0	0
807.40081	-0.02293	0	0
807.50081	-0.02296	0	0
807.60081	-0.02299	0	0
807.70081	-0.02302	0	0
807.80081	-0.02305	0	0
807.90081	-0.02308	0	0
808.00081	-0.02311	0	0
808.10081	-0.02315	0	0
808.20081	-0.02318	0	0
808.30081	-0.02321	0	0
808.40081	-0.02324	0	0
808.50081	-0.02327	0	0
808.60081	-0.0233	0	0
808.70081	-0.02333	0	0
808.80081	-0.02336	0	0
808.90081	-0.02339	0	0
809.00081	-0.02342	0	0
809.10081	-0.02345	0	0
809.20081	-0.02348	0	0
809.30081	-0.02351	0	0
809.40081	-0.02354	0	0
809.50081	-0.02357	0	0
809.60081	-0.0236	0	0
809.70081	-0.02363	0	0
809.80081	-0.02366	0	0
809.90081	-0.02369	0	0
810.00081	-0.02372	0	0
810.10081	-0.02375	0	0
810.20081	-0.02378	0	0
810.30081	-0.02381	0	0
810.40081	-0.02384	0	0
810.50081	-0.02386	0	0
810.60081	-0.02389	0	0
810.70081	-0.02392	0	0
810.80081	-0.02395	0	0
810.90081	-0.02398	0	0
811.00081	-0.02401	0	0
811.10081	-0.02404	0	0
811.20081	-0.02407	0	0
811.30081	-0.02409	0	0
811.40081	-0.02412	0	0
811.50081	-0.02415	0	0
811.60081	-0.02418	0	0
811.70081	-0.02421	0	0
811.80081	-0.02424	0	0
811.90081	-0.02426	0	0
812.00081	-0.02429	0	0
812.10081	-0.02432	0	0
812.20081	-0.02435	0	0
812.30081	-0.02437	0	0
812.40081	-0.0244	0	0
812.50081	-0.02443	0	0
812.60081	-0.02446	0	0
812.70081	-0.02448	0	0
812.80081	-0.02451	0	0
812.90081	-0.02454	0	0
813.00081	-0.02457	0	0
813.10081	-0.02459	0	0
813.20081	-0.02462	0	0
813.30081	-0.02465	0	0
813.40081	-0.02467	0	0
813.50081	-0.0247	0	0
813.60081	-0.02473	0	0
813.70081	-0.02475	0	0
813.80081	-0.02478	0	0
813.90081	-0.02481	0	0
814.00081	-0.02483	0	0
814.10081	-0.02486	0	0
814.20081	-0.02489	0	0
814.30081	-0.02491	0	0
814.40081	-0.02494	0	0
814.50081	-0.02496	0	0
814.60081	-0.02499	0	0
814.70081	-0.02502	0	0
814.80081	-0.02504	0	0
814.90081	-0.02507	0	0
815.00082	-0.02509	0	0
815.10082	-0.02512	0	0
815.20082	-0.02514	0	0
815.30082	-0.02517	0	0
815.40082	-0.02519	0	0
815.50082	-0.02522	0	0
815.60082	-0.02524	0	0
815.70082	-0.02527	0	0
815.80082	-0.02529	0	0
815.90082	-0.02532	0	0
816.00082	-0.02534	0	0
816.10082	-0.02537	0	0
816.20082	-0.02539	0	0
816.30082	-0.02542	0	0
816.40082	-0.02544	0	0
816.50082	-0.02547	0	0
816.60082	-0.02549	0	0
816.70082	-0.02552	0	0
816.80082	-0.02554	0	0
816.90082	-0.02556	0	0
817.00082	-0.02559	0	0
817.10082	-0.02561	0	0
817.20082	-0.02564	0	0
817.30082	-0.02566	0	0
817.40082	-0.02568	0	0
817.50082	-0.02571	0	0
817.60082	-0.02573	0	0
817.70082	-0.02575	0	0
817.80082	-0.02578	0	0
817.90082	-0.0258	0	0
818.00082	-0.02582	0	0
818.10082	-0.02585	0	0
818.20082	-0.02587	0	0
818.30082	-0.02589	0	0
818.40082	-0.02592	0	0
818.50082	-0.02594	0	0
818.60082	-0.02596	0	0
818.70082	-0.02599	0	0
818.80082	-0.02601	0	0
818.90082	-0.02603	0	0
819.00082	-0.02605	0	0
819.10082	-0.02608	0	0
819.20082	-0.0261	0	0
819.30082	-0.02612	0	0
819.40082	-0.02614	0	0
819.50082	-0.02617	0	0
819.60082	-0.02619	0	0
819.70082	-0.02621	0	0
819.80082	-0.02623	0	0
819.90082	-0.02625	0	0
820.00082	-0.02628	0	0
820.10082	-0.0263	0	0
820.20082	-0.02632	0	0
820.30082	-0.02634	0	0
820.40082	-0.02636	0	0
820.50082	-0.02638	0	0
820.60082	-0.0264	0	0
820.70082	-0.02643	0	0
820.80082	-0.02645	0	0
820.90082	-0.02647	0	0
821.00082	-0.02649	0	0
821.10082	-0.02651	0	0
821.20082	-0.02653	0	0
821.30082	-0.02655	0	0
821.40082	-0.02657	0	0
821.50082	-0.02659	0	0
821.60082	-0.02661	0	0
821.70082	-0.02663	0	0
821.80082	-0.02665	0	0
821.90082	-0.02668	0	0
822.00082	-0.0267	0	0
822.10082	-0.02672	0	0
822.20082	-0.02674	0	0
822.30082	-0.02676	0	0
822.40082	-0.02678	0	0
822.50082	-0.0268	0	0
822.60082	-0.02682	0	0
822.70082	-0.02684	0	0
822.80082	-0.02686	0	0
822.90082	-0.02688	0	0
823.00082	-0.02689	0	0
823.10082	-0.02691	0	0
823.20082	-0.02693	0	0
823.30082	-0.02695	0	0
823.40082	-0.02697	0	0
823.50082	-0.02699	0	0
823.60082	-0.02701	0	0
823.70082	-0.02703	0	0
823.80082	-0.02705	0	0
823.90082	-0.02707	0	0
824.00082	-0.02709	0	0
824.10082	-0.02711	0	0
824.20082	-0.02712	0	0
824.30082	-0.02714	0	0
824.40082	-0.02716	0	0
824.50082	-0.02718	0	0
824.60082	-0.0272	0	0
824.70082	-0.02722	0	0
824.80082	-0.02723	0	0
824.90082	-0.02725	0	0
825.00083	-0.02727	0	0
825.10083	-0.02729	0	0
825.20083	-0.02731	0	0
825.30083	-0.02733	0	0
825.40083	-0.02734	0	0
825.50083	-0.02736	0	0
825.60083	-0.02738	0	0
825.70083	-0.0274	0	0
825.80083	-0.02741	0	0
825.90083	-0.02743	0	0
826.00083	-0.02745	0	0
826.10083	-0.02747	0	0
826.20083	-0.02748	0	0
826.30083	-0.0275	0	0
826.40083	-0.02752	0	0
826.50083	-0.02753	0	0
826.60083	-0.02755	0	0
826.70083	-0.02757	0	0
826.80083	-0.02759	0	0
826.90083	-0.0276	0	0
827.00083	-0.02762	0	0
827.10083	-0.02764	0	0
827.20083	-0.02765	0	0
827.30083	-0.02767	0	0
827.40083	-0.02769	0	0
827.50083	-0.0277	0	0
827.60083	-0.02772	0	0
827.70083	-0.02773	0	0
827.80083	-0.02775	0	0
827.90083	-0.02777	0	0
828.00083	-0.02778	0	0
828.10083	-0.0278	0	0
828.20083	-0.02781	0	0
828.30083	-0.02783	0	0
828.40083	-0.02785	0	0
828.50083	-0.02786	0	0
828.60083	-0.02788	0	0
828.70083	-0.02789	0	0
828.80083	-0.02791	0	0
828.90083	-0.02792	0	0
829.00083	-0.02794	0	0
829.10083	-0.02795	0	0
829.20083	-0.02797	0	0
829.30083	-0.02798	0	0
829.40083	-0.028	0	0
829.50083	-0.02801	0	0
829.60083	-0.02803	0	0
829.70083	-0.02804	0	0
829.80083	-0.02806	0	0
829.90083	-0.02807	0	0
830.00083	-0.02809	0	0
830.10083	-0.0281	0	0
830.20083	-0.02812	0	0
830.30083	-0.02813	0	0
830.40083	-0.02815	0	0
830.50083	-0.02816	0	0
830.60083	-0.02817	0	0
830.70083	-0.02819	0	0
830.80083	-0.0282	0	0
830.90083	-0.02822	0	0
831.00083	-0.02823	0	0
831.10083	-0.02824	0	0
831.20083	-0.02826	0	0
831.30083	-0.02827	0	0
831.40083	-0.02829	0	0
831.50083	-0.0283	0	0
831.60083	-0.02831	0	0
831.70083	-0.02833	0	0
831.80083	-0.02834	0	0
831.90083	-0.02835	0	0
832.00083	-0.02837	0	0
832.10083	-0.02838	0	0
832.20083	-0.02839	0	0
832.30083	-0.02841	0	0
832.40083	-0.02842	0	0
832.50083	-0.02843	0	0
832.60083	-0.02844	0	0
832.70083	-0.02846	0	0
832.80083	-0.02847	0	0
832.90083	-0.02848	0	0
833.00083	-0.0285	0	0
833.10083	-0.02851	0	0
833.20083	-0.02852	0	0
833.30083	-0.02853	0	0
833.40083	-0.02854	0	0
833.50083	-0.02856	0	0
833.60083	-0.02857	0	0
833.70083	-0.02858	0	0
833.80083	-0.02859	0	0
833.90083	-0.02861	0	0
834.00083	-0.02862	0	0
834.10083	-0.02863	0	0
834.20083	-0.02864	0	0
834.30083	-0.02865	0	0
834.40083	-0.02866	0	0
834.50083	-0.02868	0	0
834.60083	-0.02869	0	0
834.70083	-0.0287	0	0
834.80083	-0.02871	0	0
834.90083	-0.02872	0	0
835.00084	-0.02873	0	0
835.10084	-0.02874	0	0
835.20084	-0.02876	0	0
835.30084	-0.02877	0	0
835.40084	-0.02878	0	0
835.50084	-0.02879	0	0
835.60084	-0.0288	0	0
835.70084	-0.02881	0	0
835.80084	-0.02882	0	0
835.90084	-0.02883	0	0
836.00084	-0.02884	0	0
836.10084	-0.02885	0	0
836.20084	-0.02886	0	0
836.30084	-0.02887	0	0
836.40084	-0.02889	0	0
836.50084	-0.0289	0	0
836.60084	-0.02891	0	0
836.70084	-0.02892	0	0
836.80084	-0.02893	0	0
836.90084	-0.02894	0	0
837.00084	-0.02895	0	0
837.10084	-0.02896	0	0
837.20084	-0.02897	0	0
837.30084	-0.02898	0	0
837.40084	-0.02899	0	0
837.50084	-0.029	0	0
837.60084	-0.02901	0	0
837.70084	-0.02901	0	0
837.80084	-0.02902	0	0
837.90084	-0.02903	0	0
838.00084	-0.02904	0	0
838.10084	-0.02905	0	0
838.20084	-0.02906	0	0
838.30084	-0.02907	0	0
838.40084	-0.02908	0	0
838.50084	-0.02909	0	0
838.60084	-0.0291	0	0
838.70084	-0.02911	0	0
838.80084	-0.02912	0	0
838.90084	-0.02913	0	0
839.00084	-0.02913	0	0
839.10084	-0.02914	0	0
839.20084	-0.02915	0	0
839.30084	-0.02916	0	0
839.40084	-0.02917	0	0
839.50084	-0.02918	0	0
839.60084	-0.02919	0	0
839.70084	-0.02919	0	0
839.80084	-0.0292	0	0
839.90084	-0.02921	0	0
840.00084	-0.02922	0	0
840.10084	-0.02923	0	0
840.20084	-0.02923	0	0
840.30084	-0.02924	0	0
840.40084	-0.02925	0	0
840.50084	-0.02926	0	0
840.60084	-0.02927	0	0
840.70084	-0.02927	0	0
840.80084	-0.02928	0	0
840.90084	-0.02929	0	0
841.00084	-0.0293	0	0
841.10084	-0.0293	0	0
841.20084	-0.02931	0	0
841.30084	-0.02932	0	0
841.40084	-0.02933	0	0
841.50084	-0.02933	0	0
841.60084	-0.02934	0	0
841.70084	-0.02935	0	0
841.80084	-0.02936	0	0
841.90084	-0.02936	0	0
842.00084	-0.02937	0	0
842.10084	-0.02938	0	0
842.20084	-0.02938	0	0
842.30084	-0.02939	0	0
842.40084	-0.0294	0	0
842.50084	-0.0294	0	0
842.60084	-0.02941	0	0
842.70084	-0.02942	0	0
842.80084	-0.02942	0	0
842.90084	-0.02943	0	0
843.00084	-0.02944	0	0
843.10084	-0.02944	0	0
843.20084	-0.02945	0	0
843.30084	-0.02946	0	0
843.40084	-0.02946	0	0
843.50084	-0.02947	0	0
843.60084	-0.02947	0	0
843.70084	-0.02948	0	0
843.80084	-0.02949	0	0
843.90084	-0.02949	0	0
844.00084	-0.0295	0	0
844.10084	-0.0295	0	0
844.20084	-0.02951	0	0
844.30084	-0.02952	0	0
844.40084	-0.02952	0	0
844.50084	-0.02953	0	0
844.60084	-0.02953	0	0
844.70084	-0.02954	0	0
844.80084	-0.02954	0	0
844.90084	-0.02955	0	0
845.00085	-0.02955	0	0
845.10085	-0.02956	0	0
845.20085	-0.02957	0	0
845.30085	-0.02957	0	0
845.40085	-0.02958	0	0
845.50085	-0.02958	0	0
845.60085	-0.02959	0	0
845.70085	-0.02959	0	0
845.80085	-0.0296	0	0
845.90085	-0.0296	0	0
846.00085	-0.02961	0	0
846.10085	-0.02961	0	0
846.20085	-0.02961	0	0
846.30085	-0.02962	0	0
846.40085	-0.02962	0	0
846.50085	-0.02963	0	0
846.60085	-0.02963	0	0
846.70085	-0.02964	0	0
846.80085	-0.02964	0	0
846.90085	-0.02965	0	0
847.00085	-0.02965	0	0
847.10085	-0.02965	0	0
847.20085	-0.02966	0	0
847.30085	-0.02966	0	0
847.40085	-0.02967	0	0
847.50085	-0.02967	0	0
847.60085	-0.02968	0	0
847.70085	-0.02968	0	0
847.80085	-0.02968	0	0
847.90085	-0.02969	0	0
848.00085	-0.02969	0	0
848.10085	-0.02969	0	0
848.20085	-0.0297	0	0
848.30085	-0.0297	0	0
848.40085	-0.02971	0	0
848.50085	-0.02971	0	0
848.60085	-0.02971	0	0
848.70085	-0.02972	0	0
848.80085	-0.02972	0	0
848.90085	-0.02972	0	0
849.00085	-0.02973	0	0
849.10085	-0.02973	0	0
849.20085	-0.02973	0	0
849.30085	-0.02974	0	0
849.40085	-0.02974	0	0
849.50085	-0.02974	0	0
849.60085	-0.02974	0	0
849.70085	-0.02975	0	0
849.80085	-0.02975	0	0
849.90085	-0.02975	0	0
850.00085	-0.02976	0	0
850.10085	-0.02976	0	0
850.20085	-0.02976	0	0
850.30085	-0.02976	0	0
850.40085	-0.02977	0	0
850.50085	-0.02977	0	0
850.60085	-0.02977	0	0
850.70085	-0.02977	0	0
850.80085	-0.02978	0	0
850.90085	-0.02978	0	0
851.00085	-0.02978	0	0
851.10085	-0.02978	0	0
851.20085	-0.02978	0	0
851.30085	-0.02979	0	0
851.40085	-0.02979	0	0
851.50085	-0.02979	0	0
851.60085	-0.02979	0	0
851.70085	-0.0298	0	0
851.80085	-0.0298	0	0
851.90085	-0.0298	0	0
852.00085	-0.0298	0	0
852.10085	-0.0298	0	0
852.20085	-0.0298	0	0
852.30085	-0.02981	0	0
852.40085	-0.02981	0	0
852.50085	-0.02981	0	0
852.60085	-0.02981	0	0
852.70085	-0.02981	0	0
852.80085	-0.02981	0	0
852.90085	-0.02982	0	0
853.00085	-0.02982	0	0
853.10085	-0.02982	0	0
853.20085	-0.02982	0	0
853.30085	-0.02982	0	0
853.40085	-0.02982	0	0
853.50085	-0.02982	0	0
853.60085	-0.02982	0	0
853.70085	-0.02982	0	0
853.80085	-0.02983	0	0
853.90085	-0.02983	0	0
854.00085	-0.02983	0	0
854.10085	-0.02983	0	0
854.20085	-0.02983	0	0
854.30085	-0.02983	0	0
854.40085	-0.02983	0	0
854.50085	-0.02983	0	0
854.60085	-0.02983	0	0
854.70085	-0.02983	0	0
854.80085	-0.02983	0	0
854.90085	-0.02983	0	0
855.00086	-0.02983	0	0
855.10086	-0.02983	0	0
855.20086	-0.02984	0	0
855.30086	-0.02984	0	0
855.40086	-0.02984	0	0
855.50086	-0.02984	0	0
855.60086	-0.02984	0	0
855.70086	-0.02984	0	0
855.80086	-0.02984	0	0
855.90086	-0.02984	0	0
856.00086	-0.02984	0	0
856.10086	-0.02984	0	0
856.20086	-0.02984	0	0
856.30086	-0.02984	0	0
856.40086	-0.02984	0	0
856.50086	-0.02984	0	0
856.60086	-0.02984	0	0
856.70086	-0.02984	0	0
856.80086	-0.02984	0	0
856.90086	-0.02984	0	0
857.00086	-0.02984	0	0
857.10086	-0.02984	0	0
857.20086	-0.02983	0	0
857.30086	-0.02983	0	0
857.40086	-0.02983	0	0
857.50086	-0.02983	0	0
857.60086	-0.02983	0	0
857.70086	-0.02983	0	0
857.80086	-0.02983	0	0
857.90086	-0.02983	0	0
858.00086	-0.02983	0	0
858.10086	-0.02983	0	0
858.20086	-0.02983	0	0
858.30086	-0.02983	0	0
858.40086	-0.02983	0	0
858.50086	-0.02983	0	0
858.60086	-0.02982	0	0
858.70086	-0.02982	0	0
858.80086	-0.02982	0	0
858.90086	-0.02982	0	0
859.00086	-0.02982	0	0
859.10086	-0.02982	0	0
859.20086	-0.02982	0	0
859.30086	-0.02982	0	0
859.40086	-0.02982	0	0
859.50086	-0.02981	0	0
859.60086	-0.02981	0	0
859.70086	-0.02981	0	0
859.80086	-0.02981	0	0
859.90086	-0.02981	0	0
860.00086	-0.02981	0	0
860.10086	-0.02981	0	0
860.20086	-0.0298	0	0
860.30086	-0.0298	0	0
860.40086	-0.0298	0	0
860.50086	-0.0298	0	0
860.60086	-0.0298	0	0
860.70086	-0.0298	0	0
860.80086	-0.02979	0	0
860.90086	-0.02979	0	0
861.00086	-0.02979	0	0
861.10086	-0.02979	0	0
861.20086	-0.02979	0	0
861.30086	-0.02978	0	0
861.40086	-0.02978	0	0
861.50086	-0.02978	0	0
861.60086	-0.02978	0	0
861.70086	-0.02978	0	0
861.80086	-0.02977	0	0
861.90086	-0.02977	0	0
862.00086	-0.02977	0	0
862.10086	-0.02977	0	0
862.20086	-0.02976	0	0
862.30086	-0.02976	0	0
862.40086	-0.02976	0	0
862.50086	-0.02976	0	0
862.60086	-0.02976	0	0
862.70086	-0.02975	0	0
862.80086	-0.02975	0	0
862.90086	-0.02975	0	0
863.00086	-0.02975	0	0
863.10086	-0.02974	0	0
863.20086	-0.02974	0	0
863.30086	-0.02974	0	0
863.40086	-0.02973	0	0
863.50086	-0.02973	0	0
863.60086	-0.02973	0	0
863.70086	-0.02973	0	0
863.80086	-0.02972	0	0
863.90086	-0.02972	0	0
864.00086	-0.02972	0	0
864.10086	-0.02972	0	0
864.20086	-0.02971	0	0
864.30086	-0.02971	0	0
864.40086	-0.02971	0	0
864.50086	-0.0297	0	0
864.60086	-0.0297	0	0
864.70086	-0.0297	0	0
864.80086	-0.02969	0	0
864.90086	-0.02969	0	0
865.00087	-0.02969	0	0
865.10087	-0.02968	0	0
865.20087	-0.02968	0	0
865.30087	-0.02968	0	0
865.40087	-0.02967	0	0
865.50087	-0.02967	0	0
865.60087	-0.02967	0	0
865.70087	-0.02966	0	0
865.80087	-0.02966	0	0
865.90087	-0.02966	0	0
866.00087	-0.02965	0	0
866.10087	-0.02965	0	0
866.20087	-0.02965	0	0
866.30087	-0.02964	0	0
866.40087	-0.02964	0	0
866.50087	-0.02964	0	0
866.60087	-0.02963	0	0
866.70087	-0.02963	0	0
866.80087	-0.02963	0	0
866.90087	-0.02962	0	0
867.00087	-0.02962	0	0
867.10087	-0.02961	0	0
867.20087	-0.02961	0	0
867.30087	-0.02961	0	0
867.40087	-0.0296	0	0
867.50087	-0.0296	0	0
867.60087	-0.0296	0	0
867.70087	-0.02959	0	0
867.80087	-0.02959	0	0
867.90087	-0.02958	0	0
868.00087	-0.02958	0	0
868.10087	-0.02958	0	0
868.20087	-0.02957	0	0
868.30087	-0.02957	0	0
868.40087	-0.02956	0	0
868.50087	-0.02956	0	0
868.60087	-0.02955	0	0
868.70087	-0.02955	0	0
868.80087	-0.02955	0	0
868.90087	-0.02954	0	0
869.00087	-0.02954	0	0
869.10087	-0.02953	0	0
869.20087	-0.02953	0	0
869.30087	-0.02952	0	0
869.40087	-0.02952	0	0
869.50087	-0.02952	0	0
869.60087	-0.02951	0	0
869.70087	-0.02951	0	0
869.80087	-0.0295	0	0
869.90087	-0.0295	0	0
870.00087	-0.02949	0	0
870.10087	-0.02949	0	0
870.20087	-0.02948	0	0
870.30087	-0.02948	0	0
870.40087	-0.02948	0	0
870.50087	-0.02947	0	0
870.60087	-0.02947	0	0
870.70087	-0.02946	0	0
870.80087	-0.02946	0	0
870.90087	-0.02945	0	0
871.00087	-0.02945	0	0
871.10087	-0.02944	0	0
871.20087	-0.02944	0	0
871.30087	-0.02943	0	0
871.40087	-0.02943	0	0
871.50087	-0.02942	0	0
871.60087	-0.02942	0	0
871.70087	-0.02941	0	0
871.80087	-0.02941	0	0
871.90087	-0.0294	0	0
872.00087	-0.0294	0	0
872.10087	-0.02939	0	0
872.20087	-0.02939	0	0
872.30087	-0.02938	0	0
872.40087	-0.02938	0	0
872.50087	-0.02937	0	0
872.60087	-0.02937	0	0
872.70087	-0.02936	0	0
872.80087	-0.02936	0	0
872.90087	-0.02935	0	0
873.00087	-0.02935	0	0
873.10087	-0.02934	0	0
873.20087	-0.02934	0	0
873.30087	-0.02933	0	0
873.40087	-0.02933	0	0
873.50087	-0.02932	0	0
873.60087	-0.02932	0	0
873.70087	-0.02931	0	0
873.80087	-0.0293	0	0
873.90087	-0.0293	0	0
874.00087	-0.02929	0	0
874.10087	-0.02929	0	0
874.20087	-0.02928	0	0
874.30087	-0.02928	0	0
874.40087	-0.02927	0	0
874.50087	-0.02927	0	0
874.60087	-0.02926	0	0
874.70087	-0.02926	0	0
874.80087	-0.02925	0	0
874.90087	-0.02924	0	0
875.00088	-0.02924	0	0
875.10088	-0.02923	0	0
875.20088	-0.02923	0	0
875.30088	-0.02922	0	0
875.40088	-0.02922	0	0
875.50088	-0.02921	0	0
875.60088	-0.02921	0	0
875.70088	-0.0292	0	0
875.80088	-0.02919	0	0
875.90088	-0.02919	0	0
876.00088	-0.02918	0	0
876.10088	-0.02918	0	0
876.20088	-0.02917	0	0
876.30088	-0.02917	0	0
876.40088	-0.02916	0	0
876.50088	-0.02915	0	0
876.60088	-0.02915	0	0
876.70088	-0.02914	0	0
876.80088	-0.02914	0	0
876.90088	-0.02913	0	0
877.00088	-0.02912	0	0
877.10088	-0.02912	0	0
877.20088	-0.02911	0	0
877.30088	-0.02911	0	0
877.40088	-0.0291	0	0
877.50088	-0.02909	0	0
877.60088	-0.02909	0	0
877.70088	-0.02908	0	0
877.80088	-0.02908	0	0
877.90088	-0.02907	0	0
878.00088	-0.02906	0	0
878.10088	-0.02906	0	0
878.20088	-0.02905	0	0
878.30088	-0.02905	0	0
878.40088	-0.02904	0	0
878.50088	-0.02903	0	0
878.60088	-0.02903	0	0
878.70088	-0.02902	0	0
878.80088	-0.02902	0	0
878.90088	-0.02901	0	0
879.00088	-0.029	0	0
879.10088	-0.029	0	0
879.20088	-0.02899	0	0
879.30088	-0.02898	0	0
879.40088	-0.02898	0	0
879.50088	-0.02897	0	0
879.60088	-0.02897	0	0
879.70088	-0.02896	0	0
879.80088	-0.02895	0	0
879.90088	-0.02895	0	0
880.00088	-0.02894	0	0
880.10088	-0.02893	0	0
880.20088	-0.02893	0	0
880.30088	-0.02892	0	0
880.40088	-0.02892	0	0
880.50088	-0.02891	0	0
880.60088	-0.0289	0	0
880.70088	-0.0289	0	0
880.80088	-0.02889	0	0
880.90088	-0.02888	0	0
881.00088	-0.02888	0	0
881.10088	-0.02887	0	0
881.20088	-0.02886	0	0
881.30088	-0.02886	0	0
881.40088	-0.02885	0	0
881.50088	-0.02884	0	0
881.60088	-0.02884	0	0
881.70088	-0.02883	0	0
881.80088	-0.02883	0	0
881.90088	-0.02882	0	0
882.00088	-0.02881	0	0
882.10088	-0.02881	0	0
882.20088	-0.0288	0	0
882.30088	-0.02879	0	0
882.40088	-0.02879	0	0
882.50088	-0.02878	0	0
882.60088	-0.02877	0	0
882.70088	-0.02877	0	0
882.80088	-0.02876	0	0
882.90088	-0.02875	0	0
883.00088	-0.02875	0	0
883.10088	-0.02874	0	0
883.20088	-0.02873	0	0
883.30088	-0.02873	0	0
883.40088	-0.02872	0	0
883.50088	-0.02871	0	0
883.60088	-0.02871	0	0
883.70088	-0.0287	0	0
883.80088	-0.02869	0	0
883.90088	-0.02869	0	0
884.00088	-0.02868	0	0
884.10088	-0.02867	0	0
884.20088	-0.02867	0	0
884.30088	-0.02866	0	0
884.40088	-0.02865	0	0
884.50088	-0.02865	0	0
884.60088	-0.02864	0	0
884.70088	-0.02863	0	0
884.80088	-0.02863	0	0
884.90088	-0.02862	0	0
885.00089	-0.02861	0	0
885.10089	-0.02861	0	0
885.20089	-0.0286	0	0
885.30089	-0.02859	0	0
885.40089	-0.02859	0	0
885.50089	-0.02858	0	0
885.60089	-0.02857	0	0
885.70089	-0.02857	0	0
885.80089	-0.02856	0	0
885.90089	-0.02855	0	0
886.00089	-0.02855	0	0
886.10089	-0.02854	0	0
886.20089	-0.02853	0	0
886.30089	-0.02853	0	0
886.40089	-0.02852	0	0
886.50089	-0.02851	0	0
886.60089	-0.0285	0	0
886.70089	-0.0285	0	0
886.80089	-0.02849	0	0
886.90089	-0.02848	0	0
887.00089	-0.02848	0	0
887.10089	-0.02847	0	0
887.20089	-0.02846	0	0
887.30089	-0.02846	0	0
887.40089	-0.02845	0	0
887.50089	-0.02844	0	0
887.60089	-0.02844	0	0
887.70089	-0.02843	0	0
887.80089	-0.02842	0	0
887.90089	-0.02842	0	0
888.00089	-0.02841	0	0
888.10089	-0.0284	0	0
888.20089	-0.0284	0	0
888.30089	-0.02839	0	0
888.40089	-0.02838	0	0
888.50089	-0.02837	0	0
888.60089	-0.02837	0	0
888.70089	-0.02836	0	0
888.80089	-0.02835	0	0
888.90089	-0.02835	0	0
889.00089	-0.02834	0	0
889.10089	-0.02833	0	0
889.20089	-0.02833	0	0
889.30089	-0.02832	0	0
889.40089	-0.02831	0	0
889.50089	-0.02831	0	0
889.60089	-0.0283	0	0
889.70089	-0.02829	0	0
889.80089	-0.02829	0	0
889.90089	-0.02828	0	0
890.00089	-0.02827	0	0
890.10089	-0.02826	0	0
890.20089	-0.02826	0	0
890.30089	-0.02825	0	0
890.40089	-0.02824	0	0
890.50089	-0.02824	0	0
890.60089	-0.02823	0	0
890.70089	-0.02822	0	0
890.80089	-0.02822	0	0
890.90089	-0.02821	0	0
891.00089	-0.0282	0	0
891.10089	-0.0282	0	0
891.20089	-0.02819	0	0
891.30089	-0.02818	0	0
891.40089	-0.02817	0	0
891.50089	-0.02817	0	0
891.60089	-0.02816	0	0
891.70089	-0.02815	0	0
891.80089	-0.02815	0	0
891.90089	-0.02814	0	0
892.00089	-0.02813	0	0
892.10089	-0.02813	0	0
892.20089	-0.02812	0	0
892.30089	-0.02811	0	0
892.40089	-0.02811	0	0
892.50089	-0.0281	0	0
892.60089	-0.02809	0	0
892.70089	-0.02809	0	0
892.80089	-0.02808	0	0
892.90089	-0.02807	0	0
893.00089	-0.02807	0	0
893.10089	-0.02806	0	0
893.20089	-0.02805	0	0
893.30089	-0.02804	0	0
893.40089	-0.02804	0	0
893.50089	-0.02803	0	0
893.60089	-0.02802	0	0
893.70089	-0.02802	0	0
893.80089	-0.02801	0	0
893.90089	-0.028	0	0
894.00089	-0.028	0	0
894.10089	-0.02799	0	0
894.20089	-0.02798	0	0
894.30089	-0.02798	0	0
894.40089	-0.02797	0	0
894.50089	-0.02796	0	0
894.60089	-0.02796	0	0
894.70089	-0.02795	0	0
894.80089	-0.02794	0	0
894.90089	-0.02794	0	0
895.0009	-0.02793	0	0
895.1009	-0.02792	0	0
895.2009	-0.02792	0	0
895.3009	-0.02791	0	0
895.4009	-0.0279	0	0
895.5009	-0.02789	0	0
895.6009	-0.02789	0	0
895.7009	-0.02788	0	0
895.8009	-0.02787	0	0
895.9009	-0.02787	0	0
896.0009	-0.02786	0	0
896.1009	-0.02785	0	0
896.2009	-0.02785	0	0
896.3009	-0.02784	0	0
896.4009	-0.02783	0	0
896.5009	-0.02783	0	0
896.6009	-0.02782	0	0
896.7009	-0.02781	0	0
896.8009	-0.02781	0	0
896.9009	-0.0278	0	0
897.0009	-0.02779	0	0
897.1009	-0.02779	0	0
897.2009	-0.02778	0	0
897.3009	-0.02777	0	0
897.4009	-0.02777	0	0
897.5009	-0.02776	0	0
897.6009	-0.02775	0	0
897.7009	-0.02775	0	0
897.8009	-0.02774	0	0
897.9009	-0.02773	0	0
898.0009	-0.02773	0	0
898.1009	-0.02772	0	0
898.2009	-0.02771	0	0
898.3009	-0.02771	0	0
898.4009	-0.0277	0	0
898.5009	-0.0277	0	0
898.6009	-0.02769	0	0
898.7009	-0.02768	0	0
898.8009	-0.02768	0	0
898.9009	-0.02767	0	0
899.0009	-0.02766	0	0
899.1009	-0.02766	0	0
899.2009	-0.02765	0	0
899.3009	-0.02764	0	0
899.4009	-0.02764	0	0
899.5009	-0.02763	0	0
899.6009	-0.02762	0	0
899.7009	-0.02762	0	0
899.8009	-0.02761	0	0
899.9009	-0.0276	0	0
900.0009	-0.0276	0	0
900.1009	-0.02759	0	0
900.2009	-0.02759	0	0
900.3009	-0.02758	0	0
900.4009	-0.02757	0	0
900.5009	-0.02757	0	0
900.6009	-0.02756	0	0
900.7009	-0.02755	0	0
900.8009	-0.02755	0	0
900.9009	-0.02754	0	0
901.0009	-0.02753	0	0
901.1009	-0.02753	0	0
901.2009	-0.02752	0	0
901.3009	-0.02752	0	0
901.4009	-0.02751	0	0
901.5009	-0.0275	0	0
901.6009	-0.0275	0	0
901.7009	-0.02749	0	0
901.8009	-0.02748	0	0
901.9009	-0.02748	0	0
902.0009	-0.02747	0	0
902.1009	-0.02747	0	0
902.2009	-0.02746	0	0
902.3009	-0.02745	0	0
902.4009	-0.02745	0	0
902.5009	-0.02744	0	0
902.6009	-0.02743	0	0
902.7009	-0.02743	0	0
902.8009	-0.02742	0	0
902.9009	-0.02742	0	0
903.0009	-0.02741	0	0
903.1009	-0.0274	0	0
903.2009	-0.0274	0	0
903.3009	-0.02739	0	0
903.4009	-0.02739	0	0
903.5009	-0.02738	0	0
903.6009	-0.02737	0	0
903.7009	-0.02737	0	0
903.8009	-0.02736	0	0
903.9009	-0.02736	0	0
904.0009	-0.02735	0	0
904.1009	-0.02734	0	0
904.2009	-0.02734	0	0
904.3009	-0.02733	0	0
904.4009	-0.02733	0	0
904.5009	-0.02732	0	0
904.6009	-0.02731	0	0
904.7009	-0.02731	0	0
904.8009	-0.0273	0	0
904.9009	-0.0273	0	0
905.00091	-0.02729	0	0
905.10091	-0.02728	0	0
905.20091	-0.02728	0	0
905.30091	-0.02727	0	0
905.40091	-0.02727	0	0
905.50091	-0.02726	0	0
905.60091	-0.02726	0	0
905.70091	-0.02725	0	0
905.80091	-0.02724	0	0
905.90091	-0.02724	0	0
906.00091	-0.02723	0	0
906.10091	-0.02723	0	0
906.20091	-0.02722	0	0
906.30091	-0.02722	0	0
906.40091	-0.02721	0	0
906.50091	-0.0272	0	0
906.60091	-0.0272	0	0
906.70091	-0.02719	0	0
906.80091	-0.02719	0	0
906.90091	-0.02718	0	0
907.00091	-0.02718	0	0
907.10091	-0.02717	0	0
907.20091	-0.02717	0	0
907.30091	-0.02716	0	0
907.40091	-0.02715	0	0
907.50091	-0.02715	0	0
907.60091	-0.02714	0	0
907.70091	-0.02714	0	0
907.80091	-0.02713	0	0
907.90091	-0.02713	0	0
908.00091	-0.02712	0	0
908.10091	-0.02712	0	0
908.20091	-0.02711	0	0
908.30091	-0.02711	0	0
908.40091	-0.0271	0	0
908.50091	-0.02709	0	0
908.60091	-0.02709	0	0
908.70091	-0.02708	0	0
908.80091	-0.02708	0	0
908.90091	-0.02707	0	0
909.00091	-0.02707	0	0
909.10091	-0.02706	0	0
909.20091	-0.02706	0	0
909.30091	-0.02705	0	0
909.40091	-0.02705	0	0
909.50091	-0.02704	0	0
909.60091	-0.02704	0	0
909.70091	-0.02703	0	0
909.80091	-0.02703	0	0
909.90091	-0.02702	0	0
910.00091	-0.02702	0	0
910.10091	-0.02701	0	0
910.20091	-0.02701	0	0
910.30091	-0.027	0	0
910.40091	-0.027	0	0
910.50091	-0.02699	0	0
910.60091	-0.02699	0	0
910.70091	-0.02698	0	0
910.80091	-0.02698	0	0
910.90091	-0.02697	0	0
911.00091	-0.02697	0	0
911.10091	-0.02696	0	0
911.20091	-0.02696	0	0
911.30091	-0.02695	0	0
911.40091	-0.02695	0	0
911.50091	-0.02694	0	0
911.60091	-0.02694	0	0
911.70091	-0.02693	0	0
911.80091	-0.02693	0	0
911.90091	-0.02692	0	0
912.00091	-0.02692	0	0
912.10091	-0.02691	0	0
912.20091	-0.02691	0	0
912.30091	-0.0269	0	0
912.40091	-0.0269	0	0
912.50091	-0.02689	0	0
912.60091	-0.02689	0	0
912.70091	-0.02689	0	0
912.80091	-0.02688	0	0
912.90091	-0.02688	0	0
913.00091	-0.02687	0	0
913.10091	-0.02687	0	0
913.20091	-0.02686	0	0
913.30091	-0.02686	0	0
913.40091	-0.02685	0	0
913.50091	-0.02685	0	0
913.60091	-0.02684	0	0
913.70091	-0.02684	0	0
913.80091	-0.02684	0	0
913.90091	-0.02683	0	0
914.00091	-0.02683	0	0
914.10091	-0.02682	0	0
914.20091	-0.02682	0	0
914.30091	-0.02681	0	0
914.40091	-0.02681	0	0
914.50091	-0.02681	0	0
914.60091	-0.0268	0	0
914.70091	-0.0268	0	0
914.80091	-0.02679	0	0
914.90091	-0.02679	0	0
915.00092	-0.02678	0	0
915.10092	-0.02678	0	0
915.20092	-0.02678	0	0
915.30092	-0.02677	0	0
915.40092	-0.02677	0	0
915.50092	-0.02676	0	0
915.60092	-0.02676	0	0
915.70092	-0.02676	0	0
915.80092	-0.02675	0	0
915.90092	-0.02675	0	0
916.00092	-0.02674	0	0
916.10092	-0.02674	0	0
916.20092	-0.02674	0	0
916.30092	-0.02673	0	0
916.40092	-0.02673	0	0
916.50092	-0.02672	0	0
916.60092	-0.02672	0	0
916.70092	-0.02672	0	0
916.80092	-0.02671	0	0
916.90092	-0.02671	0	0
917.00092	-0.0267	0	0
917.10092	-0.0267	0	0
917.20092	-0.0267	0	0
917.30092	-0.02669	0	0
917.40092	-0.02669	0	0
917.50092	-0.02669	0	0
917.60092	-0.02668	0	0
917.70092	-0.02668	0	0
917.80092	-0.02668	0	0
917.90092	-0.02667	0	0
918.00092	-0.02667	0	0
918.10092	-0.02666	0	0
918.20092	-0.02666	0	0
918.30092	-0.02666	0	0
918.40092	-0.02665	0	0
918.50092	-0.02665	0	0
918.60092	-0.02665	0	0
918.70092	-0.02664	0	0
918.80092	-0.02664	0	0
918.90092	-0.02664	0	0
919.00092	-0.02663	0	0
919.10092	-0.02663	0	0
919.20092	-0.02663	0	0
919.30092	-0.02662	0	0
919.40092	-0.02662	0	0
919.50092	-0.02662	0	0
919.60092	-0.02661	0	0
919.70092	-0.02661	0	0
919.80092	-0.02661	0	0
919.90092	-0.0266	0	0
920.00092	-0.0266	0	0
920.10092	-0.0266	0	0
920.20092	-0.0266	0	0
920.30092	-0.02659	0	0
920.40092	-0.02659	0	0
920.50092	-0.02659	0	0
920.60092	-0.02658	0	0
920.70092	-0.02658	0	0
920.80092	-0.02658	0	0
920.90092	-0.02657	0	0
921.00092	-0.02657	0	0
921.10092	-0.02657	0	0
921.20092	-0.02657	0	0
921.30092	-0.02656	0	0
921.40092	-0.02656	0	0
921.50092	-0.02656	0	0
921.60092	-0.02655	0	0
921.70092	-0.02655	0	0
921.80092	-0.02655	0	0
921.90092	-0.02655	0	0
922.00092	-0.02654	0	0
922.10092	-0.02654	0	0
922.20092	-0.02654	0	0
922.30092	-0.02654	0	0
922.40092	-0.02653	0	0
922.50092	-0.02653	0	0
922.60092	-0.02653	0	0
922.70092	-0.02652	0	0
922.80092	-0.02652	0	0
922.90092	-0.02652	0	0
923.00092	-0.02652	0	0
923.10092	-0.02651	0	0
923.20092	-0.02651	0	0
923.30092	-0.02651	0	0
923.40092	-0.02651	0	0
923.50092	-0.02651	0	0
923.60092	-0.0265	0	0
923.70092	-0.0265	0	0
923.80092	-0.0265	0	0
923.90092	-0.0265	0	0
924.00092	-0.02649	0	0
924.10092	-0.02649	0	0
924.20092	-0.02649	0	0
924.30092	-0.02649	0	0
924.40092	-0.02648	0	0
924.50092	-0.02648	0	0
924.60092	-0.02648	0	0
924.70092	-0.02648	0	0
924.80092	-0.02648	0	0
924.90092	-0.02647	0	0
925.00093	-0.02647	0	0
925.10093	-0.02647	0	0
925.20093	-0.02647	0	0
925.30093	-0.02647	0	0
925.40093	-0.02646	0	0
925.50093	-0.02646	0	0
925.60093	-0.02646	0	0
925.70093	-0.02646	0	0
925.80093	-0.02646	0	0
925.90093	-0.02646	0	0
926.00093	-0.02645	0	0
926.10093	-0.02645	0	0
926.20093	-0.02645	0	0
926.30093	-0.02645	0	0
926.40093	-0.02645	0	0
926.50093	-0.02644	0	0
926.60093	-0.02644	0	0
926.70093	-0.02644	0	0
926.80093	-0.02644	0	0
926.90093	-0.02644	0	0
927.00093	-0.02644	0	0
927.10093	-0.02644	0	0
927.20093	-0.02643	0	0
927.30093	-0.02643	0	0
927.40093	-0.02643	0	0
927.50093	-0.02643	0	0
927.60093	-0.02643	0	0
927.70093	-0.02643	0	0
927.80093	-0.02643	0	0
927.90093	-0.02642	0	0
928.00093	-0.02642	0	0
928.10093	-0.02642	0	0
928.20093	-0.02642	0	0
928.30093	-0.02642	0	0
928.40093	-0.02642	0	0
928.50093	-0.02642	0	0
928.60093	-0.02642	0	0
928.70093	-0.02641	0	0
928.80093	-0.02641	0	0
928.90093	-0.02641	0	0
929.00093	-0.02641	0	0
929.10093	-0.02641	0	0
929.20093	-0.02641	0	0
929.30093	-0.02641	0	0
929.40093	-0.02641	0	0
929.50093	-0.02641	0	0
929.60093	-0.0264	0	0
929.70093	-0.0264	0	0
929.80093	-0.0264	0	0
929.90093	-0.0264	0	0
930.00093	-0.0264	0	0
930.10093	-0.0264	0	0
930.20093	-0.0264	0	0
930.30093	-0.0264	0	0
930.40093	-0.0264	0	0
930.50093	-0.0264	0	0
930.60093	-0.0264	0	0
930.70093	-0.0264	0	0
930.80093	-0.0264	0	0
930.90093	-0.0264	0	0
931.00093	-0.02639	0	0
931.10093	-0.02639	0	0
931.20093	-0.02639	0	0
931.30093	-0.02639	0	0
931.40093	-0.02639	0	0
931.50093	-0.02639	0	0
931.60093	-0.02639	0	0
931.70093	-0.02639	0	0
931.80093	-0.02639	0	0
931.90093	-0.02639	0	0
932.00093	-0.02639	0	0
932.10093	-0.02639	0	0
932.20093	-0.02639	0	0
932.30093	-0.02639	0	0
932.40093	-0.02639	0	0
932.50093	-0.02639	0	0
932.60093	-0.02639	0	0
932.70093	-0.02639	0	0
932.80093	-0.02639	0	0
932.90093	-0.02639	0	0
933.00093	-0.02639	0	0
933.10093	-0.02639	0	0
933.20093	-0.02639	0	0
933.30093	-0.02639	0	0
933.40093	-0.02639	0	0
933.50093	-0.02639	0	0
933.60093	-0.02639	0	0
933.70093	-0.02639	0	0
933.80093	-0.02639	0	0
933.90093	-0.02639	0	0
934.00093	-0.02639	0	0
934.10093	-0.02639	0	0
934.20093	-0.02639	0	0
934.30093	-0.02639	0	0
934.40093	-0.02639	0	0
934.50093	-0.02639	0	0
934.60093	-0.02639	0	0
934.70093	-0.02639	0	0
934.80093	-0.02639	0	0
934.90093	-0.02639	0	0
935.00094	-0.02639	0	0
935.10094	-0.02639	0	0
935.20094	-0.02639	0	0
935.30094	-0.02639	0	0
935.40094	-0.02639	0	0
935.50094	-0.02639	0	0
935.60094	-0.02639	0	0
935.70094	-0.02639	0	0
935.80094	-0.02639	0	0
935.90094	-0.02639	0	0
936.00094	-0.0264	0	0
936.10094	-0.0264	0	0
936.20094	-0.0264	0	0
936.30094	-0.0264	0	0
936.40094	-0.0264	0	0
936.50094	-0.0264	0	0
936.60094	-0.0264	0	0
936.70094	-0.0264	0	0
936.80094	-0.0264	0	0
936.90094	-0.0264	0	0
937.00094	-0.0264	0	0
937.10094	-0.0264	0	0
937.20094	-0.0264	0	0
937.30094	-0.02641	0	0
937.40094	-0.02641	0	0
937.50094	-0.02641	0	0
937.60094	-0.02641	0	0
937.70094	-0.02641	0	0
937.80094	-0.02641	0	0
937.90094	-0.02641	0	0
938.00094	-0.02641	0	0
938.10094	-0.02641	0	0
938.20094	-0.02641	0	0
938.30094	-0.02642	0	0
938.40094	-0.02642	0	0
938.50094	-0.02642	0	0
938.60094	-0.02642	0	0
938.70094	-0.02642	0	0
938.80094	-0.02642	0	0
938.90094	-0.02642	0	0
939.00094	-0.02642	0	0
939.10094	-0.02643	0	0
939.20094	-0.02643	0	0
939.30094	-0.02643	0	0
939.40094	-0.02643	0	0
939.50094	-0.02643	0	0
939.60094	-0.02643	0	0
939.70094	-0.02643	0	0
939.80094	-0.02644	0	0
939.90094	-0.02644	0	0
940.00094	-0.02644	0	0
940.10094	-0.02644	0	0
940.20094	-0.02644	0	0
940.30094	-0.02644	0	0
940.40094	-0.02644	0	0
940.50094	-0.02645	0	0
940.60094	-0.02645	0	0
940.70094	-0.02645	0	0
940.80094	-0.02645	0	0
940.90094	-0.02645	0	0
941.00094	-0.02646	0	0
941.10094	-0.02646	0	0
941.20094	-0.02646	0	0
941.30094	-0.02646	0	0
941.40094	-0.02646	0	0
941.50094	-0.02646	0	0
941.60094	-0.02647	0	0
941.70094	-0.02647	0	0
941.80094	-0.02647	0	0
941.90094	-0.02647	0	0
942.00094	-0.02647	0	0
942.10094	-0.02648	0	0
942.20094	-0.02648	0	0
942.30094	-0.02648	0	0
942.40094	-0.02648	0	0
942.50094	-0.02648	0	0
942.60094	-0.02649	0	0
942.70094	-0.02649	0	0
942.80094	-0.02649	0	0
942.90094	-0.02649	0	0
943.00094	-0.0265	0	0
943.10094	-0.0265	0	0
943.20094	-0.0265	0	0
943.30094	-0.0265	0	0
943.40094	-0.0265	0	0
943.50094	-0.02651	0	0
943.60094	-0.02651	0	0
943.70094	-0.02651	0	0
943.80094	-0.02651	0	0
943.90094	-0.02652	0	0
944.00094	-0.02652	0	0
944.10094	-0.02652	0	0
944.20094	-0.02652	0	0
944.30094	-0.02653	0	0
944.40094	-0.02653	0	0
944.50094	-0.02653	0	0
944.60094	-0.02653	0	0
944.70094	-0.02654	0	0
944.80094	-0.02654	0	0
944.90094	-0.02654	0	0
945.00095	-0.02654	0	0
945.10095	-0.02655	0	0
945.20095	-0.02655	0	0
945.30095	-0.02655	0	0
945.40095	-0.02656	0	0
945.50095	-0.02656	0	0
945.60095	-0.02656	0	0
945.70095	-0.02656	0	0
945.80095	-0.02657	0	0
945.90095	-0.02657	0	0
946.00095	-0.02657	0	0
946.10095	-0.02658	0	0
946.20095	-0.02658	0	0
946.30095	-0.02658	0	0
946.40095	-0.02658	0	0
946.50095	-0.02659	0	0
946.60095	-0.02659	0	0
946.70095	-0.02659	0	0
946.80095	-0.0266	0	0
946.90095	-0.0266	0	0
947.00095	-0.0266	0	0
947.10095	-0.02661	0	0
947.20095	-0.02661	0	0
947.30095	-0.02661	0	0
947.40095	-0.02662	0	0
947.50095	-0.02662	0	0
947.60095	-0.02662	0	0
947.70095	-0.02662	0	0
947.80095	-0.02663	0	0
947.90095	-0.02663	0	0
948.00095	-0.02663	0	0
948.10095	-0.02664	0	0
948.20095	-0.02664	0	0
948.30095	-0.02664	0	0
948.40095	-0.02665	0	0
948.50095	-0.02665	0	0
948.60095	-0.02666	0	0
948.70095	-0.02666	0	0
948.80095	-0.02666	0	0
948.90095	-0.02667	0	0
949.00095	-0.02667	0	0
949.10095	-0.02667	0	0
949.20095	-0.02668	0	0
949.30095	-0.02668	0	0
949.40095	-0.02668	0	0
949.50095	-0.02669	0	0
949.60095	-0.02669	0	0
949.70095	-0.02669	0	0
949.80095	-0.0267	0	0
949.90095	-0.0267	0	0
950.00095	-0.02671	0	0
950.10095	-0.02671	0	0
950.20095	-0.02671	0	0
950.30095	-0.02672	0	0
950.40095	-0.02672	0	0
950.50095	-0.02672	0	0
950.60095	-0.02673	0	0
950.70095	-0.02673	0	0
950.80095	-0.02674	0	0
950.90095	-0.02674	0	0
951.00095	-0.02674	0	0
951.10095	-0.02675	0	0
951.20095	-0.02675	0	0
951.30095	-0.02676	0	0
951.40095	-0.02676	0	0
951.50095	-0.02676	0	0
951.60095	-0.02677	0	0
951.70095	-0.02677	0	0
951.80095	-0.02678	0	0
951.90095	-0.02678	0	0
952.00095	-0.02678	0	0
952.10095	-0.02679	0	0
952.20095	-0.02679	0	0
952.30095	-0.0268	0	0
952.40095	-0.0268	0	0
952.50095	-0.0268	0	0
952.60095	-0.02681	0	0
952.70095	-0.02681	0	0
952.80095	-0.02682	0	0
952.90095	-0.02682	0	0
953.00095	-0.02683	0	0
953.10095	-0.02683	0	0
953.20095	-0.02683	0	0
953.30095	-0.02684	0	0
953.40095	-0.02684	0	0
953.50095	-0.02685	0	0
953.60095	-0.02685	0	0
953.70095	-0.02686	0	0
953.80095	-0.02686	0	0
953.90095	-0.02687	0	0
954.00095	-0.02687	0	0
954.10095	-0.02687	0	0
954.20095	-0.02688	0	0
954.30095	-0.02688	0	0
954.40095	-0.02689	0	0
954.50095	-0.02689	0	0
954.60095	-0.0269	0	0
954.70095	-0.0269	0	0
954.80095	-0.02691	0	0
954.90095	-0.02691	0	0
955.00096	-0.02692	0	0
955.10096	-0.02692	0	0
955.20096	-0.02692	0	0
955.30096	-0.02693	0	0
955.40096	-0.02693	0	0
955.50096	-0.02694	0	0
955.60096	-0.02694	0	0
955.70096	-0.02695	0	0
955.80096	-0.02695	0	0
955.90096	-0.02696	0	0
956.00096	-0.02696	0	0
956.10096	-0.02697	0	0
956.20096	-0.02697	0	0
956.30096	-0.02698	0	0
956.40096	-0.02698	0	0
956.50096	-0.02699	0	0
956.60096	-0.02699	0	0
956.70096	-0.027	0	0
956.80096	-0.027	0	0
956.90096	-0.02701	0	0
957.00096	-0.02701	0	0
957.10096	-0.02702	0	0
957.20096	-0.02702	0	0
957.30096	-0.02703	0	0
957.40096	-0.02703	0	0
957.50096	-0.02704	0	0
957.60096	-0.02704	0	0
957.70096	-0.02705	0	0
957.80096	-0.02705	0	0
957.90096	-0.02706	0	0
958.00096	-0.02706	0	0
958.10096	-0.02707	0	0
958.20096	-0.02707	0	0
958.30096	-0.02708	0	0
958.40096	-0.02708	0	0
958.50096	-0.02709	0	0
958.60096	-0.02709	0	0
958.70096	-0.0271	0	0
958.80096	-0.0271	0	0
958.90096	-0.02711	0	0
959.00096	-0.02711	0	0
959.10096	-0.02712	0	0
959.20096	-0.02713	0	0
959.30096	-0.02713	0	0
959.40096	-0.02714	0	0
959.50096	-0.02714	0	0
959.60096	-0.02715	0	0
959.70096	-0.02715	0	0
959.80096	-0.02716	0	0
959.90096	-0.02716	0	0
960.00096	-0.02717	0	0
960.10096	-0.02717	0	0
960.20096	-0.02718	0	0
960.30096	-0.02718	0	0
960.40096	-0.02719	0	0
960.50096	-0.0272	0	0
960.60096	-0.0272	0	0
960.70096	-0.02721	0	0
960.80096	-0.02721	0	0
960.90096	-0.02722	0	0
961.00096	-0.02722	0	0
961.10096	-0.02723	0	0
961.20096	-0.02723	0	0
961.30096	-0.02724	0	0
961.40096	-0.02725	0	0
961.50096	-0.02725	0	0
961.60096	-0.02726	0	0
961.70096	-0.02726	0	0
961.80096	-0.02727	0	0
961.90096	-0.02727	0	0
962.00096	-0.02728	0	0
962.10096	-0.02729	0	0
962.20096	-0.02729	0	0
962.30096	-0.0273	0	0
962.40096	-0.0273	0	0
962.50096	-0.02731	0	0
962.60096	-0.02731	0	0
962.70096	-0.02732	0	0
962.80096	-0.02733	0	0
962.90096	-0.02733	0	0
963.00096	-0.02734	0	0
963.10096	-0.02734	0	0
963.20096	-0.02735	0	0
963.30096	-0.02735	0	0
963.40096	-0.02736	0	0
963.50096	-0.02737	0	0
963.60096	-0.02737	0	0
963.70096	-0.02738	0	0
963.80096	-0.02738	0	0
963.90096	-0.02739	0	0
964.00096	-0.0274	0	0
964.10096	-0.0274	0	0
964.20096	-0.02741	0	0
964.30096	-0.02741	0	0
964.40096	-0.02742	0	0
964.50096	-0.02743	0	0
964.60096	-0.02743	0	0
964.70096	-0.02744	0	0
964.80096	-0.02744	0	0
964.90096	-0.02745	0	0
965.00097	-0.02746	0	0
965.10097	-0.02746	0	0
965.20097	-0.02747	0	0
965.30097	-0.02747	0	0
965.40097	-0.02748	0	0
965.50097	-0.02749	0	0
965.60097	-0.02749	0	0
965.70097	-0.0275	0	0
965.80097	-0.0275	0	0
965.90097	-0.02751	0	0
966.00097	-0.02752	0	0
966.10097	-0.02752	0	0
966.20097	-0.02753	0	0
966.30097	-0.02754	0	0
966.40097	-0.02754	0	0
966.50097	-0.02755	0	0
966.60097	-0.02755	0	0
966.70097	-0.02756	0	0
966.80097	-0.02757	0	0
966.90097	-0.02757	0	0
967.00097	-0.02758	0	0
967.10097	-0.02759	0	0
967.20097	-0.02759	0	0
967.30097	-0.0276	0	0
967.40097	-0.0276	0	0
967.50097	-0.02761	0	0
967.60097	-0.02762	0	0
967.70097	-0.02762	0	0
967.80097	-0.02763	0	0
967.90097	-0.02764	0	0
968.00097	-0.02764	0	0
968.10097	-0.02765	0	0
968.20097	-0.02765	0	0
968.30097	-0.02766	0	0
968.40097	-0.02767	0	0
968.50097	-0.02767	0	0
968.60097	-0.02768	0	0
968.70097	-0.02769	0	0
968.80097	-0.02769	0	0
968.90097	-0.0277	0	0
969.00097	-0.02771	0	0
969.10097	-0.02771	0	0
969.20097	-0.02772	0	0
969.30097	-0.02772	0	0
969.40097	-0.02773	0	0
969.50097	-0.02774	0	0
969.60097	-0.02774	0	0
969.70097	-0.02775	0	0
969.80097	-0.02776	0	0
969.90097	-0.02776	0	0
970.00097	-0.02777	0	0
970.10097	-0.02778	0	0
970.20097	-0.02778	0	0
970.30097	-0.02779	0	0
970.40097	-0.0278	0	0
970.50097	-0.0278	0	0
970.60097	-0.02781	0	0
970.70097	-0.02781	0	0
970.80097	-0.02782	0	0
970.90097	-0.02783	0	0
971.00097	-0.02783	0	0
971.10097	-0.02784	0	0
971.20097	-0.02785	0	0
971.30097	-0.02785	0	0
971.40097	-0.02786	0	0
971.50097	-0.02787	0	0
971.60097	-0.02787	0	0
971.70097	-0.02788	0	0
971.80097	-0.02789	0	0
971.90097	-0.02789	0	0
972.00097	-0.0279	0	0
972.10097	-0.02791	0	0
972.20097	-0.02791	0	0
972.30097	-0.02792	0	0
972.40097	-0.02793	0	0
972.50097	-0.02793	0	0
972.60097	-0.02794	0	0
972.70097	-0.02795	0	0
972.80097	-0.02795	0	0
972.90097	-0.02796	0	0
973.00097	-0.02797	0	0
973.10097	-0.02797	0	0
973.20097	-0.02798	0	0
973.30097	-0.02799	0	0
973.40097	-0.02799	0	0
973.50097	-0.028	0	0
973.60097	-0.02801	0	0
973.70097	-0.02801	0	0
973.80097	-0.02802	0	0
973.90097	-0.02803	0	0
974.00097	-0.02803	0	0
974.10097	-0.02804	0	0
974.20097	-0.02805	0	0
974.30097	-0.02805	0	0
974.40097	-0.02806	0	0
974.50097	-0.02806	0	0
974.60097	-0.02807	0	0
974.70097	-0.02808	0	0
974.80097	-0.02808	0	0
974.90097	-0.02809	0	0
975.00098	-0.0281	0	0
975.10098	-0.0281	0	0
975.20098	-0.02811	0	0
975.30098	-0.02812	0	0
975.40098	-0.02812	0	0
975.50098	-0.02813	0	0
975.60098	-0.02814	0	0
975.70098	-0.02814	0	0
975.80098	-0.02815	0	0
975.90098	-0.02816	0	0
976.00098	-0.02816	0	0
976.10098	-0.02817	0	0
976.20098	-0.02818	0	0
976.30098	-0.02818	0	0
976.40098	-0.02819	0	0
976.50098	-0.0282	0	0
976.60098	-0.0282	0	0
976.70098	-0.02821	0	0
976.80098	-0.02822	0	0
976.90098	-0.02822	0	0
977.00098	-0.02823	0	0
977.10098	-0.02824	0	0
977.20098	-0.02824	0	0
977.30098	-0.02825	0	0
977.40098	-0.02826	0	0
977.50098	-0.02826	0	0
977.60098	-0.02827	0	0
977.70098	-0.02828	0	0
977.80098	-0.02828	0	0
977.90098	-0.02829	0	0
978.00098	-0.0283	0	0
978.10098	-0.0283	0	0
978.20098	-0.02831	0	0
978.30098	-0.02832	0	0
978.40098	-0.02832	0	0
978.50098	-0.02833	0	0
978.60098	-0.02834	0	0
978.70098	-0.02834	0	0
978.80098	-0.02835	0	0
978.90098	-0.02836	0	0
979.00098	-0.02836	0	0
979.10098	-0.02837	0	0
979.20098	-0.02838	0	0
979.30098	-0.02838	0	0
979.40098	-0.02839	0	0
979.50098	-0.0284	0	0
979.60098	-0.0284	0	0
979.70098	-0.02841	0	0
979.80098	-0.02842	0	0
979.90098	-0.02842	0	0
980.00098	-0.02843	0	0
980.10098	-0.02844	0	0
980.20098	-0.02844	0	0
980.30098	-0.02845	0	0
980.40098	-0.02846	0	0
980.50098	-0.02846	0	0
980.60098	-0.02847	0	0
980.70098	-0.02848	0	0
980.80098	-0.02848	0	0
980.90098	-0.02849	0	0
981.00098	-0.0285	0	0
981.10098	-0.0285	0	0
981.20098	-0.02851	0	0
981.30098	-0.02852	0	0
981.40098	-0.02852	0	0
981.50098	-0.02853	0	0
981.60098	-0.02854	0	0
981.70098	-0.02854	0	0
981.80098	-0.02855	0	0
981.90098	-0.02856	0	0
982.00098	-0.02856	0	0
982.10098	-0.02857	0	0
982.20098	-0.02858	0	0
982.30098	-0.02858	0	0
982.40098	-0.02859	0	0
982.50098	-0.02859	0	0
982.60098	-0.0286	0	0
982.70098	-0.02861	0	0
982.80098	-0.02861	0	0
982.90098	-0.02862	0	0
983.00098	-0.02863	0	0
983.10098	-0.02863	0	0
983.20098	-0.02864	0	0
983.30098	-0.02865	0	0
983.40098	-0.02865	0	0
983.50098	-0.02866	0	0
983.60098	-0.02867	0	0
983.70098	-0.02867	0	0
983.80098	-0.02868	0	0
983.90098	-0.02869	0	0
984.00098	-0.02869	0	0
984.10098	-0.0287	0	0
984.20098	-0.0287	0	0
984.30098	-0.02871	0	0
984.40098	-0.02872	0	0
984.50098	-0.02872	0	0
984.60098	-0.02873	0	0
984.70098	-0.02874	0	0
984.80098	-0.02874	0	0
984.90098	-0.02875	0	0
985.00099	-0.02876	0	0
985.10099	-0.02876	0	0
985.20099	-0.02877	0	0
985.30099	-0.02877	0	0
985.40099	-0.02878	0	0
985.50099	-0.02879	0	0
985.60099	-0.02879	0	0
985.70099	-0.0288	0	0
985.80099	-0.02881	0	0
985.90099	-0.02881	0	0
986.00099	-0.02882	0	0
986.10099	-0.02882	0	0
986.20099	-0.02883	0	0
986.30099	-0.02884	0	0
986.40099	-0.02884	0	0
986.50099	-0.02885	0	0
986.60099	-0.02886	0	0
986.70099	-0.02886	0	0
986.80099	-0.02887	0	0
986.90099	-0.02887	0	0
987.00099	-0.02888	0	0
987.10099	-0.02889	0	0
987.20099	-0.02889	0	0
987.30099	-0.0289	0	0
987.40099	-0.0289	0	0
987.50099	-0.02891	0	0
987.60099	-0.02892	0	0
987.70099	-0.02892	0	0
987.80099	-0.02893	0	0
987.90099	-0.02893	0	0
988.00099	-0.02894	0	0
988.10099	-0.02895	0	0
988.20099	-0.02895	0	0
988.30099	-0.02896	0	0
988.40099	-0.02896	0	0
988.50099	-0.02897	0	0
988.60099	-0.02898	0	0
988.70099	-0.02898	0	0
988.80099	-0.02899	0	0
988.90099	-0.02899	0	0
989.00099	-0.029	0	0
989.10099	-0.02901	0	0
989.20099	-0.02901	0	0
989.30099	-0.02902	0	0
989.40099	-0.02902	0	0
989.50099	-0.02903	0	0
989.60099	-0.02904	0	0
989.70099	-0.02904	0	0
989.80099	-0.02905	0	0
989.90099	-0.02905	0	0
990.00099	-0.02906	0	0
990.10099	-0.02906	0	0
990.20099	-0.02907	0	0
990.30099	-0.02908	0	0
990.40099	-0.02908	0	0
990.50099	-0.02909	0	0
990.60099	-0.02909	0	0
990.70099	-0.0291	0	0
990.80099	-0.0291	0	0
990.90099	-0.02911	0	0
991.00099	-0.02912	0	0
991.10099	-0.02912	0	0
991.20099	-0.02913	0	0
991.30099	-0.02913	0	0
991.40099	-0.02914	0	0
991.50099	-0.02914	0	0
991.60099	-0.02915	0	0
991.70099	-0.02916	0	0
991.80099	-0.02916	0	0
991.90099	-0.02917	0	0
992.00099	-0.02917	0	0
992.10099	-0.02918	0	0
992.20099	-0.02918	0	0
992.30099	-0.02919	0	0
992.40099	-0.02919	0	0
992.50099	-0.0292	0	0
992.60099	-0.0292	0	0
992.70099	-0.02921	0	0
992.80099	-0.02922	0	0
992.90099	-0.02922	0	0
993.00099	-0.02923	0	0
993.10099	-0.02923	0	0
993.20099	-0.02924	0	0
993.30099	-0.02924	0	0
993.40099	-0.02925	0	0
993.50099	-0.02925	0	0
993.60099	-0.02926	0	0
993.70099	-0.02926	0	0
993.80099	-0.02927	0	0
993.90099	-0.02927	0	0
994.00099	-0.02928	0	0
994.10099	-0.02928	0	0
994.20099	-0.02929	0	0
994.30099	-0.02929	0	0
994.40099	-0.0293	0	0
994.50099	-0.0293	0	0
994.60099	-0.02931	0	0
994.70099	-0.02931	0	0
994.80099	-0.02932	0	0
994.90099	-0.02932	0	0
995.001	-0.02933	0	0
995.101	-0.02933	0	0
995.201	-0.02934	0	0
995.301	-0.02934	0	0
995.401	-0.02935	0	0
995.501	-0.02935	0	0
995.601	-0.02936	0	0
995.701	-0.02936	0	0
995.801	-0.02937	0	0
995.901	-0.02937	0	0
996.001	-0.02938	0	0
996.101	-0.02938	0	0
996.201	-0.02939	0	0
996.301	-0.02939	0	0
996.401	-0.0294	0	0
996.501	-0.0294	0	0
996.601	-0.02941	0	0
996.701	-0.02941	0	0
996.801	-0.02942	0	0
996.901	-0.02942	0	0
997.001	-0.02942	0	0
997.101	-0.02943	0	0
997.201	-0.02943	0	0
997.301	-0.02944	0	0
997.401	-0.02944	0	0
997.501	-0.02945	0	0
997.601	-0.02945	0	0
997.701	-0.02946	0	0
997.801	-0.02946	0	0
997.901	-0.02947	0	0
998.001	-0.02947	0	0
998.101	-0.02947	0	0
998.201	-0.02948	0	0
998.301	-0.02948	0	0
998.401	-0.02949	0	0
998.501	-0.02949	0	0
998.601	-0.0295	0	0
998.701	-0.0295	0	0
998.801	-0.0295	0	0
998.901	-0.02951	0	0
999.001	-0.02951	0	0
999.101	-0.02952	0	0
999.201	-0.02952	0	0
999.301	-0.02952	0	0
999.401	-0.02953	0	0
999.501	-0.02953	0	0
999.601	-0.02954	0	0
999.701	-0.02954	0	0
999.801	-0.02954	0	0
999.901	-0.02955	0	0
1000.001	-0.02955	0	0
1000.101	-0.02956	0	0
1000.201	-0.02956	0	0
1000.301	-0.02956	0	0
1000.401	-0.02957	0	0
1000.501	-0.02957	0	0
1000.601	-0.02958	0	0
1000.701	-0.02958	0	0
1000.801	-0.02958	0	0
1000.901	-0.02959	0	0
1001.001	-0.02959	0	0
1001.101	-0.02959	0	0
1001.201	-0.0296	0	0
1001.301	-0.0296	0	0
1001.401	-0.0296	0	0
1001.501	-0.02961	0	0
1001.601	-0.02961	0	0
1001.701	-0.02962	0	0
1001.801	-0.02962	0	0
1001.901	-0.02962	0	0
1002.001	-0.02963	0	0
1002.101	-0.02963	0	0
1002.201	-0.02963	0	0
1002.301	-0.02964	0	0
1002.401	-0.02964	0	0
1002.501	-0.02964	0	0
1002.601	-0.02965	0	0
1002.701	-0.02965	0	0
1002.801	-0.02965	0	0
1002.901	-0.02966	0	0
1003.001	-0.02966	0	0
1003.101	-0.02966	0	0
1003.201	-0.02966	0	0
1003.301	-0.02967	0	0
1003.401	-0.02967	0	0
1003.501	-0.02967	0	0
1003.601	-0.02968	0	0
1003.701	-0.02968	0	0
1003.801	-0.02968	0	0
1003.901	-0.02969	0	0
1004.001	-0.02969	0	0
1004.101	-0.02969	0	0
1004.201	-0.02969	0	0
1004.301	-0.0297	0	0
1004.401	-0.0297	0	0
1004.501	-0.0297	0	0
1004.601	-0.02971	0	0
1004.701	-0.02971	0	0
1004.801	-0.02971	0	0
1004.901	-0.02971	0	0
1005.00101	-0.02972	0	0
1005.10101	-0.02972	0	0
1005.20101	-0.02972	0	0
1005.30101	-0.02972	0	0
1005.40101	-0.02973	0	0
1005.50101	-0.02973	0	0
1005.60101	-0.02973	0	0
1005.70101	-0.02973	0	0
1005.80101	-0.02974	0	0
1005.90101	-0.02974	0	0
1006.00101	-0.02974	0	0
1006.10101	-0.02974	0	0
1006.20101	-0.02975	0	0
1006.30101	-0.02975	0	0
1006.40101	-0.02975	0	0
1006.50101	-0.02975	0	0
1006.60101	-0.02975	0	0
1006.70101	-0.02976	0	0
1006.80101	-0.02976	0	0
1006.90101	-0.02976	0	0
1007.00101	-0.02976	0	0
1007.10101	-0.02976	0	0
1007.20101	-0.02977	0	0
1007.30101	-0.02977	0	0
1007.40101	-0.02977	0	0
1007.50101	-0.02977	0	0
1007.60101	-0.02977	0	0
1007.70101	-0.02978	0	0
1007.80101	-0.02978	0	0
1007.90101	-0.02978	0	0
1008.00101	-0.02978	0	0
1008.10101	-0.02978	0	0
1008.20101	-0.02978	0	0
1008.30101	-0.02979	0	0
1008.40101	-0.02979	0	0
1008.50101	-0.02979	0	0
1008.60101	-0.02979	0	0
1008.70101	-0.02979	0	0
1008.80101	-0.02979	0	0
1008.90101	-0.02979	0	0
1009.00101	-0.0298	0	0
1009.10101	-0.0298	0	0
1009.20101	-0.0298	0	0
1009.30101	-0.0298	0	0
1009.40101	-0.0298	0	0
1009.50101	-0.0298	0	0
1009.60101	-0.0298	0	0
1009.70101	-0.0298	0	0
1009.80101	-0.02981	0	0
1009.90101	-0.02981	0	0
1010.00101	-0.02981	0	0
1010.10101	-0.02981	0	0
1010.20101	-0.02981	0	0
1010.30101	-0.02981	0	0
1010.40101	-0.02981	0	0
1010.50101	-0.02981	0	0
1010.60101	-0.02981	0	0
1010.70101	-0.02981	0	0
1010.80101	-0.02981	0	0
1010.90101	-0.02982	0	0
1011.00101	-0.02982	0	0
1011.10101	-0.02982	0	0
1011.20101	-0.02982	0	0
1011.30101	-0.02982	0	0
1011.40101	-0.02982	0	0
1011.50101	-0.02982	0	0
1011.60101	-0.02982	0	0
1011.70101	-0.02982	0	0
1011.80101	-0.02982	0	0
1011.90101	-0.02982	0	0
1012.00101	-0.02982	0	0
1012.10101	-0.02982	0	0
1012.20101	-0.02982	0	0
1012.30101	-0.02982	0	0
1012.40101	-0.02982	0	0
1012.50101	-0.02982	0	0
1012.60101	-0.02982	0	0
1012.70101	-0.02982	0	0
1012.80101	-0.02982	0	0
1012.90101	-0.02982	0	0
1013.00101	-0.02982	0	0
1013.10101	-0.02982	0	0
1013.20101	-0.02982	0	0
1013.30101	-0.02982	0	0
1013.40101	-0.02982	0	0
1013.50101	-0.02982	0	0
1013.60101	-0.02982	0	0
1013.70101	-0.02982	0	0
1013.80101	-0.02982	0	0
1013.90101	-0.02982	0	0
1014.00101	-0.02982	0	0
1014.10101	-0.02982	0	0
1014.20101	-0.02982	0	0
1014.30101	-0.02982	0	0
1014.40101	-0.02982	0	0
1014.50101	-0.02982	0	0
1014.60101	-0.02982	0	0
1014.70101	-0.02982	0	0
1014.80101	-0.02982	0	0
1014.90101	-0.02981	0	0
1015.00102	-0.02981	0	0
1015.10102	-0.02981	0	0
1015.20102	-0.02981	0	0
1015.30102	-0.02981	0	0
1015.40102	-0.02981	0	0
1015.50102	-0.02981	0	0
1015.60102	-0.02981	0	0
1015.70102	-0.02981	0	0
1015.80102	-0.02981	0	0
1015.90102	-0.02981	0	0
1016.00102	-0.0298	0	0
1016.10102	-0.0298	0	0
1016.20102	-0.0298	0	0
1016.30102	-0.0298	0	0
1016.40102	-0.0298	0	0
1016.50102	-0.0298	0	0
1016.60102	-0.0298	0	0
1016.70102	-0.02979	0	0
1016.80102	-0.02979	0	0
1016.90102	-0.02979	0	0
1017.00102	-0.02979	0	0
1017.10102	-0.02979	0	0
1017.20102	-0.02979	0	0
1017.30102	-0.02979	0	0
1017.40102	-0.02978	0	0
1017.50102	-0.02978	0	0
1017.60102	-0.02978	0	0
1017.70102	-0.02978	0	0
1017.80102	-0.02978	0	0
1017.90102	-0.02977	0	0
1018.00102	-0.02977	0	0
1018.10102	-0.02977	0	0
1018.20102	-0.02977	0	0
1018.30102	-0.02977	0	0
1018.40102	-0.02976	0	0
1018.50102	-0.02976	0	0
1018.60102	-0.02976	0	0
1018.70102	-0.02976	0	0
1018.80102	-0.02976	0	0
1018.90102	-0.02975	0	0
1019.00102	-0.02975	0	0
1019.10102	-0.02975	0	0
1019.20102	-0.02975	0	0
1019.30102	-0.02974	0	0
1019.40102	-0.02974	0	0
1019.50102	-0.02974	0	0
1019.60102	-0.02974	0	0
1019.70102	-0.02973	0	0
1019.80102	-0.02973	0	0
1019.90102	-0.02973	0	0
1020.00102	-0.02972	0	0
1020.10102	-0.02972	0	0
1020.20102	-0.02972	0	0
1020.30102	-0.02972	0	0
1020.40102	-0.02971	0	0
1020.50102	-0.02971	0	0
1020.60102	-0.02971	0	0
1020.70102	-0.0297	0	0
1020.80102	-0.0297	0	0
1020.90102	-0.0297	0	0
1021.00102	-0.02969	0	0
1021.10102	-0.02969	0	0
1021.20102	-0.02969	0	0
1021.30102	-0.02968	0	0
1021.40102	-0.02968	0	0
1021.50102	-0.02968	0	0
1021.60102	-0.02967	0	0
1021.70102	-0.02967	0	0
1021.80102	-0.02967	0	0
1021.90102	-0.02966	0	0
1022.00102	-0.02966	0	0
1022.10102	-0.02966	0	0
1022.20102	-0.02965	0	0
1022.30102	-0.02965	0	0
1022.40102	-0.02964	0	0
1022.50102	-0.02964	0	0
1022.60102	-0.02964	0	0
1022.70102	-0.02963	0	0
1022.80102	-0.02963	0	0
1022.90102	-0.02962	0	0
1023.00102	-0.02962	0	0
1023.10102	-0.02962	0	0
1023.20102	-0.02961	0	0
1023.30102	-0.02961	0	0
1023.40102	-0.0296	0	0
1023.50102	-0.0296	0	0
1023.60102	-0.02959	0	0
1023.70102	-0.02959	0	0
1023.80102	-0.02959	0	0
1023.90102	-0.02958	0	0
1024.00102	-0.02958	0	0
1024.10102	-0.02957	0	0
1024.20102	-0.02957	0	0
1024.30102	-0.02956	0	0
1024.40102	-0.02956	0	0
1024.50102	-0.02955	0	0
1024.60102	-0.02955	0	0
1024.70102	-0.02954	0	0
1024.80102	-0.02954	0	0
1024.90102	-0.02953	0	0
1025.00103	-0.02953	0	0
1025.10103	-0.02952	0	0
1025.20103	-0.02952	0	0
1025.30103	-0.02951	0	0
1025.40103	-0.02951	0	0
1025.50103	-0.0295	0	0
1025.60103	-0.0295	0	0
1025.70103	-0.02949	0	0
1025.80103	-0.02949	0	0
1025.90103	-0.02948	0	0
1026.00103	-0.02948	0	0
1026.10103	-0.02947	0	0
1026.20103	-0.02946	0	0
1026.30103	-0.02946	0	0
1026.40103	-0.02945	0	0
1026.50103	-0.02945	0	0
1026.60103	-0.02944	0	0
1026.70103	-0.02944	0	0
1026.80103	-0.02943	0	0
1026.90103	-0.02942	0	0
1027.00103	-0.02942	0	0
1027.10103	-0.02941	0	0
1027.20103	-0.02941	0	0
1027.30103	-0.0294	0	0
1027.40103	-0.02939	0	0
1027.50103	-0.02939	0	0
1027.60103	-0.02938	0	0
1027.70103	-0.02937	0	0
1027.80103	-0.02937	0	0
1027.90103	-0.02936	0	0
1028.00103	-0.02936	0	0
1028.10103	-0.02935	0	0
1028.20103	-0.02934	0	0
1028.30103	-0.02934	0	0
1028.40103	-0.02933	0	0
1028.50103	-0.02932	0	0
1028.60103	-0.02932	0	0
1028.70103	-0.02931	0	0
1028.80103	-0.0293	0	0
1028.90103	-0.02929	0	0
1029.00103	-0.02929	0	0
1029.10103	-0.02928	0	0
1029.20103	-0.02927	0	0
1029.30103	-0.02927	0	0
1029.40103	-0.02926	0	0
1029.50103	-0.02925	0	0
1029.60103	-0.02925	0	0
1029.70103	-0.02924	0	0
1029.80103	-0.02923	0	0
1029.90103	-0.02922	0	0
1030.00103	-0.02922	0	0
1030.10103	-0.02921	0	0
1030.20103	-0.0292	0	0
1030.30103	-0.02919	0	0
1030.40103	-0.02919	0	0
1030.50103	-0.02918	0	0
1030.60103	-0.02917	0	0
1030.70103	-0.02916	0	0
1030.80103	-0.02915	0	0
1030.90103	-0.02915	0	0
1031.00103	-0.02914	0	0
1031.10103	-0.02913	0	0
1031.20103	-0.02912	0	0
1031.30103	-0.02911	0	0
1031.40103	-0.02911	0	0
1031.50103	-0.0291	0	0
1031.60103	-0.02909	0	0
1031.70103	-0.02908	0	0
1031.80103	-0.02907	0	0
1031.90103	-0.02906	0	0
1032.00103	-0.02906	0	0
1032.10103	-0.02905	0	0
1032.20103	-0.02904	0	0
1032.30103	-0.02903	0	0
1032.40103	-0.02902	0	0
1032.50103	-0.02901	0	0
1032.60103	-0.029	0	0
1032.70103	-0.029	0	0
1032.80103	-0.02899	0	0
1032.90103	-0.02898	0	0
1033.00103	-0.02897	0	0
1033.10103	-0.02896	0	0
1033.20103	-0.02895	0	0
1033.30103	-0.02894	0	0
1033.40103	-0.02893	0	0
1033.50103	-0.02892	0	0
1033.60103	-0.02891	0	0
1033.70103	-0.0289	0	0
1033.80103	-0.02889	0	0
1033.90103	-0.02889	0	0
1034.00103	-0.02888	0	0
1034.10103	-0.02887	0	0
1034.20103	-0.02886	0	0
1034.30103	-0.02885	0	0
1034.40103	-0.02884	0	0
1034.50103	-0.02883	0	0
1034.60103	-0.02882	0	0
1034.70103	-0.02881	0	0
1034.80103	-0.0288	0	0
1034.90103	-0.02879	0	0
1035.00104	-0.02878	0	0
1035.10104	-0.02877	0	0
1035.20104	-0.02876	0	0
1035.30104	-0.02875	0	0
1035.40104	-0.02874	0	0
1035.50104	-0.02873	0	0
1035.60104	-0.02872	0	0
1035.70104	-0.02871	0	0
1035.80104	-0.0287	0	0
1035.90104	-0.02869	0	0
1036.00104	-0.02868	0	0
1036.10104	-0.02866	0	0
1036.20104	-0.02865	0	0
1036.30104	-0.02864	0	0
1036.40104	-0.02863	0	0
1036.50104	-0.02862	0	0
1036.60104	-0.02861	0	0
1036.70104	-0.0286	0	0
1036.80104	-0.02859	0	0
1036.90104	-0.02858	0	0
1037.00104	-0.02857	0	0
1037.10104	-0.02856	0	0
1037.20104	-0.02854	0	0
1037.30104	-0.02853	0	0
1037.40104	-0.02852	0	0
1037.50104	-0.02851	0	0
1037.60104	-0.0285	0	0
1037.70104	-0.02849	0	0
1037.80104	-0.02848	0	0
1037.90104	-0.02846	0	0
1038.00104	-0.02845	0	0
1038.10104	-0.02844	0	0
1038.20104	-0.02843	0	0
1038.30104	-0.02842	0	0
1038.40104	-0.02841	0	0
1038.50104	-0.02839	0	0
1038.60104	-0.02838	0	0
1038.70104	-0.02837	0	0
1038.80104	-0.02836	0	0
1038.90104	-0.02835	0	0
1039.00104	-0.02833	0	0
1039.10104	-0.02832	0	0
1039.20104	-0.02831	0	0
1039.30104	-0.0283	0	0
1039.40104	-0.02828	0	0
1039.50104	-0.02827	0	0
1039.60104	-0.02826	0	0
1039.70104	-0.02825	0	0
1039.80104	-0.02823	0	0
1039.90104	-0.02822	0	0
1040.00104	-0.02821	0	0
1040.10104	-0.0282	0	0
1040.20104	-0.02818	0	0
1040.30104	-0.02817	0	0
1040.40104	-0.02816	0	0
1040.50104	-0.02814	0	0
1040.60104	-0.02813	0	0
1040.70104	-0.02812	0	0
1040.80104	-0.02811	0	0
1040.90104	-0.02809	0	0
1041.00104	-0.02808	0	0
1041.10104	-0.02807	0	0
1041.20104	-0.02805	0	0
1041.30104	-0.02804	0	0
1041.40104	-0.02803	0	0
1041.50104	-0.02801	0	0
1041.60104	-0.028	0	0
1041.70104	-0.02798	0	0
1041.80104	-0.02797	0	0
1041.90104	-0.02796	0	0
1042.00104	-0.02794	0	0
1042.10104	-0.02793	0	0
1042.20104	-0.02792	0	0
1042.30104	-0.0279	0	0
1042.40104	-0.02789	0	0
1042.50104	-0.02787	0	0
1042.60104	-0.02786	0	0
1042.70104	-0.02784	0	0
1042.80104	-0.02783	0	0
1042.90104	-0.02782	0	0
1043.00104	-0.0278	0	0
1043.10104	-0.02779	0	0
1043.20104	-0.02777	0	0
1043.30104	-0.02776	0	0
1043.40104	-0.02774	0	0
1043.50104	-0.02773	0	0
1043.60104	-0.02771	0	0
1043.70104	-0.0277	0	0
1043.80104	-0.02768	0	0
1043.90104	-0.02767	0	0
1044.00104	-0.02766	0	0
1044.10104	-0.02764	0	0
1044.20104	-0.02763	0	0
1044.30104	-0.02761	0	0
1044.40104	-0.02759	0	0
1044.50104	-0.02758	0	0
1044.60104	-0.02756	0	0
1044.70104	-0.02755	0	0
1044.80104	-0.02753	0	0
1044.90104	-0.02752	0	0
1045.00105	-0.0275	0	0
1045.10105	-0.02749	0	0
1045.20105	-0.02747	0	0
1045.30105	-0.02746	0	0
1045.40105	-0.02744	0	0
1045.50105	-0.02742	0	0
1045.60105	-0.02741	0	0
1045.70105	-0.02739	0	0
1045.80105	-0.02738	0	0
1045.90105	-0.02736	0	0
1046.00105	-0.02734	0	0
1046.10105	-0.02733	0	0
1046.20105	-0.02731	0	0
1046.30105	-0.0273	0	0
1046.40105	-0.02728	0	0
1046.50105	-0.02726	0	0
1046.60105	-0.02725	0	0
1046.70105	-0.02723	0	0
1046.80105	-0.02721	0	0
1046.90105	-0.0272	0	0
1047.00105	-0.02718	0	0
1047.10105	-0.02716	0	0
1047.20105	-0.02715	0	0
1047.30105	-0.02713	0	0
1047.40105	-0.02711	0	0
1047.50105	-0.0271	0	0
1047.60105	-0.02708	0	0
1047.70105	-0.02706	0	0
1047.80105	-0.02705	0	0
1047.90105	-0.02703	0	0
1048.00105	-0.02701	0	0
1048.10105	-0.02699	0	0
1048.20105	-0.02698	0	0
1048.30105	-0.02696	0	0
1048.40105	-0.02694	0	0
1048.50105	-0.02692	0	0
1048.60105	-0.02691	0	0
1048.70105	-0.02689	0	0
1048.80105	-0.02687	0	0
1048.90105	-0.02685	0	0
1049.00105	-0.02684	0	0
1049.10105	-0.02682	0	0
1049.20105	-0.0268	0	0
1049.30105	-0.02678	0	0
1049.40105	-0.02676	0	0
1049.50105	-0.02675	0	0
1049.60105	-0.02673	0	0
1049.70105	-0.02671	0	0
1049.80105	-0.02669	0	0
1049.90105	-0.02667	0	0
1050.00105	-0.02666	0	0
1050.10105	-0.02664	0	0
1050.20105	-0.02662	0	0
1050.30105	-0.0266	0	0
1050.40105	-0.02658	0	0
1050.50105	-0.02656	0	0
1050.60105	-0.02654	0	0
1050.70105	-0.02653	0	0
1050.80105	-0.02651	0	0
1050.90105	-0.02649	0	0
1051.00105	-0.02647	0	0
1051.10105	-0.02645	0	0
1051.20105	-0.02643	0	0
1051.30105	-0.02641	0	0
1051.40105	-0.02639	0	0
1051.50105	-0.02637	0	0
1051.60105	-0.02635	0	0
1051.70105	-0.02633	0	0
1051.80105	-0.02632	0	0
1051.90105	-0.0263	0	0
1052.00105	-0.02628	0	0
1052.10105	-0.02626	0	0
1052.20105	-0.02624	0	0
1052.30105	-0.02622	0	0
1052.40105	-0.0262	0	0
1052.50105	-0.02618	0	0
1052.60105	-0.02616	0	0
1052.70105	-0.02614	0	0
1052.80105	-0.02612	0	0
1052.90105	-0.0261	0	0
1053.00105	-0.02608	0	0
1053.10105	-0.02606	0	0
1053.20105	-0.02604	0	0
1053.30105	-0.02602	0	0
1053.40105	-0.026	0	0
1053.50105	-0.02598	0	0
1053.60105	-0.02596	0	0
1053.70105	-0.02594	0	0
1053.80105	-0.02592	0	0
1053.90105	-0.02589	0	0
1054.00105	-0.02587	0	0
1054.10105	-0.02585	0	0
1054.20105	-0.02583	0	0
1054.30105	-0.02581	0	0
1054.40105	-0.02579	0	0
1054.50105	-0.02577	0	0
1054.60105	-0.02575	0	0
1054.70105	-0.02573	0	0
1054.80105	-0.02571	0	0
1054.90105	-0.02569	0	0
1055.00106	-0.02566	0	0
1055.10106	-0.02564	0	0
1055.20106	-0.02562	0	0
1055.30106	-0.0256	0	0
1055.40106	-0.02558	0	0
1055.50106	-0.02556	0	0
1055.60106	-0.02554	0	0
1055.70106	-0.02551	0	0
1055.80106	-0.02549	0	0
1055.90106	-0.02547	0	0
1056.00106	-0.02545	0	0
1056.10106	-0.02543	0	0
1056.20106	-0.02541	0	0
1056.30106	-0.02538	0	0
1056.40106	-0.02536	0	0
1056.50106	-0.02534	0	0
1056.60106	-0.02532	0	0
1056.70106	-0.02529	0	0
1056.80106	-0.02527	0	0
1056.90106	-0.02525	0	0
1057.00106	-0.02523	0	0
1057.10106	-0.02521	0	0
1057.20106	-0.02518	0	0
1057.30106	-0.02516	0	0
1057.40106	-0.02514	0	0
1057.50106	-0.02512	0	0
1057.60106	-0.02509	0	0
1057.70106	-0.02507	0	0
1057.80106	-0.02505	0	0
1057.90106	-0.02502	0	0
1058.00106	-0.025	0	0
1058.10106	-0.02498	0	0
1058.20106	-0.02495	0	0
1058.30106	-0.02493	0	0
1058.40106	-0.02491	0	0
1058.50106	-0.02489	0	0
1058.60106	-0.02486	0	0
1058.70106	-0.02484	0	0
1058.80106	-0.02482	0	0
1058.90106	-0.02479	0	0
1059.00106	-0.02477	0	0
1059.10106	-0.02474	0	0
1059.20106	-0.02472	0	0
1059.30106	-0.0247	0	0
1059.40106	-0.02467	0	0
1059.50106	-0.02465	0	0
1059.60106	-0.02463	0	0
1059.70106	-0.0246	0	0
1059.80106	-0.02458	0	0
1059.90106	-0.02455	0	0
1060.00106	-0.02453	0	0
1060.10106	-0.02451	0	0
1060.20106	-0.02448	0	0
1060.30106	-0.02446	0	0
1060.40106	-0.02443	0	0
1060.50106	-0.02441	0	0
1060.60106	-0.02438	0	0
1060.70106	-0.02436	0	0
1060.80106	-0.02434	0	0
1060.90106	-0.02431	0	0
1061.00106	-0.02429	0	0
1061.10106	-0.02426	0	0
1061.20106	-0.02424	0	0
1061.30106	-0.02421	0	0
1061.40106	-0.02419	0	0
1061.50106	-0.02416	0	0
1061.60106	-0.02414	0	0
1061.70106	-0.02411	0	0
1061.80106	-0.02409	0	0
1061.90106	-0.02406	0	0
1062.00106	-0.02404	0	0
1062.10106	-0.02401	0	0
1062.20106	-0.02399	0	0
1062.30106	-0.02396	0	0
1062.40106	-0.02393	0	0
1062.50106	-0.02391	0	0
1062.60106	-0.02388	0	0
1062.70106	-0.02386	0	0
1062.80106	-0.02383	0	0
1062.90106	-0.02381	0	0
1063.00106	-0.02378	0	0
1063.10106	-0.02375	0	0
1063.20106	-0.02373	0	0
1063.30106	-0.0237	0	0
1063.40106	-0.02368	0	0
1063.50106	-0.02365	0	0
1063.60106	-0.02362	0	0
1063.70106	-0.0236	0	0
1063.80106	-0.02357	0	0
1063.90106	-0.02355	0	0
1064.00106	-0.02352	0	0
1064.10106	-0.02349	0	0
1064.20106	-0.02347	0	0
1064.30106	-0.02344	0	0
1064.40106	-0.02341	0	0
1064.50106	-0.02339	0	0
1064.60106	-0.02336	0	0
1064.70106	-0.02333	0	0
1064.80106	-0.02331	0	0
1064.90106	-0.02328	0	0
1065.00107	-0.02325	0	0
1065.10107	-0.02323	0	0
1065.20107	-0.0232	0	0
1065.30107	-0.02317	0	0
1065.40107	-0.02314	0	0
1065.50107	-0.02312	0	0
1065.60107	-0.02309	0	0
1065.70107	-0.02306	0	0
1065.80107	-0.02304	0	0
1065.90107	-0.02301	0	0
1066.00107	-0.02298	0	0
1066.10107	-0.02295	0	0
1066.20107	-0.02293	0	0
1066.30107	-0.0229	0	0
1066.40107	-0.02287	0	0
1066.50107	-0.02284	0	0
1066.60107	-0.02281	0	0
1066.70107	-0.02279	0	0
1066.80107	-0.02276	0	0
1066.90107	-0.02273	0	0
1067.00107	-0.0227	0	0
1067.10107	-0.02267	0	0
1067.20107	-0.02265	0	0
1067.30107	-0.02262	0	0
1067.40107	-0.02259	0	0
1067.50107	-0.02256	0	0
1067.60107	-0.02253	0	0
1067.70107	-0.02251	0	0
1067.80107	-0.02248	0	0
1067.90107	-0.02245	0	0
1068.00107	-0.02242	0	0
1068.10107	-0.02239	0	0
1068.20107	-0.02236	0	0
1068.30107	-0.02233	0	0
1068.40107	-0.0223	0	0
1068.50107	-0.02228	0	0
1068.60107	-0.02225	0	0
1068.70107	-0.02222	0	0
1068.80107	-0.02219	0	0
1068.90107	-0.02216	0	0
1069.00107	-0.02213	0	0
1069.10107	-0.0221	0	0
1069.20107	-0.02207	0	0
1069.30107	-0.02204	0	0
1069.40107	-0.02201	0	0
1069.50107	-0.02198	0	0
1069.60107	-0.02196	0	0
1069.70107	-0.02193	0	0
1069.80107	-0.0219	0	0
1069.90107	-0.02187	0	0
1070.00107	-0.02184	0	0
1070.10107	-0.02181	0	0
1070.20107	-0.02178	0	0
1070.30107	-0.02175	0	0
1070.40107	-0.02172	0	0
1070.50107	-0.02169	0	0
1070.60107	-0.02166	0	0
1070.70107	-0.02163	0	0
1070.80107	-0.0216	0	0
1070.90107	-0.02157	0	0
1071.00107	-0.02154	0	0
1071.10107	-0.02151	0	0
1071.20107	-0.02148	0	0
1071.30107	-0.02145	0	0
1071.40107	-0.02142	0	0
1071.50107	-0.02139	0	0
1071.60107	-0.02135	0	0
1071.70107	-0.02132	0	0
1071.80107	-0.02129	0	0
1071.90107	-0.02126	0	0
1072.00107	-0.02123	0	0
1072.10107	-0.0212	0	0
1072.20107	-0.02117	0	0
1072.30107	-0.02114	0	0
1072.40107	-0.02111	0	0
1072.50107	-0.02108	0	0
1072.60107	-0.02105	0	0
1072.70107	-0.02102	0	0
1072.80107	-0.02098	0	0
1072.90107	-0.02095	0	0
1073.00107	-0.02092	0	0
1073.10107	-0.02089	0	0
1073.20107	-0.02086	0	0
1073.30107	-0.02083	0	0
1073.40107	-0.0208	0	0
1073.50107	-0.02077	0	0
1073.60107	-0.02073	0	0
1073.70107	-0.0207	0	0
1073.80107	-0.02067	0	0
1073.90107	-0.02064	0	0
1074.00107	-0.02061	0	0
1074.10107	-0.02057	0	0
1074.20107	-0.02054	0	0
1074.30107	-0.02051	0	0
1074.40107	-0.02048	0	0
1074.50107	-0.02045	0	0
1074.60107	-0.02041	0	0
1074.70107	-0.02038	0	0
1074.80107	-0.02035	0	0
1074.90107	-0.02032	0	0
1075.00108	-0.02029	0	0
1075.10108	-0.02025	0	0
1075.20108	-0.02022	0	0
1075.30108	-0.02019	0	0
1075.40108	-0.02016	0	0
1075.50108	-0.02012	0	0
1075.60108	-0.02009	0	0
1075.70108	-0.02006	0	0
1075.80108	-0.02003	0	0
1075.90108	-0.01999	0	0
1076.00108	-0.01996	0	0
1076.10108	-0.01993	0	0
1076.20108	-0.01989	0	0
1076.30108	-0.01986	0	0
1076.40108	-0.01983	0	0
1076.50108	-0.0198	0	0
1076.60108	-0.01976	0	0
1076.70108	-0.01973	0	0
1076.80108	-0.0197	0	0
1076.90108	-0.01966	0	0
1077.00108	-0.01963	0	0
1077.10108	-0.0196	0	0
1077.20108	-0.01956	0	0
1077.30108	-0.01953	0	0
1077.40108	-0.0195	0	0
1077.50108	-0.01946	0	0
1077.60108	-0.01943	0	0
1077.70108	-0.0194	0	0
1077.80108	-0.01936	0	0
1077.90108	-0.01933	0	0
1078.00108	-0.01929	0	0
1078.10108	-0.01926	0	0
1078.20108	-0.01923	0	0
1078.30108	-0.01919	0	0
1078.40108	-0.01916	0	0
1078.50108	-0.01912	0	0
1078.60108	-0.01909	0	0
1078.70108	-0.01906	0	0
1078.80108	-0.01902	0	0
1078.90108	-0.01899	0	0
1079.00108	-0.01895	0	0
1079.10108	-0.01892	0	0
1079.20108	-0.01888	0	0
1079.30108	-0.01885	0	0
1079.40108	-0.01882	0	0
1079.50108	-0.01878	0	0
1079.60108	-0.01875	0	0
1079.70108	-0.01871	0	0
1079.80108	-0.01868	0	0
1079.90108	-0.01864	0	0
1080.00108	-0.01861	0	0
1080.10108	-0.01857	0	0
1080.20108	-0.01854	0	0
1080.30108	-0.0185	0	0
1080.40108	-0.01847	0	0
1080.50108	-0.01843	0	0
1080.60108	-0.0184	0	0
1080.70108	-0.01836	0	0
1080.80108	-0.01833	0	0
1080.90108	-0.01829	0	0
1081.00108	-0.01826	0	0
1081.10108	-0.01822	0	0
1081.20108	-0.01819	0	0
1081.30108	-0.01815	0	0
1081.40108	-0.01812	0	0
1081.50108	-0.01808	0	0
1081.60108	-0.01805	0	0
1081.70108	-0.01801	0	0
1081.80108	-0.01797	0	0
1081.90108	-0.01794	0	0
1082.00108	-0.0179	0	0
1082.10108	-0.01787	0	0
1082.20108	-0.01783	0	0
1082.30108	-0.0178	0	0
1082.40108	-0.01776	0	0
1082.50108	-0.01772	0	0
1082.60108	-0.01769	0	0
1082.70108	-0.01765	0	0
1082.80108	-0.01762	0	0
1082.90108	-0.01758	0	0
1083.00108	-0.01754	0	0
1083.10108	-0.01751	0	0
1083.20108	-0.01747	0	0
1083.30108	-0.01743	0	0
1083.40108	-0.0174	0	0
1083.50108	-0.01736	0	0
1083.60108	-0.01733	0	0
1083.70108	-0.01729	0	0
1083.80108	-0.01725	0	0
1083.90108	-0.01722	0	0
1084.00108	-0.01718	0	0
1084.10108	-0.01714	0	0
1084.20108	-0.01711	0	0
1084.30108	-0.01707	0	0
1084.40108	-0.01703	0	0
1084.50108	-0.017	0	0
1084.60108	-0.01696	0	0
1084.70108	-0.01692	0	0
1084.80108	-0.01688	0	0
1084.90108	-0.01685	0	0
1085.00109	-0.01681	0	0
1085.10109	-0.01677	0	0
1085.20109	-0.01674	0	0
1085.30109	-0.0167	0	0
1085.40109	-0.01666	0	0
1085.50109	-0.01662	0	0
1085.60109	-0.01659	0	0
1085.70109	-0.01655	0	0
1085.80109	-0.01651	0	0
1085.90109	-0.01647	0	0
1086.00109	-0.01644	0	0
1086.10109	-0.0164	0	0
1086.20109	-0.01636	0	0
1086.30109	-0.01632	0	0
1086.40109	-0.01629	0	0
1086.50109	-0.01625	0	0
1086.60109	-0.01621	0	0
1086.70109	-0.01617	0	0
1086.80109	-0.01614	0	0
1086.90109	-0.0161	0	0
1087.00109	-0.01606	0	0
1087.10109	-0.01602	0	0
1087.20109	-0.01598	0	0
1087.30109	-0.01595	0	0
1087.40109	-0.01591	0	0
1087.50109	-0.01587	0	0
1087.60109	-0.01583	0	0
1087.70109	-0.01579	0	0
1087.80109	-0.01576	0	0
1087.90109	-0.01572	0	0
1088.00109	-0.01568	0	0
1088.10109	-0.01564	0	0
1088.20109	-0.0156	0	0
1088.30109	-0.01556	0	0
1088.40109	-0.01553	0	0
1088.50109	-0.01549	0	0
1088.60109	-0.01545	0	0
1088.70109	-0.01541	0	0
1088.80109	-0.01537	0	0
1088.90109	-0.01533	0	0
1089.00109	-0.01529	0	0
1089.10109	-0.01525	0	0
1089.20109	-0.01522	0	0
1089.30109	-0.01518	0	0
1089.40109	-0.01514	0	0
1089.50109	-0.0151	0	0
1089.60109	-0.01506	0	0
1089.70109	-0.01502	0	0
1089.80109	-0.01498	0	0
1089.90109	-0.01494	0	0
1090.00109	-0.0149	0	0
1090.10109	-0.01486	0	0
1090.20109	-0.01483	0	0
1090.30109	-0.01479	0	0
1090.40109	-0.01475	0	0
1090.50109	-0.01471	0	0
1090.60109	-0.01467	0	0
1090.70109	-0.01463	0	0
1090.80109	-0.01459	0	0
1090.90109	-0.01455	0	0
1091.00109	-0.01451	0	0
1091.10109	-0.01447	0	0
1091.20109	-0.01443	0	0
1091.30109	-0.01439	0	0
1091.40109	-0.01435	0	0
1091.50109	-0.01431	0	0
1091.60109	-0.01427	0	0
1091.70109	-0.01423	0	0
1091.80109	-0.01419	0	0
1091.90109	-0.01415	0	0
1092.00109	-0.01411	0	0
1092.10109	-0.01407	0	0
1092.20109	-0.01403	0	0
1092.30109	-0.01399	0	0
1092.40109	-0.01395	0	0
1092.50109	-0.01391	0	0
1092.60109	-0.01387	0	0
1092.70109	-0.01383	0	0
1092.80109	-0.01379	0	0
1092.90109	-0.01375	0	0
1093.00109	-0.01371	0	0
1093.10109	-0.01367	0	0
1093.20109	-0.01363	0	0
1093.30109	-0.01359	0	0
1093.40109	-0.01355	0	0
1093.50109	-0.01351	0	0
1093.60109	-0.01347	0	0
1093.70109	-0.01343	0	0
1093.80109	-0.01339	0	0
1093.90109	-0.01335	0	0
1094.00109	-0.01331	0	0
1094.10109	-0.01327	0	0
1094.20109	-0.01323	0	0
1094.30109	-0.01319	0	0
1094.40109	-0.01314	0	0
1094.50109	-0.0131	0	0
1094.60109	-0.01306	0	0
1094.70109	-0.01302	0	0
1094.80109	-0.01298	0	0
1094.90109	-0.01294	0	0
1095.0011	-0.0129	0	0
1095.1011	-0.01286	0	0
1095.2011	-0.01282	0	0
1095.3011	-0.01278	0	0
1095.4011	-0.01273	0	0
1095.5011	-0.01269	0	0
1095.6011	-0.01265	0	0
1095.7011	-0.01261	0	0
1095.8011	-0.01257	0	0
1095.9011	-0.01253	0	0
1096.0011	-0.01249	0	0
1096.1011	-0.01245	0	0
1096.2011	-0.0124	0	0
1096.3011	-0.01236	0	0
1096.4011	-0.01232	0	0
1096.5011	-0.01228	0	0
1096.6011	-0.01224	0	0
1096.7011	-0.0122	0	0
1096.8011	-0.01216	0	0
1096.9011	-0.01211	0	0
1097.0011	-0.01207	0	0
1097.1011	-0.01203	0	0
1097.2011	-0.01199	0	0
1097.3011	-0.01195	0	0
1097.4011	-0.01191	0	0
1097.5011	-0.01186	0	0
1097.6011	-0.01182	0	0
1097.7011	-0.01178	0	0
1097.8011	-0.01174	0	0
1097.9011	-0.0117	0	0
1098.0011	-0.01165	0	0
1098.1011	-0.01161	0	0
1098.2011	-0.01157	0	0
1098.3011	-0.01153	0	0
1098.4011	-0.01149	0	0
1098.5011	-0.01144	0	0
1098.6011	-0.0114	0	0
1098.7011	-0.01136	0	0
1098.8011	-0.01132	0	0
1098.9011	-0.01128	0	0
1099.0011	-0.01123	0	0
1099.1011	-0.01119	0	0
1099.2011	-0.01115	0	0
1099.3011	-0.01111	0	0
1099.4011	-0.01106	0	0
1099.5011	-0.01102	0	0
1099.6011	-0.01098	0	0
1099.7011	-0.01094	0	0
1099.8011	-0.01089	0	0
1099.9011	-0.01085	0	0
1100.0011	-0.01081	0	0
1100.1011	-0.01077	0	0
1100.2011	-0.01072	0	0
1100.3011	-0.01068	0	0
1100.4011	-0.01064	0	0
1100.5011	-0.0106	0	0
1100.6011	-0.01055	0	0
1100.7011	-0.01051	0	0
1100.8011	-0.01047	0	0
1100.9011	-0.01043	0	0
1101.0011	-0.01038	0	0
1101.1011	-0.01034	0	0
1101.2011	-0.0103	0	0
1101.3011	-0.01025	0	0
1101.4011	-0.01021	0	0
1101.5011	-0.01017	0	0
1101.6011	-0.01013	0	0
1101.7011	-0.01008	0	0
1101.8011	-0.01004	0	0
1101.9011	-0.01	0	0
1102.0011	-0.00995	0	0
1102.1011	-0.00991	0	0
1102.2011	-0.00987	0	0
1102.3011	-0.00982	0	0
1102.4011	-0.00978	0	0
1102.5011	-0.00974	0	0
1102.6011	-0.00969	0	0
1102.7011	-0.00965	0	0
1102.8011	-0.00961	0	0
1102.9011	-0.00956	0	0
1103.0011	-0.00952	0	0
1103.1011	-0.00948	0	0
1103.2011	-0.00943	0	0
1103.3011	-0.00939	0	0
1103.4011	-0.00935	0	0
1103.5011	-0.0093	0	0
1103.6011	-0.00926	0	0
1103.7011	-0.00922	0	0
1103.8011	-0.00917	0	0
1103.9011	-0.00913	0	0
1104.0011	-0.00909	0	0
1104.1011	-0.00904	0	0
1104.2011	-0.009	0	0
1104.3011	-0.00896	0	0
1104.4011	-0.00891	0	0
1104.5011	-0.00887	0	0
1104.6011	-0.00883	0	0
1104.7011	-0.00878	0	0
1104.8011	-0.00874	0	0
1104.9011	-0.00869	0	0
1105.00111	-0.00865	0	0
1105.10111	-0.00861	0	0
1105.20111	-0.00856	0	0
1105.30111	-0.00852	0	0
1105.40111	-0.00847	0	0
1105.50111	-0.00843	0	0
1105.60111	-0.00839	0	0
1105.70111	-0.00834	0	0
1105.80111	-0.0083	0	0
1105.90111	-0.00825	0	0
1106.00111	-0.00821	0	0
1106.10111	-0.00817	0	0
1106.20111	-0.00812	0	0
1106.30111	-0.00808	0	0
1106.40111	-0.00803	0	0
1106.50111	-0.00799	0	0
1106.60111	-0.00795	0	0
1106.70111	-0.0079	0	0
1106.80111	-0.00786	0	0
1106.90111	-0.00781	0	0
1107.00111	-0.00777	0	0
1107.10111	-0.00773	0	0
1107.20111	-0.00768	0	0
1107.30111	-0.00764	0	0
1107.40111	-0.00759	0	0
1107.50111	-0.00755	0	0
1107.60111	-0.0075	0	0
1107.70111	-0.00746	0	0
1107.80111	-0.00742	0	0
1107.90111	-0.00737	0	0
1108.00111	-0.00733	0	0
1108.10111	-0.00728	0	0
1108.20111	-0.00724	0	0
1108.30111	-0.00719	0	0
1108.40111	-0.00715	0	0
1108.50111	-0.0071	0	0
1108.60111	-0.00706	0	0
1108.70111	-0.00702	0	0
1108.80111	-0.00697	0	0
1108.90111	-0.00693	0	0
1109.00111	-0.00688	0	0
1109.10111	-0.00684	0	0
1109.20111	-0.00679	0	0
1109.30111	-0.00675	0	0
1109.40111	-0.0067	0	0
1109.50111	-0.00666	0	0
1109.60111	-0.00661	0	0
1109.70111	-0.00657	0	0
1109.80111	-0.00652	0	0
1109.90111	-0.00648	0	0
1110.00111	-0.00643	0	0
1110.10111	-0.00639	0	0
1110.20111	-0.00635	0	0
1110.30111	-0.0063	0	0
1110.40111	-0.00626	0	0
1110.50111	-0.00621	0	0
1110.60111	-0.00617	0	0
1110.70111	-0.00612	0	0
1110.80111	-0.00608	0	0
1110.90111	-0.00603	0	0
1111.00111	-0.00599	0	0
1111.10111	-0.00594	0	0
1111.20111	-0.0059	0	0
1111.30111	-0.00585	0	0
1111.40111	-0.00581	0	0
1111.50111	-0.00576	0	0
1111.60111	-0.00572	0	0
1111.70111	-0.00567	0	0
1111.80111	-0.00563	0	0
1111.90111	-0.00558	0	0
1112.00111	-0.00554	0	0
1112.10111	-0.00549	0	0
1112.20111	-0.00545	0	0
1112.30111	-0.0054	0	0
1112.40111	-0.00536	0	0
1112.50111	-0.00531	0	0
1112.60111	-0.00527	0	0
1112.70111	-0.00522	0	0
1112.80111	-0.00518	0	0
1112.90111	-0.00513	0	0
1113.00111	-0.00509	0	0
1113.10111	-0.00504	0	0
1113.20111	-0.005	0	0
1113.30111	-0.00495	0	0
1113.40111	-0.00491	0	0
1113.50111	-0.00486	0	0
1113.60111	-0.00481	0	0
1113.70111	-0.00477	0	0
1113.80111	-0.00472	0	0
1113.90111	-0.00468	0	0
1114.00111	-0.00463	0	0
1114.10111	-0.00459	0	0
1114.20111	-0.00454	0	0
1114.30111	-0.0045	0	0
1114.40111	-0.00445	0	0
1114.50111	-0.00441	0	0
1114.60111	-0.00436	0	0
1114.70111	-0.00432	0	0
1114.80111	-0.00427	0	0
1114.90111	-0.00423	0	0
1115.00112	-0.00418	0	0
1115.10112	-0.00414	0	0
1115.20112	-0.00409	0	0
1115.30112	-0.00404	0	0
1115.40112	-0.004	0	0
1115.50112	-0.00395	0	0
1115.60112	-0.00391	0	0
1115.70112	-0.00386	0	0
1115.80112	-0.00382	0	0
1115.90112	-0.00377	0	0
1116.00112	-0.00373	0	0
1116.10112	-0.00368	0	0
1116.20112	-0.00364	0	0
1116.30112	-0.00359	0	0
1116.40112	-0.00354	0	0
1116.50112	-0.0035	0	0
1116.60112	-0.00345	0	0
1116.70112	-0.00341	0	0
1116.80112	-0.00336	0	0
1116.90112	-0.00332	0	0
1117.00112	-0.00327	0	0
1117.10112	-0.00323	0	0
1117.20112	-0.00318	0	0
1117.30112	-0.00313	0	0
1117.40112	-0.00309	0	0
1117.50112	-0.00304	0	0
1117.60112	-0.003	0	0
1117.70112	-0.00295	0	0
1117.80112	-0.00291	0	0
1117.90112	-0.00286	0	0
1118.00112	-0.00282	0	0
1118.10112	-0.00277	0	0
1118.20112	-0.00272	0	0
1118.30112	-0.00268	0	0
1118.40112	-0.00263	0	0
1118.50112	-0.00259	0	0
1118.60112	-0.00254	0	0
1118.70112	-0.0025	0	0
1118.80112	-0.00245	0	0
1118.90112	-0.00241	0	0
1119.00112	-0.00236	0	0
1119.10112	-0.00231	0	0
1119.20112	-0.00227	0	0
1119.30112	-0.00222	0	0
1119.40112	-0.00218	0	0
1119.50112	-0.00213	0	0
1119.60112	-0.00209	0	0
1119.70112	-0.00204	0	0
1119.80112	-0.002	0	0
1119.90112	-0.00195	0	0
1120.00112	-0.0019	0	0
1120.10112	-0.00186	0	0
1120.20112	-0.00181	0	0
1120.30112	-0.00177	0	0
1120.40112	-0.00172	0	0
1120.50112	-0.00168	0	0
1120.60112	-0.00163	0	0
1120.70112	-0.00158	0	0
1120.80112	-0.00154	0	0
1120.90112	-0.00149	0	0
1121.00112	-0.00145	0	0
1121.10112	-0.0014	0	0
1121.20112	-0.00136	0	0
1121.30112	-0.00131	0	0
1121.40112	-0.00126	0	0
1121.50112	-0.00122	0	0
1121.60112	-0.00117	0	0
1121.70112	-0.00113	0	0
1121.80112	-0.00108	0	0
1121.90112	-0.00104	0	0
1122.00112	-9.91057E-4	0	0
1122.10112	-9.45412E-4	0	0
1122.20112	-8.99768E-4	0	0
1122.30112	-8.54125E-4	0	0
1122.40112	-8.08484E-4	0	0
1122.50112	-7.62844E-4	0	0
1122.60112	-7.17206E-4	0	0
1122.70112	-6.7157E-4	0	0
1122.80112	-6.25936E-4	0	0
1122.90112	-5.80304E-4	0	0
1123.00112	-5.34674E-4	0	0
1123.10112	-4.89046E-4	0	0
1123.20112	-4.43421E-4	0	0
1123.30112	-3.97799E-4	0	0
1123.40112	-3.52179E-4	0	0
1123.50112	-3.06563E-4	0	0
1123.60112	-2.60949E-4	0	0
1123.70112	-2.15339E-4	0	0
1123.80112	-1.69732E-4	0	0
1123.90112	-1.24129E-4	0	0
1124.00112	-7.85296E-5	0	0
1124.10112	-3.29338E-5	0	0
1124.20112	1.26579E-5	0	0
1124.30112	5.82455E-5	0	0
1124.40112	1.03829E-4	0	0
1124.50112	1.49408E-4	0	0
1124.60112	1.94982E-4	0	0
1124.70112	2.40552E-4	0	0
1124.80112	2.86117E-4	0	0
1124.90112	3.31677E-4	0	0
1125.00113	3.77231E-4	0	0
1125.10113	4.22781E-4	0	0
1125.20113	4.68325E-4	0	0
1125.30113	5.13863E-4	0	0
1125.40113	5.59396E-4	0	0
1125.50113	6.04923E-4	0	0
1125.60113	6.50444E-4	0	0
1125.70113	6.95958E-4	0	0
1125.80113	7.41467E-4	0	0
1125.90113	7.86969E-4	0	0
1126.00113	8.32464E-4	0	0
1126.10113	8.77953E-4	0	0
1126.20113	9.23435E-4	0	0
1126.30113	9.68909E-4	0	0
1126.40113	0.00101	0	0
1126.50113	0.00106	0	0
1126.60113	0.00111	0	0
1126.70113	0.00115	0	0
1126.80113	0.0012	0	0
1126.90113	0.00124	0	0
1127.00113	0.00129	0	0
1127.10113	0.00133	0	0
1127.20113	0.00138	0	0
1127.30113	0.00142	0	0
1127.40113	0.00147	0	0
1127.50113	0.00151	0	0
1127.60113	0.00156	0	0
1127.70113	0.0016	0	0
1127.80113	0.00165	0	0
1127.90113	0.0017	0	0
1128.00113	0.00174	0	0
1128.10113	0.00179	0	0
1128.20113	0.00183	0	0
1128.30113	0.00188	0	0
1128.40113	0.00192	0	0
1128.50113	0.00197	0	0
1128.60113	0.00201	0	0
1128.70113	0.00206	0	0
1128.80113	0.0021	0	0
1128.90113	0.00215	0	0
1129.00113	0.00219	0	0
1129.10113	0.00224	0	0
1129.20113	0.00228	0	0
1129.30113	0.00233	0	0
1129.40113	0.00237	0	0
1129.50113	0.00242	0	0
1129.60113	0.00246	0	0
1129.70113	0.00251	0	0
1129.80113	0.00255	0	0
1129.90113	0.0026	0	0
1130.00113	0.00265	0	0
1130.10113	0.00269	0	0
1130.20113	0.00274	0	0
1130.30113	0.00278	0	0
1130.40113	0.00283	0	0
1130.50113	0.00287	0	0
1130.60113	0.00292	0	0
1130.70113	0.00296	0	0
1130.80113	0.00301	0	0
1130.90113	0.00305	0	0
1131.00113	0.0031	0	0
1131.10113	0.00314	0	0
1131.20113	0.00319	0	0
1131.30113	0.00323	0	0
1131.40113	0.00328	0	0
1131.50113	0.00332	0	0
1131.60113	0.00337	0	0
1131.70113	0.00341	0	0
1131.80113	0.00345	0	0
1131.90113	0.0035	0	0
1132.00113	0.00354	0	0
1132.10113	0.00359	0	0
1132.20113	0.00363	0	0
1132.30113	0.00368	0	0
1132.40113	0.00372	0	0
1132.50113	0.00377	0	0
1132.60113	0.00381	0	0
1132.70113	0.00386	0	0
1132.80113	0.0039	0	0
1132.90113	0.00395	0	0
1133.00113	0.00399	0	0
1133.10113	0.00404	0	0
1133.20113	0.00408	0	0
1133.30113	0.00413	0	0
1133.40113	0.00417	0	0
1133.50113	0.00422	0	0
1133.60113	0.00426	0	0
1133.70113	0.0043	0	0
1133.80113	0.00435	0	0
1133.90113	0.00439	0	0
1134.00113	0.00444	0	0
1134.10113	0.00448	0	0
1134.20113	0.00453	0	0
1134.30113	0.00457	0	0
1134.40113	0.00462	0	0
1134.50113	0.00466	0	0
1134.60113	0.0047	0	0
1134.70113	0.00475	0	0
1134.80113	0.00479	0	0
1134.90113	0.00484	0	0
1135.00114	0.00488	0	0
1135.10114	0.00493	0	0
1135.20114	0.00497	0	0
1135.30114	0.00501	0	0
1135.40114	0.00506	0	0
1135.50114	0.0051	0	0
1135.60114	0.00515	0	0
1135.70114	0.00519	0	0
1135.80114	0.00524	0	0
1135.90114	0.00528	0	0
1136.00114	0.00532	0	0
1136.10114	0.00537	0	0
1136.20114	0.00541	0	0
1136.30114	0.00546	0	0
1136.40114	0.0055	0	0
1136.50114	0.00554	0	0
1136.60114	0.00559	0	0
1136.70114	0.00563	0	0
1136.80114	0.00568	0	0
1136.90114	0.00572	0	0
1137.00114	0.00576	0	0
1137.10114	0.00581	0	0
1137.20114	0.00585	0	0
1137.30114	0.0059	0	0
1137.40114	0.00594	0	0
1137.50114	0.00598	0	0
1137.60114	0.00603	0	0
1137.70114	0.00607	0	0
1137.80114	0.00611	0	0
1137.90114	0.00616	0	0
1138.00114	0.0062	0	0
1138.10114	0.00625	0	0
1138.20114	0.00629	0	0
1138.30114	0.00633	0	0
1138.40114	0.00638	0	0
1138.50114	0.00642	0	0
1138.60114	0.00646	0	0
1138.70114	0.00651	0	0
1138.80114	0.00655	0	0
1138.90114	0.00659	0	0
1139.00114	0.00664	0	0
1139.10114	0.00668	0	0
1139.20114	0.00672	0	0
1139.30114	0.00677	0	0
1139.40114	0.00681	0	0
1139.50114	0.00685	0	0
1139.60114	0.0069	0	0
1139.70114	0.00694	0	0
1139.80114	0.00698	0	0
1139.90114	0.00703	0	0
1140.00114	0.00707	0	0
1140.10114	0.00711	0	0
1140.20114	0.00716	0	0
1140.30114	0.0072	0	0
1140.40114	0.00724	0	0
1140.50114	0.00729	0	0
1140.60114	0.00733	0	0
1140.70114	0.00737	0	0
1140.80114	0.00741	0	0
1140.90114	0.00746	0	0
1141.00114	0.0075	0	0
1141.10114	0.00754	0	0
1141.20114	0.00759	0	0
1141.30114	0.00763	0	0
1141.40114	0.00767	0	0
1141.50114	0.00771	0	0
1141.60114	0.00776	0	0
1141.70114	0.0078	0	0
1141.80114	0.00784	0	0
1141.90114	0.00788	0	0
1142.00114	0.00793	0	0
1142.10114	0.00797	0	0
1142.20114	0.00801	0	0
1142.30114	0.00805	0	0
1142.40114	0.0081	0	0
1142.50114	0.00814	0	0
1142.60114	0.00818	0	0
1142.70114	0.00822	0	0
1142.80114	0.00827	0	0
1142.90114	0.00831	0	0
1143.00114	0.00835	0	0
1143.10114	0.00839	0	0
1143.20114	0.00844	0	0
1143.30114	0.00848	0	0
1143.40114	0.00852	0	0
1143.50114	0.00856	0	0
1143.60114	0.0086	0	0
1143.70114	0.00865	0	0
1143.80114	0.00869	0	0
1143.90114	0.00873	0	0
1144.00114	0.00877	0	0
1144.10114	0.00881	0	0
1144.20114	0.00886	0	0
1144.30114	0.0089	0	0
1144.40114	0.00894	0	0
1144.50114	0.00898	0	0
1144.60114	0.00902	0	0
1144.70114	0.00907	0	0
1144.80114	0.00911	0	0
1144.90114	0.00915	0	0
1145.00115	0.00919	0	0
1145.10115	0.00923	0	0
1145.20115	0.00927	0	0
1145.30115	0.00932	0	0
1145.40115	0.00936	0	0
1145.50115	0.0094	0	0
1145.60115	0.00944	0	0
1145.70115	0.00948	0	0
1145.80115	0.00952	0	0
1145.90115	0.00956	0	0
1146.00115	0.00961	0	0
1146.10115	0.00965	0	0
1146.20115	0.00969	0	0
1146.30115	0.00973	0	0
1146.40115	0.00977	0	0
1146.50115	0.00981	0	0
1146.60115	0.00985	0	0
1146.70115	0.00989	0	0
1146.80115	0.00993	0	0
1146.90115	0.00998	0	0
1147.00115	0.01002	0	0
1147.10115	0.01006	0	0
1147.20115	0.0101	0	0
1147.30115	0.01014	0	0
1147.40115	0.01018	0	0
1147.50115	0.01022	0	0
1147.60115	0.01026	0	0
1147.70115	0.0103	0	0
1147.80115	0.01034	0	0
1147.90115	0.01038	0	0
1148.00115	0.01042	0	0
1148.10115	0.01046	0	0
1148.20115	0.01051	0	0
1148.30115	0.01055	0	0
1148.40115	0.01059	0	0
1148.50115	0.01063	0	0
1148.60115	0.01067	0	0
1148.70115	0.01071	0	0
1148.80115	0.01075	0	0
1148.90115	0.01079	0	0
1149.00115	0.01083	0	0
1149.10115	0.01087	0	0
1149.20115	0.01091	0	0
1149.30115	0.01095	0	0
1149.40115	0.01099	0	0
1149.50115	0.01103	0	0
1149.60115	0.01107	0	0
1149.70115	0.01111	0	0
1149.80115	0.01115	0	0
1149.90115	0.01119	0	0
1150.00115	0.01123	0	0
1150.10115	0.01127	0	0
1150.20115	0.01131	0	0
1150.30115	0.01135	0	0
1150.40115	0.01139	0	0
1150.50115	0.01143	0	0
1150.60115	0.01147	0	0
1150.70115	0.01151	0	0
1150.80115	0.01154	0	0
1150.90115	0.01158	0	0
1151.00115	0.01162	0	0
1151.10115	0.01166	0	0
1151.20115	0.0117	0	0
1151.30115	0.01174	0	0
1151.40115	0.01178	0	0
1151.50115	0.01182	0	0
1151.60115	0.01186	0	0
1151.70115	0.0119	0	0
1151.80115	0.01194	0	0
1151.90115	0.01198	0	0
1152.00115	0.01202	0	0
1152.10115	0.01205	0	0
1152.20115	0.01209	0	0
1152.30115	0.01213	0	0
1152.40115	0.01217	0	0
1152.50115	0.01221	0	0
1152.60115	0.01225	0	0
1152.70115	0.01229	0	0
1152.80115	0.01233	0	0
1152.90115	0.01236	0	0
1153.00115	0.0124	0	0
1153.10115	0.01244	0	0
1153.20115	0.01248	0	0
1153.30115	0.01252	0	0
1153.40115	0.01256	0	0
1153.50115	0.01259	0	0
1153.60115	0.01263	0	0
1153.70115	0.01267	0	0
1153.80115	0.01271	0	0
1153.90115	0.01275	0	0
1154.00115	0.01279	0	0
1154.10115	0.01282	0	0
1154.20115	0.01286	0	0
1154.30115	0.0129	0	0
1154.40115	0.01294	0	0
1154.50115	0.01298	0	0
1154.60115	0.01301	0	0
1154.70115	0.01305	0	0
1154.80115	0.01309	0	0
1154.90115	0.01313	0	0
1155.00116	0.01316	0	0
1155.10116	0.0132	0	0
1155.20116	0.01324	0	0
1155.30116	0.01328	0	0
1155.40116	0.01331	0	0
1155.50116	0.01335	0	0
1155.60116	0.01339	0	0
1155.70116	0.01343	0	0
1155.80116	0.01346	0	0
1155.90116	0.0135	0	0
1156.00116	0.01354	0	0
1156.10116	0.01358	0	0
1156.20116	0.01361	0	0
1156.30116	0.01365	0	0
1156.40116	0.01369	0	0
1156.50116	0.01372	0	0
1156.60116	0.01376	0	0
1156.70116	0.0138	0	0
1156.80116	0.01383	0	0
1156.90116	0.01387	0	0
1157.00116	0.01391	0	0
1157.10116	0.01394	0	0
1157.20116	0.01398	0	0
1157.30116	0.01402	0	0
1157.40116	0.01405	0	0
1157.50116	0.01409	0	0
1157.60116	0.01413	0	0
1157.70116	0.01416	0	0
1157.80116	0.0142	0	0
1157.90116	0.01424	0	0
1158.00116	0.01427	0	0
1158.10116	0.01431	0	0
1158.20116	0.01434	0	0
1158.30116	0.01438	0	0
1158.40116	0.01442	0	0
1158.50116	0.01445	0	0
1158.60116	0.01449	0	0
1158.70116	0.01452	0	0
1158.80116	0.01456	0	0
1158.90116	0.01459	0	0
1159.00116	0.01463	0	0
1159.10116	0.01467	0	0
1159.20116	0.0147	0	0
1159.30116	0.01474	0	0
1159.40116	0.01477	0	0
1159.50116	0.01481	0	0
1159.60116	0.01484	0	0
1159.70116	0.01488	0	0
1159.80116	0.01491	0	0
1159.90116	0.01495	0	0
1160.00116	0.01498	0	0
1160.10116	0.01502	0	0
1160.20116	0.01505	0	0
1160.30116	0.01509	0	0
1160.40116	0.01512	0	0
1160.50116	0.01516	0	0
1160.60116	0.01519	0	0
1160.70116	0.01523	0	0
1160.80116	0.01526	0	0
1160.90116	0.0153	0	0
1161.00116	0.01533	0	0
1161.10116	0.01537	0	0
1161.20116	0.0154	0	0
1161.30116	0.01544	0	0
1161.40116	0.01547	0	0
1161.50116	0.01551	0	0
1161.60116	0.01554	0	0
1161.70116	0.01557	0	0
1161.80116	0.01561	0	0
1161.90116	0.01564	0	0
1162.00116	0.01568	0	0
1162.10116	0.01571	0	0
1162.20116	0.01575	0	0
1162.30116	0.01578	0	0
1162.40116	0.01581	0	0
1162.50116	0.01585	0	0
1162.60116	0.01588	0	0
1162.70116	0.01591	0	0
1162.80116	0.01595	0	0
1162.90116	0.01598	0	0
1163.00116	0.01602	0	0
1163.10116	0.01605	0	0
1163.20116	0.01608	0	0
1163.30116	0.01612	0	0
1163.40116	0.01615	0	0
1163.50116	0.01618	0	0
1163.60116	0.01622	0	0
1163.70116	0.01625	0	0
1163.80116	0.01628	0	0
1163.90116	0.01631	0	0
1164.00116	0.01635	0	0
1164.10116	0.01638	0	0
1164.20116	0.01641	0	0
1164.30116	0.01645	0	0
1164.40116	0.01648	0	0
1164.50116	0.01651	0	0
1164.60116	0.01654	0	0
1164.70116	0.01658	0	0
1164.80116	0.01661	0	0
1164.90116	0.01664	0	0
1165.00117	0.01667	0	0
1165.10117	0.01671	0	0
1165.20117	0.01674	0	0
1165.30117	0.01677	0	0
1165.40117	0.0168	0	0
1165.50117	0.01684	0	0
1165.60117	0.01687	0	0
1165.70117	0.0169	0	0
1165.80117	0.01693	0	0
1165.90117	0.01696	0	0
1166.00117	0.017	0	0
1166.10117	0.01703	0	0
1166.20117	0.01706	0	0
1166.30117	0.01709	0	0
1166.40117	0.01712	0	0
1166.50117	0.01715	0	0
1166.60117	0.01719	0	0
1166.70117	0.01722	0	0
1166.80117	0.01725	0	0
1166.90117	0.01728	0	0
1167.00117	0.01731	0	0
1167.10117	0.01734	0	0
1167.20117	0.01737	0	0
1167.30117	0.0174	0	0
1167.40117	0.01744	0	0
1167.50117	0.01747	0	0
1167.60117	0.0175	0	0
1167.70117	0.01753	0	0
1167.80117	0.01756	0	0
1167.90117	0.01759	0	0
1168.00117	0.01762	0	0
1168.10117	0.01765	0	0
1168.20117	0.01768	0	0
1168.30117	0.01771	0	0
1168.40117	0.01774	0	0
1168.50117	0.01777	0	0
1168.60117	0.0178	0	0
1168.70117	0.01783	0	0
1168.80117	0.01786	0	0
1168.90117	0.01789	0	0
1169.00117	0.01792	0	0
1169.10117	0.01795	0	0
1169.20117	0.01798	0	0
1169.30117	0.01801	0	0
1169.40117	0.01804	0	0
1169.50117	0.01807	0	0
1169.60117	0.0181	0	0
1169.70117	0.01813	0	0
1169.80117	0.01816	0	0
1169.90117	0.01819	0	0
1170.00117	0.01822	0	0
1170.10117	0.01825	0	0
1170.20117	0.01828	0	0
1170.30117	0.01831	0	0
1170.40117	0.01834	0	0
1170.50117	0.01837	0	0
1170.60117	0.0184	0	0
1170.70117	0.01842	0	0
1170.80117	0.01845	0	0
1170.90117	0.01848	0	0
1171.00117	0.01851	0	0
1171.10117	0.01854	0	0
1171.20117	0.01857	0	0
1171.30117	0.0186	0	0
1171.40117	0.01863	0	0
1171.50117	0.01865	0	0
1171.60117	0.01868	0	0
1171.70117	0.01871	0	0
1171.80117	0.01874	0	0
1171.90117	0.01877	0	0
1172.00117	0.0188	0	0
1172.10117	0.01882	0	0
1172.20117	0.01885	0	0
1172.30117	0.01888	0	0
1172.40117	0.01891	0	0
1172.50117	0.01894	0	0
1172.60117	0.01896	0	0
1172.70117	0.01899	0	0
1172.80117	0.01902	0	0
1172.90117	0.01905	0	0
1173.00117	0.01907	0	0
1173.10117	0.0191	0	0
1173.20117	0.01913	0	0
1173.30117	0.01916	0	0
1173.40117	0.01918	0	0
1173.50117	0.01921	0	0
1173.60117	0.01924	0	0
1173.70117	0.01926	0	0
1173.80117	0.01929	0	0
1173.90117	0.01932	0	0
1174.00117	0.01935	0	0
1174.10117	0.01937	0	0
1174.20117	0.0194	0	0
1174.30117	0.01943	0	0
1174.40117	0.01945	0	0
1174.50117	0.01948	0	0
1174.60117	0.01951	0	0
1174.70117	0.01953	0	0
1174.80117	0.01956	0	0
1174.90117	0.01958	0	0
1175.00118	0.01961	0	0
1175.10118	0.01964	0	0
1175.20118	0.01966	0	0
1175.30118	0.01969	0	0
1175.40118	0.01971	0	0
1175.50118	0.01974	0	0
1175.60118	0.01977	0	0
1175.70118	0.01979	0	0
1175.80118	0.01982	0	0
1175.90118	0.01984	0	0
1176.00118	0.01987	0	0
1176.10118	0.01989	0	0
1176.20118	0.01992	0	0
1176.30118	0.01994	0	0
1176.40118	0.01997	0	0
1176.50118	0.02	0	0
1176.60118	0.02002	0	0
1176.70118	0.02005	0	0
1176.80118	0.02007	0	0
1176.90118	0.0201	0	0
1177.00118	0.02012	0	0
1177.10118	0.02014	0	0
1177.20118	0.02017	0	0
1177.30118	0.02019	0	0
1177.40118	0.02022	0	0
1177.50118	0.02024	0	0
1177.60118	0.02027	0	0
1177.70118	0.02029	0	0
1177.80118	0.02032	0	0
1177.90118	0.02034	0	0
1178.00118	0.02036	0	0
1178.10118	0.02039	0	0
1178.20118	0.02041	0	0
1178.30118	0.02044	0	0
1178.40118	0.02046	0	0
1178.50118	0.02048	0	0
1178.60118	0.02051	0	0
1178.70118	0.02053	0	0
1178.80118	0.02056	0	0
1178.90118	0.02058	0	0
1179.00118	0.0206	0	0
1179.10118	0.02063	0	0
1179.20118	0.02065	0	0
1179.30118	0.02067	0	0
1179.40118	0.0207	0	0
1179.50118	0.02072	0	0
1179.60118	0.02074	0	0
1179.70118	0.02076	0	0
1179.80118	0.02079	0	0
1179.90118	0.02081	0	0
1180.00118	0.02083	0	0
1180.10118	0.02086	0	0
1180.20118	0.02088	0	0
1180.30118	0.0209	0	0
1180.40118	0.02092	0	0
1180.50118	0.02095	0	0
1180.60118	0.02097	0	0
1180.70118	0.02099	0	0
1180.80118	0.02101	0	0
1180.90118	0.02104	0	0
1181.00118	0.02106	0	0
1181.10118	0.02108	0	0
1181.20118	0.0211	0	0
1181.30118	0.02112	0	0
1181.40118	0.02114	0	0
1181.50118	0.02117	0	0
1181.60118	0.02119	0	0
1181.70118	0.02121	0	0
1181.80118	0.02123	0	0
1181.90118	0.02125	0	0
1182.00118	0.02127	0	0
1182.10118	0.0213	0	0
1182.20118	0.02132	0	0
1182.30118	0.02134	0	0
1182.40118	0.02136	0	0
1182.50118	0.02138	0	0
1182.60118	0.0214	0	0
1182.70118	0.02142	0	0
1182.80118	0.02144	0	0
1182.90118	0.02146	0	0
1183.00118	0.02148	0	0
1183.10118	0.0215	0	0
1183.20118	0.02152	0	0
1183.30118	0.02155	0	0
1183.40118	0.02157	0	0
1183.50118	0.02159	0	0
1183.60118	0.02161	0	0
1183.70118	0.02163	0	0
1183.80118	0.02165	0	0
1183.90118	0.02167	0	0
1184.00118	0.02169	0	0
1184.10118	0.02171	0	0
1184.20118	0.02173	0	0
1184.30118	0.02175	0	0
1184.40118	0.02177	0	0
1184.50118	0.02178	0	0
1184.60118	0.0218	0	0
1184.70118	0.02182	0	0
1184.80118	0.02184	0	0
1184.90118	0.02186	0	0
1185.00119	0.02188	0	0
1185.10119	0.0219	0	0
1185.20119	0.02192	0	0
1185.30119	0.02194	0	0
1185.40119	0.02196	0	0
1185.50119	0.02198	0	0
1185.60119	0.02199	0	0
1185.70119	0.02201	0	0
1185.80119	0.02203	0	0
1185.90119	0.02205	0	0
1186.00119	0.02207	0	0
1186.10119	0.02209	0	0
1186.20119	0.02211	0	0
1186.30119	0.02212	0	0
1186.40119	0.02214	0	0
1186.50119	0.02216	0	0
1186.60119	0.02218	0	0
1186.70119	0.0222	0	0
1186.80119	0.02221	0	0
1186.90119	0.02223	0	0
1187.00119	0.02225	0	0
1187.10119	0.02227	0	0
1187.20119	0.02228	0	0
1187.30119	0.0223	0	0
1187.40119	0.02232	0	0
1187.50119	0.02234	0	0
1187.60119	0.02235	0	0
1187.70119	0.02237	0	0
1187.80119	0.02239	0	0
1187.90119	0.02241	0	0
1188.00119	0.02242	0	0
1188.10119	0.02244	0	0
1188.20119	0.02246	0	0
1188.30119	0.02247	0	0
1188.40119	0.02249	0	0
1188.50119	0.02251	0	0
1188.60119	0.02252	0	0
1188.70119	0.02254	0	0
1188.80119	0.02256	0	0
1188.90119	0.02257	0	0
1189.00119	0.02259	0	0
1189.10119	0.0226	0	0
1189.20119	0.02262	0	0
1189.30119	0.02264	0	0
1189.40119	0.02265	0	0
1189.50119	0.02267	0	0
1189.60119	0.02268	0	0
1189.70119	0.0227	0	0
1189.80119	0.02272	0	0
1189.90119	0.02273	0	0
1190.00119	0.02275	0	0
1190.10119	0.02276	0	0
1190.20119	0.02278	0	0
1190.30119	0.02279	0	0
1190.40119	0.02281	0	0
1190.50119	0.02282	0	0
1190.60119	0.02284	0	0
1190.70119	0.02285	0	0
1190.80119	0.02287	0	0
1190.90119	0.02288	0	0
1191.00119	0.0229	0	0
1191.10119	0.02291	0	0
1191.20119	0.02293	0	0
1191.30119	0.02294	0	0
1191.40119	0.02296	0	0
1191.50119	0.02297	0	0
1191.60119	0.02298	0	0
1191.70119	0.023	0	0
1191.80119	0.02301	0	0
1191.90119	0.02303	0	0
1192.00119	0.02304	0	0
1192.10119	0.02305	0	0
1192.20119	0.02307	0	0
1192.30119	0.02308	0	0
1192.40119	0.0231	0	0
1192.50119	0.02311	0	0
1192.60119	0.02312	0	0
1192.70119	0.02314	0	0
1192.80119	0.02315	0	0
1192.90119	0.02316	0	0
1193.00119	0.02318	0	0
1193.10119	0.02319	0	0
1193.20119	0.0232	0	0
1193.30119	0.02322	0	0
1193.40119	0.02323	0	0
1193.50119	0.02324	0	0
1193.60119	0.02325	0	0
1193.70119	0.02327	0	0
1193.80119	0.02328	0	0
1193.90119	0.02329	0	0
1194.00119	0.0233	0	0
1194.10119	0.02332	0	0
1194.20119	0.02333	0	0
1194.30119	0.02334	0	0
1194.40119	0.02335	0	0
1194.50119	0.02336	0	0
1194.60119	0.02338	0	0
1194.70119	0.02339	0	0
1194.80119	0.0234	0	0
1194.90119	0.02341	0	0
1195.0012	0.02342	0	0
1195.1012	0.02344	0	0
1195.2012	0.02345	0	0
1195.3012	0.02346	0	0
1195.4012	0.02347	0	0
1195.5012	0.02348	0	0
1195.6012	0.02349	0	0
1195.7012	0.0235	0	0
1195.8012	0.02351	0	0
1195.9012	0.02353	0	0
1196.0012	0.02354	0	0
1196.1012	0.02355	0	0
1196.2012	0.02356	0	0
1196.3012	0.02357	0	0
1196.4012	0.02358	0	0
1196.5012	0.02359	0	0
1196.6012	0.0236	0	0
1196.7012	0.02361	0	0
1196.8012	0.02362	0	0
1196.9012	0.02363	0	0
1197.0012	0.02364	0	0
1197.1012	0.02365	0	0
1197.2012	0.02366	0	0
1197.3012	0.02367	0	0
1197.4012	0.02368	0	0
1197.5012	0.02369	0	0
1197.6012	0.0237	0	0
1197.7012	0.02371	0	0
1197.8012	0.02372	0	0
1197.9012	0.02373	0	0
1198.0012	0.02374	0	0
1198.1012	0.02375	0	0
1198.2012	0.02376	0	0
1198.3012	0.02377	0	0
1198.4012	0.02378	0	0
1198.5012	0.02378	0	0
1198.6012	0.02379	0	0
1198.7012	0.0238	0	0
1198.8012	0.02381	0	0
1198.9012	0.02382	0	0
1199.0012	0.02383	0	0
1199.1012	0.02384	0	0
1199.2012	0.02385	0	0
1199.3012	0.02385	0	0
1199.4012	0.02386	0	0
1199.5012	0.02387	0	0
1199.6012	0.02388	0	0
1199.7012	0.02389	0	0
1199.8012	0.02389	0	0
1199.9012	0.0239	0	0
1200.0012	0.02391	0	0
1200.1012	0.02392	0	0
1200.2012	0.02393	0	0
1200.3012	0.02393	0	0
1200.4012	0.02394	0	0
1200.5012	0.02395	0	0
1200.6012	0.02396	0	0
1200.7012	0.02396	0	0
1200.8012	0.02397	0	0
1200.9012	0.02398	0	0
1201.0012	0.02398	0	0
1201.1012	0.02399	0	0
1201.2012	0.024	0	0
1201.3012	0.024	0	0
1201.4012	0.02401	0	0
1201.5012	0.02402	0	0
1201.6012	0.02402	0	0
1201.7012	0.02403	0	0
1201.8012	0.02404	0	0
1201.9012	0.02404	0	0
1202.0012	0.02405	0	0
1202.1012	0.02406	0	0
1202.2012	0.02406	0	0
1202.3012	0.02407	0	0
1202.4012	0.02407	0	0
1202.5012	0.02408	0	0
1202.6012	0.02409	0	0
1202.7012	0.02409	0	0
1202.8012	0.0241	0	0
1202.9012	0.0241	0	0
1203.0012	0.02411	0	0
1203.1012	0.02411	0	0
1203.2012	0.02412	0	0
1203.3012	0.02412	0	0
1203.4012	0.02413	0	0
1203.5012	0.02414	0	0
1203.6012	0.02414	0	0
1203.7012	0.02415	0	0
1203.8012	0.02415	0	0
1203.9012	0.02415	0	0
1204.0012	0.02416	0	0
1204.1012	0.02416	0	0
1204.2012	0.02417	0	0
1204.3012	0.02417	0	0
1204.4012	0.02418	0	0
1204.5012	0.02418	0	0
1204.6012	0.02419	0	0
1204.7012	0.02419	0	0
1204.8012	0.02419	0	0
1204.9012	0.0242	0	0
1205.00121	0.0242	0	0
1205.10121	0.02421	0	0
1205.20121	0.02421	0	0
1205.30121	0.02421	0	0
1205.40121	0.02422	0	0
1205.50121	0.02422	0	0
1205.60121	0.02422	0	0
1205.70121	0.02423	0	0
1205.80121	0.02423	0	0
1205.90121	0.02423	0	0
1206.00121	0.02424	0	0
1206.10121	0.02424	0	0
1206.20121	0.02424	0	0
1206.30121	0.02425	0	0
1206.40121	0.02425	0	0
1206.50121	0.02425	0	0
1206.60121	0.02426	0	0
1206.70121	0.02426	0	0
1206.80121	0.02426	0	0
1206.90121	0.02426	0	0
1207.00121	0.02427	0	0
1207.10121	0.02427	0	0
1207.20121	0.02427	0	0
1207.30121	0.02427	0	0
1207.40121	0.02427	0	0
1207.50121	0.02428	0	0
1207.60121	0.02428	0	0
1207.70121	0.02428	0	0
1207.80121	0.02428	0	0
1207.90121	0.02428	0	0
1208.00121	0.02429	0	0
1208.10121	0.02429	0	0
1208.20121	0.02429	0	0
1208.30121	0.02429	0	0
1208.40121	0.02429	0	0
1208.50121	0.02429	0	0
1208.60121	0.02429	0	0
1208.70121	0.0243	0	0
1208.80121	0.0243	0	0
1208.90121	0.0243	0	0
1209.00121	0.0243	0	0
1209.10121	0.0243	0	0
1209.20121	0.0243	0	0
1209.30121	0.0243	0	0
1209.40121	0.0243	0	0
1209.50121	0.0243	0	0
1209.60121	0.0243	0	0
1209.70121	0.0243	0	0
1209.80121	0.0243	0	0
1209.90121	0.0243	0	0
1210.00121	0.0243	0	0
1210.10121	0.0243	0	0
1210.20121	0.0243	0	0
1210.30121	0.0243	0	0
1210.40121	0.0243	0	0
1210.50121	0.0243	0	0
1210.60121	0.0243	0	0
1210.70121	0.0243	0	0
1210.80121	0.0243	0	0
1210.90121	0.0243	0	0
1211.00121	0.0243	0	0
1211.10121	0.0243	0	0
1211.20121	0.0243	0	0
1211.30121	0.0243	0	0
1211.40121	0.0243	0	0
1211.50121	0.0243	0	0
1211.60121	0.02429	0	0
1211.70121	0.02429	0	0
1211.80121	0.02429	0	0
1211.90121	0.02429	0	0
1212.00121	0.02429	0	0
1212.10121	0.02429	0	0
1212.20121	0.02429	0	0
1212.30121	0.02428	0	0
1212.40121	0.02428	0	0
1212.50121	0.02428	0	0
1212.60121	0.02428	0	0
1212.70121	0.02428	0	0
1212.80121	0.02428	0	0
1212.90121	0.02427	0	0
1213.00121	0.02427	0	0
1213.10121	0.02427	0	0
1213.20121	0.02427	0	0
1213.30121	0.02426	0	0
1213.40121	0.02426	0	0
1213.50121	0.02426	0	0
1213.60121	0.02426	0	0
1213.70121	0.02425	0	0
1213.80121	0.02425	0	0
1213.90121	0.02425	0	0
1214.00121	0.02425	0	0
1214.10121	0.02424	0	0
1214.20121	0.02424	0	0
1214.30121	0.02424	0	0
1214.40121	0.02423	0	0
1214.50121	0.02423	0	0
1214.60121	0.02423	0	0
1214.70121	0.02422	0	0
1214.80121	0.02422	0	0
1214.90121	0.02422	0	0
1215.00122	0.02421	0	0
1215.10122	0.02421	0	0
1215.20122	0.0242	0	0
1215.30122	0.0242	0	0
1215.40122	0.0242	0	0
1215.50122	0.02419	0	0
1215.60122	0.02419	0	0
1215.70122	0.02418	0	0
1215.80122	0.02418	0	0
1215.90122	0.02418	0	0
1216.00122	0.02417	0	0
1216.10122	0.02417	0	0
1216.20122	0.02416	0	0
1216.30122	0.02416	0	0
1216.40122	0.02415	0	0
1216.50122	0.02415	0	0
1216.60122	0.02414	0	0
1216.70122	0.02414	0	0
1216.80122	0.02413	0	0
1216.90122	0.02413	0	0
1217.00122	0.02412	0	0
1217.10122	0.02412	0	0
1217.20122	0.02411	0	0
1217.30122	0.02411	0	0
1217.40122	0.0241	0	0
1217.50122	0.0241	0	0
1217.60122	0.02409	0	0
1217.70122	0.02409	0	0
1217.80122	0.02408	0	0
1217.90122	0.02407	0	0
1218.00122	0.02407	0	0
1218.10122	0.02406	0	0
1218.20122	0.02406	0	0
1218.30122	0.02405	0	0
1218.40122	0.02404	0	0
1218.50122	0.02404	0	0
1218.60122	0.02403	0	0
1218.70122	0.02402	0	0
1218.80122	0.02402	0	0
1218.90122	0.02401	0	0
1219.00122	0.024	0	0
1219.10122	0.024	0	0
1219.20122	0.02399	0	0
1219.30122	0.02398	0	0
1219.40122	0.02398	0	0
1219.50122	0.02397	0	0
1219.60122	0.02396	0	0
1219.70122	0.02396	0	0
1219.80122	0.02395	0	0
1219.90122	0.02394	0	0
1220.00122	0.02393	0	0
1220.10122	0.02393	0	0
1220.20122	0.02392	0	0
1220.30122	0.02391	0	0
1220.40122	0.0239	0	0
1220.50122	0.0239	0	0
1220.60122	0.02389	0	0
1220.70122	0.02388	0	0
1220.80122	0.02387	0	0
1220.90122	0.02387	0	0
1221.00122	0.02386	0	0
1221.10122	0.02385	0	0
1221.20122	0.02384	0	0
1221.30122	0.02383	0	0
1221.40122	0.02382	0	0
1221.50122	0.02382	0	0
1221.60122	0.02381	0	0
1221.70122	0.0238	0	0
1221.80122	0.02379	0	0
1221.90122	0.02378	0	0
1222.00122	0.02377	0	0
1222.10122	0.02376	0	0
1222.20122	0.02376	0	0
1222.30122	0.02375	0	0
1222.40122	0.02374	0	0
1222.50122	0.02373	0	0
1222.60122	0.02372	0	0
1222.70122	0.02371	0	0
1222.80122	0.0237	0	0
1222.90122	0.02369	0	0
1223.00122	0.02368	0	0
1223.10122	0.02367	0	0
1223.20122	0.02366	0	0
1223.30122	0.02365	0	0
1223.40122	0.02364	0	0
1223.50122	0.02363	0	0
1223.60122	0.02362	0	0
1223.70122	0.02361	0	0
1223.80122	0.0236	0	0
1223.90122	0.02359	0	0
1224.00122	0.02358	0	0
1224.10122	0.02357	0	0
1224.20122	0.02356	0	0
1224.30122	0.02355	0	0
1224.40122	0.02354	0	0
1224.50122	0.02353	0	0
1224.60122	0.02352	0	0
1224.70122	0.02351	0	0
1224.80122	0.0235	0	0
1224.90122	0.02349	0	0
1225.00123	0.02348	0	0
1225.10123	0.02347	0	0
1225.20123	0.02345	0	0
1225.30123	0.02344	0	0
1225.40123	0.02343	0	0
1225.50123	0.02342	0	0
1225.60123	0.02341	0	0
1225.70123	0.0234	0	0
1225.80123	0.02339	0	0
1225.90123	0.02338	0	0
1226.00123	0.02336	0	0
1226.10123	0.02335	0	0
1226.20123	0.02334	0	0
1226.30123	0.02333	0	0
1226.40123	0.02332	0	0
1226.50123	0.02331	0	0
1226.60123	0.02329	0	0
1226.70123	0.02328	0	0
1226.80123	0.02327	0	0
1226.90123	0.02326	0	0
1227.00123	0.02324	0	0
1227.10123	0.02323	0	0
1227.20123	0.02322	0	0
1227.30123	0.02321	0	0
1227.40123	0.02319	0	0
1227.50123	0.02318	0	0
1227.60123	0.02317	0	0
1227.70123	0.02316	0	0
1227.80123	0.02314	0	0
1227.90123	0.02313	0	0
1228.00123	0.02312	0	0
1228.10123	0.02311	0	0
1228.20123	0.02309	0	0
1228.30123	0.02308	0	0
1228.40123	0.02307	0	0
1228.50123	0.02305	0	0
1228.60123	0.02304	0	0
1228.70123	0.02303	0	0
1228.80123	0.02301	0	0
1228.90123	0.023	0	0
1229.00123	0.02299	0	0
1229.10123	0.02297	0	0
1229.20123	0.02296	0	0
1229.30123	0.02294	0	0
1229.40123	0.02293	0	0
1229.50123	0.02292	0	0
1229.60123	0.0229	0	0
1229.70123	0.02289	0	0
1229.80123	0.02287	0	0
1229.90123	0.02286	0	0
1230.00123	0.02285	0	0
1230.10123	0.02283	0	0
1230.20123	0.02282	0	0
1230.30123	0.0228	0	0
1230.40123	0.02279	0	0
1230.50123	0.02277	0	0
1230.60123	0.02276	0	0
1230.70123	0.02274	0	0
1230.80123	0.02273	0	0
1230.90123	0.02271	0	0
1231.00123	0.0227	0	0
1231.10123	0.02268	0	0
1231.20123	0.02267	0	0
1231.30123	0.02265	0	0
1231.40123	0.02264	0	0
1231.50123	0.02262	0	0
1231.60123	0.02261	0	0
1231.70123	0.02259	0	0
1231.80123	0.02258	0	0
1231.90123	0.02256	0	0
1232.00123	0.02255	0	0
1232.10123	0.02253	0	0
1232.20123	0.02252	0	0
1232.30123	0.0225	0	0
1232.40123	0.02248	0	0
1232.50123	0.02247	0	0
1232.60123	0.02245	0	0
1232.70123	0.02244	0	0
1232.80123	0.02242	0	0
1232.90123	0.0224	0	0
1233.00123	0.02239	0	0
1233.10123	0.02237	0	0
1233.20123	0.02235	0	0
1233.30123	0.02234	0	0
1233.40123	0.02232	0	0
1233.50123	0.02231	0	0
1233.60123	0.02229	0	0
1233.70123	0.02227	0	0
1233.80123	0.02226	0	0
1233.90123	0.02224	0	0
1234.00123	0.02222	0	0
1234.10123	0.02221	0	0
1234.20123	0.02219	0	0
1234.30123	0.02217	0	0
1234.40123	0.02215	0	0
1234.50123	0.02214	0	0
1234.60123	0.02212	0	0
1234.70123	0.0221	0	0
1234.80123	0.02209	0	0
1234.90123	0.02207	0	0
1235.00124	0.02205	0	0
1235.10124	0.02203	0	0
1235.20124	0.02202	0	0
1235.30124	0.022	0	0
1235.40124	0.02198	0	0
1235.50124	0.02196	0	0
1235.60124	0.02194	0	0
1235.70124	0.02193	0	0
1235.80124	0.02191	0	0
1235.90124	0.02189	0	0
1236.00124	0.02187	0	0
1236.10124	0.02185	0	0
1236.20124	0.02184	0	0
1236.30124	0.02182	0	0
1236.40124	0.0218	0	0
1236.50124	0.02178	0	0
1236.60124	0.02176	0	0
1236.70124	0.02174	0	0
1236.80124	0.02173	0	0
1236.90124	0.02171	0	0
1237.00124	0.02169	0	0
1237.10124	0.02167	0	0
1237.20124	0.02165	0	0
1237.30124	0.02163	0	0
1237.40124	0.02161	0	0
1237.50124	0.02159	0	0
1237.60124	0.02158	0	0
1237.70124	0.02156	0	0
1237.80124	0.02154	0	0
1237.90124	0.02152	0	0
1238.00124	0.0215	0	0
1238.10124	0.02148	0	0
1238.20124	0.02146	0	0
1238.30124	0.02144	0	0
1238.40124	0.02142	0	0
1238.50124	0.0214	0	0
1238.60124	0.02138	0	0
1238.70124	0.02136	0	0
1238.80124	0.02134	0	0
1238.90124	0.02132	0	0
1239.00124	0.0213	0	0
1239.10124	0.02128	0	0
1239.20124	0.02126	0	0
1239.30124	0.02124	0	0
1239.40124	0.02122	0	0
1239.50124	0.0212	0	0
1239.60124	0.02118	0	0
1239.70124	0.02116	0	0
1239.80124	0.02114	0	0
1239.90124	0.02112	0	0
1240.00124	0.0211	0	0
1240.10124	0.02108	0	0
1240.20124	0.02106	0	0
1240.30124	0.02104	0	0
1240.40124	0.02102	0	0
1240.50124	0.021	0	0
1240.60124	0.02098	0	0
1240.70124	0.02096	0	0
1240.80124	0.02094	0	0
1240.90124	0.02092	0	0
1241.00124	0.02089	0	0
1241.10124	0.02087	0	0
1241.20124	0.02085	0	0
1241.30124	0.02083	0	0
1241.40124	0.02081	0	0
1241.50124	0.02079	0	0
1241.60124	0.02077	0	0
1241.70124	0.02075	0	0
1241.80124	0.02073	0	0
1241.90124	0.0207	0	0
1242.00124	0.02068	0	0
1242.10124	0.02066	0	0
1242.20124	0.02064	0	0
1242.30124	0.02062	0	0
1242.40124	0.0206	0	0
1242.50124	0.02057	0	0
1242.60124	0.02055	0	0
1242.70124	0.02053	0	0
1242.80124	0.02051	0	0
1242.90124	0.02049	0	0
1243.00124	0.02046	0	0
1243.10124	0.02044	0	0
1243.20124	0.02042	0	0
1243.30124	0.0204	0	0
1243.40124	0.02038	0	0
1243.50124	0.02035	0	0
1243.60124	0.02033	0	0
1243.70124	0.02031	0	0
1243.80124	0.02029	0	0
1243.90124	0.02026	0	0
1244.00124	0.02024	0	0
1244.10124	0.02022	0	0
1244.20124	0.0202	0	0
1244.30124	0.02017	0	0
1244.40124	0.02015	0	0
1244.50124	0.02013	0	0
1244.60124	0.0201	0	0
1244.70124	0.02008	0	0
1244.80124	0.02006	0	0
1244.90124	0.02004	0	0
1245.00125	0.02001	0	0
1245.10125	0.01999	0	0
1245.20125	0.01997	0	0
1245.30125	0.01994	0	0
1245.40125	0.01992	0	0
1245.50125	0.0199	0	0
1245.60125	0.01987	0	0
1245.70125	0.01985	0	0
1245.80125	0.01983	0	0
1245.90125	0.0198	0	0
1246.00125	0.01978	0	0
1246.10125	0.01975	0	0
1246.20125	0.01973	0	0
1246.30125	0.01971	0	0
1246.40125	0.01968	0	0
1246.50125	0.01966	0	0
1246.60125	0.01964	0	0
1246.70125	0.01961	0	0
1246.80125	0.01959	0	0
1246.90125	0.01956	0	0
1247.00125	0.01954	0	0
1247.10125	0.01952	0	0
1247.20125	0.01949	0	0
1247.30125	0.01947	0	0
1247.40125	0.01944	0	0
1247.50125	0.01942	0	0
1247.60125	0.01939	0	0
1247.70125	0.01937	0	0
1247.80125	0.01935	0	0
1247.90125	0.01932	0	0
1248.00125	0.0193	0	0
1248.10125	0.01927	0	0
1248.20125	0.01925	0	0
1248.30125	0.01922	0	0
1248.40125	0.0192	0	0
1248.50125	0.01917	0	0
1248.60125	0.01915	0	0
1248.70125	0.01912	0	0
1248.80125	0.0191	0	0
1248.90125	0.01907	0	0
1249.00125	0.01905	0	0
1249.10125	0.01902	0	0
1249.20125	0.019	0	0
1249.30125	0.01897	0	0
1249.40125	0.01895	0	0
1249.50125	0.01892	0	0
1249.60125	0.0189	0	0
1249.70125	0.01887	0	0
1249.80125	0.01885	0	0
1249.90125	0.01882	0	0
1250.00125	0.0188	0	0
1250.10125	0.01877	0	0
1250.20125	0.01874	0	0
1250.30125	0.01872	0	0
1250.40125	0.01869	0	0
1250.50125	0.01867	0	0
1250.60125	0.01864	0	0
1250.70125	0.01862	0	0
1250.80125	0.01859	0	0
1250.90125	0.01856	0	0
1251.00125	0.01854	0	0
1251.10125	0.01851	0	0
1251.20125	0.01849	0	0
1251.30125	0.01846	0	0
1251.40125	0.01843	0	0
1251.50125	0.01841	0	0
1251.60125	0.01838	0	0
1251.70125	0.01835	0	0
1251.80125	0.01833	0	0
1251.90125	0.0183	0	0
1252.00125	0.01828	0	0
1252.10125	0.01825	0	0
1252.20125	0.01822	0	0
1252.30125	0.0182	0	0
1252.40125	0.01817	0	0
1252.50125	0.01814	0	0
1252.60125	0.01812	0	0
1252.70125	0.01809	0	0
1252.80125	0.01806	0	0
1252.90125	0.01804	0	0
1253.00125	0.01801	0	0
1253.10125	0.01798	0	0
1253.20125	0.01796	0	0
1253.30125	0.01793	0	0
1253.40125	0.0179	0	0
1253.50125	0.01787	0	0
1253.60125	0.01785	0	0
1253.70125	0.01782	0	0
1253.80125	0.01779	0	0
1253.90125	0.01777	0	0
1254.00125	0.01774	0	0
1254.10125	0.01771	0	0
1254.20125	0.01768	0	0
1254.30125	0.01766	0	0
1254.40125	0.01763	0	0
1254.50125	0.0176	0	0
1254.60125	0.01757	0	0
1254.70125	0.01755	0	0
1254.80125	0.01752	0	0
1254.90125	0.01749	0	0
1255.00126	0.01746	0	0
1255.10126	0.01744	0	0
1255.20126	0.01741	0	0
1255.30126	0.01738	0	0
1255.40126	0.01735	0	0
1255.50126	0.01733	0	0
1255.60126	0.0173	0	0
1255.70126	0.01727	0	0
1255.80126	0.01724	0	0
1255.90126	0.01721	0	0
1256.00126	0.01719	0	0
1256.10126	0.01716	0	0
1256.20126	0.01713	0	0
1256.30126	0.0171	0	0
1256.40126	0.01707	0	0
1256.50126	0.01705	0	0
1256.60126	0.01702	0	0
1256.70126	0.01699	0	0
1256.80126	0.01696	0	0
1256.90126	0.01693	0	0
1257.00126	0.0169	0	0
1257.10126	0.01688	0	0
1257.20126	0.01685	0	0
1257.30126	0.01682	0	0
1257.40126	0.01679	0	0
1257.50126	0.01676	0	0
1257.60126	0.01673	0	0
1257.70126	0.0167	0	0
1257.80126	0.01668	0	0
1257.90126	0.01665	0	0
1258.00126	0.01662	0	0
1258.10126	0.01659	0	0
1258.20126	0.01656	0	0
1258.30126	0.01653	0	0
1258.40126	0.0165	0	0
1258.50126	0.01647	0	0
1258.60126	0.01645	0	0
1258.70126	0.01642	0	0
1258.80126	0.01639	0	0
1258.90126	0.01636	0	0
1259.00126	0.01633	0	0
1259.10126	0.0163	0	0
1259.20126	0.01627	0	0
1259.30126	0.01624	0	0
1259.40126	0.01621	0	0
1259.50126	0.01618	0	0
1259.60126	0.01615	0	0
1259.70126	0.01612	0	0
1259.80126	0.0161	0	0
1259.90126	0.01607	0	0
1260.00126	0.01604	0	0
1260.10126	0.01601	0	0
1260.20126	0.01598	0	0
1260.30126	0.01595	0	0
1260.40126	0.01592	0	0
1260.50126	0.01589	0	0
1260.60126	0.01586	0	0
1260.70126	0.01583	0	0
1260.80126	0.0158	0	0
1260.90126	0.01577	0	0
1261.00126	0.01574	0	0
1261.10126	0.01571	0	0
1261.20126	0.01568	0	0
1261.30126	0.01565	0	0
1261.40126	0.01562	0	0
1261.50126	0.01559	0	0
1261.60126	0.01556	0	0
1261.70126	0.01553	0	0
1261.80126	0.0155	0	0
1261.90126	0.01547	0	0
1262.00126	0.01544	0	0
1262.10126	0.01541	0	0
1262.20126	0.01538	0	0
1262.30126	0.01535	0	0
1262.40126	0.01532	0	0
1262.50126	0.01529	0	0
1262.60126	0.01526	0	0
1262.70126	0.01523	0	0
1262.80126	0.0152	0	0
1262.90126	0.01517	0	0
1263.00126	0.01514	0	0
1263.10126	0.01511	0	0
1263.20126	0.01508	0	0
1263.30126	0.01505	0	0
1263.40126	0.01502	0	0
1263.50126	0.01499	0	0
1263.60126	0.01496	0	0
1263.70126	0.01493	0	0
1263.80126	0.0149	0	0
1263.90126	0.01487	0	0
1264.00126	0.01483	0	0
1264.10126	0.0148	0	0
1264.20126	0.01477	0	0
1264.30126	0.01474	0	0
1264.40126	0.01471	0	0
1264.50126	0.01468	0	0
1264.60126	0.01465	0	0
1264.70126	0.01462	0	0
1264.80126	0.01459	0	0
1264.90126	0.01456	0	0
1265.00127	0.01453	0	0
1265.10127	0.0145	0	0
1265.20127	0.01447	0	0
1265.30127	0.01443	0	0
1265.40127	0.0144	0	0
1265.50127	0.01437	0	0
1265.60127	0.01434	0	0
1265.70127	0.01431	0	0
1265.80127	0.01428	0	0
1265.90127	0.01425	0	0
1266.00127	0.01422	0	0
1266.10127	0.01419	0	0
1266.20127	0.01415	0	0
1266.30127	0.01412	0	0
1266.40127	0.01409	0	0
1266.50127	0.01406	0	0
1266.60127	0.01403	0	0
1266.70127	0.014	0	0
1266.80127	0.01397	0	0
1266.90127	0.01394	0	0
1267.00127	0.0139	0	0
1267.10127	0.01387	0	0
1267.20127	0.01384	0	0
1267.30127	0.01381	0	0
1267.40127	0.01378	0	0
1267.50127	0.01375	0	0
1267.60127	0.01372	0	0
1267.70127	0.01368	0	0
1267.80127	0.01365	0	0
1267.90127	0.01362	0	0
1268.00127	0.01359	0	0
1268.10127	0.01356	0	0
1268.20127	0.01353	0	0
1268.30127	0.01349	0	0
1268.40127	0.01346	0	0
1268.50127	0.01343	0	0
1268.60127	0.0134	0	0
1268.70127	0.01337	0	0
1268.80127	0.01334	0	0
1268.90127	0.0133	0	0
1269.00127	0.01327	0	0
1269.10127	0.01324	0	0
1269.20127	0.01321	0	0
1269.30127	0.01318	0	0
1269.40127	0.01314	0	0
1269.50127	0.01311	0	0
1269.60127	0.01308	0	0
1269.70127	0.01305	0	0
1269.80127	0.01302	0	0
1269.90127	0.01299	0	0
1270.00127	0.01295	0	0
1270.10127	0.01292	0	0
1270.20127	0.01289	0	0
1270.30127	0.01286	0	0
1270.40127	0.01282	0	0
1270.50127	0.01279	0	0
1270.60127	0.01276	0	0
1270.70127	0.01273	0	0
1270.80127	0.0127	0	0
1270.90127	0.01266	0	0
1271.00127	0.01263	0	0
1271.10127	0.0126	0	0
1271.20127	0.01257	0	0
1271.30127	0.01254	0	0
1271.40127	0.0125	0	0
1271.50127	0.01247	0	0
1271.60127	0.01244	0	0
1271.70127	0.01241	0	0
1271.80127	0.01237	0	0
1271.90127	0.01234	0	0
1272.00127	0.01231	0	0
1272.10127	0.01228	0	0
1272.20127	0.01224	0	0
1272.30127	0.01221	0	0
1272.40127	0.01218	0	0
1272.50127	0.01215	0	0
1272.60127	0.01211	0	0
1272.70127	0.01208	0	0
1272.80127	0.01205	0	0
1272.90127	0.01202	0	0
1273.00127	0.01198	0	0
1273.10127	0.01195	0	0
1273.20127	0.01192	0	0
1273.30127	0.01189	0	0
1273.40127	0.01185	0	0
1273.50127	0.01182	0	0
1273.60127	0.01179	0	0
1273.70127	0.01176	0	0
1273.80127	0.01172	0	0
1273.90127	0.01169	0	0
1274.00127	0.01166	0	0
1274.10127	0.01163	0	0
1274.20127	0.01159	0	0
1274.30127	0.01156	0	0
1274.40127	0.01153	0	0
1274.50127	0.0115	0	0
1274.60127	0.01146	0	0
1274.70127	0.01143	0	0
1274.80127	0.0114	0	0
1274.90127	0.01136	0	0
1275.00128	0.01133	0	0
1275.10128	0.0113	0	0
1275.20128	0.01127	0	0
1275.30128	0.01123	0	0
1275.40128	0.0112	0	0
1275.50128	0.01117	0	0
1275.60128	0.01113	0	0
1275.70128	0.0111	0	0
1275.80128	0.01107	0	0
1275.90128	0.01104	0	0
1276.00128	0.011	0	0
1276.10128	0.01097	0	0
1276.20128	0.01094	0	0
1276.30128	0.0109	0	0
1276.40128	0.01087	0	0
1276.50128	0.01084	0	0
1276.60128	0.01081	0	0
1276.70128	0.01077	0	0
1276.80128	0.01074	0	0
1276.90128	0.01071	0	0
1277.00128	0.01067	0	0
1277.10128	0.01064	0	0
1277.20128	0.01061	0	0
1277.30128	0.01057	0	0
1277.40128	0.01054	0	0
1277.50128	0.01051	0	0
1277.60128	0.01048	0	0
1277.70128	0.01044	0	0
1277.80128	0.01041	0	0
1277.90128	0.01038	0	0
1278.00128	0.01034	0	0
1278.10128	0.01031	0	0
1278.20128	0.01028	0	0
1278.30128	0.01024	0	0
1278.40128	0.01021	0	0
1278.50128	0.01018	0	0
1278.60128	0.01014	0	0
1278.70128	0.01011	0	0
1278.80128	0.01008	0	0
1278.90128	0.01005	0	0
1279.00128	0.01001	0	0
1279.10128	0.00998	0	0
1279.20128	0.00995	0	0
1279.30128	0.00991	0	0
1279.40128	0.00988	0	0
1279.50128	0.00985	0	0
1279.60128	0.00981	0	0
1279.70128	0.00978	0	0
1279.80128	0.00975	0	0
1279.90128	0.00971	0	0
1280.00128	0.00968	0	0
1280.10128	0.00965	0	0
1280.20128	0.00961	0	0
1280.30128	0.00958	0	0
1280.40128	0.00955	0	0
1280.50128	0.00951	0	0
1280.60128	0.00948	0	0
1280.70128	0.00945	0	0
1280.80128	0.00941	0	0
1280.90128	0.00938	0	0
1281.00128	0.00935	0	0
1281.10128	0.00931	0	0
1281.20128	0.00928	0	0
1281.30128	0.00925	0	0
1281.40128	0.00921	0	0
1281.50128	0.00918	0	0
1281.60128	0.00915	0	0
1281.70128	0.00911	0	0
1281.80128	0.00908	0	0
1281.90128	0.00905	0	0
1282.00128	0.00902	0	0
1282.10128	0.00898	0	0
1282.20128	0.00895	0	0
1282.30128	0.00892	0	0
1282.40128	0.00888	0	0
1282.50128	0.00885	0	0
1282.60128	0.00882	0	0
1282.70128	0.00878	0	0
1282.80128	0.00875	0	0
1282.90128	0.00872	0	0
1283.00128	0.00868	0	0
1283.10128	0.00865	0	0
1283.20128	0.00862	0	0
1283.30128	0.00858	0	0
1283.40128	0.00855	0	0
1283.50128	0.00852	0	0
1283.60128	0.00848	0	0
1283.70128	0.00845	0	0
1283.80128	0.00842	0	0
1283.90128	0.00838	0	0
1284.00128	0.00835	0	0
1284.10128	0.00832	0	0
1284.20128	0.00828	0	0
1284.30128	0.00825	0	0
1284.40128	0.00822	0	0
1284.50128	0.00818	0	0
1284.60128	0.00815	0	0
1284.70128	0.00812	0	0
1284.80128	0.00808	0	0
1284.90128	0.00805	0	0
1285.00129	0.00802	0	0
1285.10129	0.00798	0	0
1285.20129	0.00795	0	0
1285.30129	0.00792	0	0
1285.40129	0.00788	0	0
1285.50129	0.00785	0	0
1285.60129	0.00782	0	0
1285.70129	0.00778	0	0
1285.80129	0.00775	0	0
1285.90129	0.00772	0	0
1286.00129	0.00768	0	0
1286.10129	0.00765	0	0
1286.20129	0.00762	0	0
1286.30129	0.00758	0	0
1286.40129	0.00755	0	0
1286.50129	0.00752	0	0
1286.60129	0.00748	0	0
1286.70129	0.00745	0	0
1286.80129	0.00742	0	0
1286.90129	0.00738	0	0
1287.00129	0.00735	0	0
1287.10129	0.00732	0	0
1287.20129	0.00728	0	0
1287.30129	0.00725	0	0
1287.40129	0.00722	0	0
1287.50129	0.00718	0	0
1287.60129	0.00715	0	0
1287.70129	0.00712	0	0
1287.80129	0.00709	0	0
1287.90129	0.00705	0	0
1288.00129	0.00702	0	0
1288.10129	0.00699	0	0
1288.20129	0.00695	0	0
1288.30129	0.00692	0	0
1288.40129	0.00689	0	0
1288.50129	0.00685	0	0
1288.60129	0.00682	0	0
1288.70129	0.00679	0	0
1288.80129	0.00675	0	0
1288.90129	0.00672	0	0
1289.00129	0.00669	0	0
1289.10129	0.00665	0	0
1289.20129	0.00662	0	0
1289.30129	0.00659	0	0
1289.40129	0.00656	0	0
1289.50129	0.00652	0	0
1289.60129	0.00649	0	0
1289.70129	0.00646	0	0
1289.80129	0.00642	0	0
1289.90129	0.00639	0	0
1290.00129	0.00636	0	0
1290.10129	0.00632	0	0
1290.20129	0.00629	0	0
1290.30129	0.00626	0	0
1290.40129	0.00622	0	0
1290.50129	0.00619	0	0
1290.60129	0.00616	0	0
1290.70129	0.00613	0	0
1290.80129	0.00609	0	0
1290.90129	0.00606	0	0
1291.00129	0.00603	0	0
1291.10129	0.00599	0	0
1291.20129	0.00596	0	0
1291.30129	0.00593	0	0
1291.40129	0.0059	0	0
1291.50129	0.00586	0	0
1291.60129	0.00583	0	0
1291.70129	0.0058	0	0
1291.80129	0.00576	0	0
1291.90129	0.00573	0	0
1292.00129	0.0057	0	0
1292.10129	0.00567	0	0
1292.20129	0.00563	0	0
1292.30129	0.0056	0	0
1292.40129	0.00557	0	0
1292.50129	0.00553	0	0
1292.60129	0.0055	0	0
1292.70129	0.00547	0	0
1292.80129	0.00544	0	0
1292.90129	0.0054	0	0
1293.00129	0.00537	0	0
1293.10129	0.00534	0	0
1293.20129	0.00531	0	0
1293.30129	0.00527	0	0
1293.40129	0.00524	0	0
1293.50129	0.00521	0	0
1293.60129	0.00517	0	0
1293.70129	0.00514	0	0
1293.80129	0.00511	0	0
1293.90129	0.00508	0	0
1294.00129	0.00504	0	0
1294.10129	0.00501	0	0
1294.20129	0.00498	0	0
1294.30129	0.00495	0	0
1294.40129	0.00491	0	0
1294.50129	0.00488	0	0
1294.60129	0.00485	0	0
1294.70129	0.00482	0	0
1294.80129	0.00478	0	0
1294.90129	0.00475	0	0
1295.0013	0.00472	0	0
1295.1013	0.00469	0	0
1295.2013	0.00465	0	0
1295.3013	0.00462	0	0
1295.4013	0.00459	0	0
1295.5013	0.00456	0	0
1295.6013	0.00453	0	0
1295.7013	0.00449	0	0
1295.8013	0.00446	0	0
1295.9013	0.00443	0	0
1296.0013	0.0044	0	0
1296.1013	0.00436	0	0
1296.2013	0.00433	0	0
1296.3013	0.0043	0	0
1296.4013	0.00427	0	0
1296.5013	0.00423	0	0
1296.6013	0.0042	0	0
1296.7013	0.00417	0	0
1296.8013	0.00414	0	0
1296.9013	0.00411	0	0
1297.0013	0.00407	0	0
1297.1013	0.00404	0	0
1297.2013	0.00401	0	0
1297.3013	0.00398	0	0
1297.4013	0.00395	0	0
1297.5013	0.00391	0	0
1297.6013	0.00388	0	0
1297.7013	0.00385	0	0
1297.8013	0.00382	0	0
1297.9013	0.00379	0	0
1298.0013	0.00375	0	0
1298.1013	0.00372	0	0
1298.2013	0.00369	0	0
1298.3013	0.00366	0	0
1298.4013	0.00363	0	0
1298.5013	0.00359	0	0
1298.6013	0.00356	0	0
1298.7013	0.00353	0	0
1298.8013	0.0035	0	0
1298.9013	0.00347	0	0
1299.0013	0.00344	0	0
1299.1013	0.0034	0	0
1299.2013	0.00337	0	0
1299.3013	0.00334	0	0
1299.4013	0.00331	0	0
1299.5013	0.00328	0	0
1299.6013	0.00325	0	0
1299.7013	0.00321	0	0
1299.8013	0.00318	0	0
1299.9013	0.00315	0	0
1300.0013	0.00312	0	0
1300.1013	0.00309	0	0
1300.2013	0.00306	0	0
1300.3013	0.00303	0	0
1300.4013	0.00299	0	0
1300.5013	0.00296	0	0
1300.6013	0.00293	0	0
1300.7013	0.0029	0	0
1300.8013	0.00287	0	0
1300.9013	0.00284	0	0
1301.0013	0.00281	0	0
1301.1013	0.00277	0	0
1301.2013	0.00274	0	0
1301.3013	0.00271	0	0
1301.4013	0.00268	0	0
1301.5013	0.00265	0	0
1301.6013	0.00262	0	0
1301.7013	0.00259	0	0
1301.8013	0.00256	0	0
1301.9013	0.00253	0	0
1302.0013	0.00249	0	0
1302.1013	0.00246	0	0
1302.2013	0.00243	0	0
1302.3013	0.0024	0	0
1302.4013	0.00237	0	0
1302.5013	0.00234	0	0
1302.6013	0.00231	0	0
1302.7013	0.00228	0	0
1302.8013	0.00225	0	0
1302.9013	0.00222	0	0
1303.0013	0.00219	0	0
1303.1013	0.00215	0	0
1303.2013	0.00212	0	0
1303.3013	0.00209	0	0
1303.4013	0.00206	0	0
1303.5013	0.00203	0	0
1303.6013	0.002	0	0
1303.7013	0.00197	0	0
1303.8013	0.00194	0	0
1303.9013	0.00191	0	0
1304.0013	0.00188	0	0
1304.1013	0.00185	0	0
1304.2013	0.00182	0	0
1304.3013	0.00179	0	0
1304.4013	0.00176	0	0
1304.5013	0.00173	0	0
1304.6013	0.0017	0	0
1304.7013	0.00167	0	0
1304.8013	0.00164	0	0
1304.9013	0.0016	0	0
1305.00131	0.00157	0	0
1305.10131	0.00154	0	0
1305.20131	0.00151	0	0
1305.30131	0.00148	0	0
1305.40131	0.00145	0	0
1305.50131	0.00142	0	0
1305.60131	0.00139	0	0
1305.70131	0.00136	0	0
1305.80131	0.00133	0	0
1305.90131	0.0013	0	0
1306.00131	0.00127	0	0
1306.10131	0.00124	0	0
1306.20131	0.00121	0	0
1306.30131	0.00118	0	0
1306.40131	0.00115	0	0
1306.50131	0.00112	0	0
1306.60131	0.00109	0	0
1306.70131	0.00106	0	0
1306.80131	0.00103	0	0
1306.90131	0.001	0	0
1307.00131	9.74641E-4	0	0
1307.10131	9.44955E-4	0	0
1307.20131	9.15298E-4	0	0
1307.30131	8.85672E-4	0	0
1307.40131	8.56076E-4	0	0
1307.50131	8.2651E-4	0	0
1307.60131	7.96974E-4	0	0
1307.70131	7.67468E-4	0	0
1307.80131	7.37994E-4	0	0
1307.90131	7.0855E-4	0	0
1308.00131	6.79136E-4	0	0
1308.10131	6.49754E-4	0	0
1308.20131	6.20403E-4	0	0
1308.30131	5.91082E-4	0	0
1308.40131	5.61793E-4	0	0
1308.50131	5.32536E-4	0	0
1308.60131	5.03309E-4	0	0
1308.70131	4.74114E-4	0	0
1308.80131	4.44951E-4	0	0
1308.90131	4.1582E-4	0	0
1309.00131	3.86721E-4	0	0
1309.10131	3.57653E-4	0	0
1309.20131	3.28618E-4	0	0
1309.30131	2.99614E-4	0	0
1309.40131	2.70644E-4	0	0
1309.50131	2.41705E-4	0	0
1309.60131	2.12799E-4	0	0
1309.70131	1.83926E-4	0	0
1309.80131	1.55085E-4	0	0
1309.90131	1.26278E-4	0	0
1310.00131	9.75027E-5	0	0
1310.10131	6.8761E-5	0	0
1310.20131	4.00524E-5	0	0
1310.30131	1.13771E-5	0	0
1310.40131	-1.72649E-5	0	0
1310.50131	-4.58733E-5	0	0
1310.60131	-7.44482E-5	0	0
1310.70131	-1.02989E-4	0	0
1310.80131	-1.31497E-4	0	0
1310.90131	-1.5997E-4	0	0
1311.00131	-1.8841E-4	0	0
1311.10131	-2.16815E-4	0	0
1311.20131	-2.45186E-4	0	0
1311.30131	-2.73523E-4	0	0
1311.40131	-3.01826E-4	0	0
1311.50131	-3.30093E-4	0	0
1311.60131	-3.58327E-4	0	0
1311.70131	-3.86525E-4	0	0
1311.80131	-4.14689E-4	0	0
1311.90131	-4.42818E-4	0	0
1312.00131	-4.70911E-4	0	0
1312.10131	-4.9897E-4	0	0
1312.20131	-5.26993E-4	0	0
1312.30131	-5.54981E-4	0	0
1312.40131	-5.82934E-4	0	0
1312.50131	-6.10851E-4	0	0
1312.60131	-6.38732E-4	0	0
1312.70131	-6.66578E-4	0	0
1312.80131	-6.94387E-4	0	0
1312.90131	-7.22161E-4	0	0
1313.00131	-7.49899E-4	0	0
1313.10131	-7.776E-4	0	0
1313.20131	-8.05266E-4	0	0
1313.30131	-8.32895E-4	0	0
1313.40131	-8.60487E-4	0	0
1313.50131	-8.88043E-4	0	0
1313.60131	-9.15562E-4	0	0
1313.70131	-9.43045E-4	0	0
1313.80131	-9.7049E-4	0	0
1313.90131	-9.97899E-4	0	0
1314.00131	-0.00103	0	0
1314.10131	-0.00105	0	0
1314.20131	-0.00108	0	0
1314.30131	-0.00111	0	0
1314.40131	-0.00113	0	0
1314.50131	-0.00116	0	0
1314.60131	-0.00119	0	0
1314.70131	-0.00122	0	0
1314.80131	-0.00124	0	0
1314.90131	-0.00127	0	0
1315.00132	-0.0013	0	0
1315.10132	-0.00132	0	0
1315.20132	-0.00135	0	0
1315.30132	-0.00138	0	0
1315.40132	-0.0014	0	0
1315.50132	-0.00143	0	0
1315.60132	-0.00146	0	0
1315.70132	-0.00148	0	0
1315.80132	-0.00151	0	0
1315.90132	-0.00154	0	0
1316.00132	-0.00156	0	0
1316.10132	-0.00159	0	0
1316.20132	-0.00162	0	0
1316.30132	-0.00164	0	0
1316.40132	-0.00167	0	0
1316.50132	-0.0017	0	0
1316.60132	-0.00172	0	0
1316.70132	-0.00175	0	0
1316.80132	-0.00178	0	0
1316.90132	-0.0018	0	0
1317.00132	-0.00183	0	0
1317.10132	-0.00185	0	0
1317.20132	-0.00188	0	0
1317.30132	-0.00191	0	0
1317.40132	-0.00193	0	0
1317.50132	-0.00196	0	0
1317.60132	-0.00199	0	0
1317.70132	-0.00201	0	0
1317.80132	-0.00204	0	0
1317.90132	-0.00206	0	0
1318.00132	-0.00209	0	0
1318.10132	-0.00211	0	0
1318.20132	-0.00214	0	0
1318.30132	-0.00217	0	0
1318.40132	-0.00219	0	0
1318.50132	-0.00222	0	0
1318.60132	-0.00224	0	0
1318.70132	-0.00227	0	0
1318.80132	-0.00229	0	0
1318.90132	-0.00232	0	0
1319.00132	-0.00234	0	0
1319.10132	-0.00237	0	0
1319.20132	-0.0024	0	0
1319.30132	-0.00242	0	0
1319.40132	-0.00245	0	0
1319.50132	-0.00247	0	0
1319.60132	-0.0025	0	0
1319.70132	-0.00252	0	0
1319.80132	-0.00255	0	0
1319.90132	-0.00257	0	0
1320.00132	-0.0026	0	0
1320.10132	-0.00262	0	0
1320.20132	-0.00265	0	0
1320.30132	-0.00267	0	0
1320.40132	-0.0027	0	0
1320.50132	-0.00272	0	0
1320.60132	-0.00275	0	0
1320.70132	-0.00277	0	0
1320.80132	-0.00279	0	0
1320.90132	-0.00282	0	0
1321.00132	-0.00284	0	0
1321.10132	-0.00287	0	0
1321.20132	-0.00289	0	0
1321.30132	-0.00292	0	0
1321.40132	-0.00294	0	0
1321.50132	-0.00297	0	0
1321.60132	-0.00299	0	0
1321.70132	-0.00301	0	0
1321.80132	-0.00304	0	0
1321.90132	-0.00306	0	0
1322.00132	-0.00309	0	0
1322.10132	-0.00311	0	0
1322.20132	-0.00313	0	0
1322.30132	-0.00316	0	0
1322.40132	-0.00318	0	0
1322.50132	-0.00321	0	0
1322.60132	-0.00323	0	0
1322.70132	-0.00325	0	0
1322.80132	-0.00328	0	0
1322.90132	-0.0033	0	0
1323.00132	-0.00333	0	0
1323.10132	-0.00335	0	0
1323.20132	-0.00337	0	0
1323.30132	-0.0034	0	0
1323.40132	-0.00342	0	0
1323.50132	-0.00344	0	0
1323.60132	-0.00347	0	0
1323.70132	-0.00349	0	0
1323.80132	-0.00351	0	0
1323.90132	-0.00354	0	0
1324.00132	-0.00356	0	0
1324.10132	-0.00358	0	0
1324.20132	-0.00361	0	0
1324.30132	-0.00363	0	0
1324.40132	-0.00365	0	0
1324.50132	-0.00367	0	0
1324.60132	-0.0037	0	0
1324.70132	-0.00372	0	0
1324.80132	-0.00374	0	0
1324.90132	-0.00377	0	0
1325.00133	-0.00379	0	0
1325.10133	-0.00381	0	0
1325.20133	-0.00383	0	0
1325.30133	-0.00386	0	0
1325.40133	-0.00388	0	0
1325.50133	-0.0039	0	0
1325.60133	-0.00392	0	0
1325.70133	-0.00395	0	0
1325.80133	-0.00397	0	0
1325.90133	-0.00399	0	0
1326.00133	-0.00401	0	0
1326.10133	-0.00404	0	0
1326.20133	-0.00406	0	0
1326.30133	-0.00408	0	0
1326.40133	-0.0041	0	0
1326.50133	-0.00412	0	0
1326.60133	-0.00415	0	0
1326.70133	-0.00417	0	0
1326.80133	-0.00419	0	0
1326.90133	-0.00421	0	0
1327.00133	-0.00423	0	0
1327.10133	-0.00426	0	0
1327.20133	-0.00428	0	0
1327.30133	-0.0043	0	0
1327.40133	-0.00432	0	0
1327.50133	-0.00434	0	0
1327.60133	-0.00436	0	0
1327.70133	-0.00438	0	0
1327.80133	-0.00441	0	0
1327.90133	-0.00443	0	0
1328.00133	-0.00445	0	0
1328.10133	-0.00447	0	0
1328.20133	-0.00449	0	0
1328.30133	-0.00451	0	0
1328.40133	-0.00453	0	0
1328.50133	-0.00455	0	0
1328.60133	-0.00458	0	0
1328.70133	-0.0046	0	0
1328.80133	-0.00462	0	0
1328.90133	-0.00464	0	0
1329.00133	-0.00466	0	0
1329.10133	-0.00468	0	0
1329.20133	-0.0047	0	0
1329.30133	-0.00472	0	0
1329.40133	-0.00474	0	0
1329.50133	-0.00476	0	0
1329.60133	-0.00478	0	0
1329.70133	-0.0048	0	0
1329.80133	-0.00482	0	0
1329.90133	-0.00484	0	0
1330.00133	-0.00486	0	0
1330.10133	-0.00488	0	0
1330.20133	-0.0049	0	0
1330.30133	-0.00493	0	0
1330.40133	-0.00495	0	0
1330.50133	-0.00497	0	0
1330.60133	-0.00499	0	0
1330.70133	-0.00501	0	0
1330.80133	-0.00503	0	0
1330.90133	-0.00505	0	0
1331.00133	-0.00506	0	0
1331.10133	-0.00508	0	0
1331.20133	-0.0051	0	0
1331.30133	-0.00512	0	0
1331.40133	-0.00514	0	0
1331.50133	-0.00516	0	0
1331.60133	-0.00518	0	0
1331.70133	-0.0052	0	0
1331.80133	-0.00522	0	0
1331.90133	-0.00524	0	0
1332.00133	-0.00526	0	0
1332.10133	-0.00528	0	0
1332.20133	-0.0053	0	0
1332.30133	-0.00532	0	0
1332.40133	-0.00534	0	0
1332.50133	-0.00536	0	0
1332.60133	-0.00537	0	0
1332.70133	-0.00539	0	0
1332.80133	-0.00541	0	0
1332.90133	-0.00543	0	0
1333.00133	-0.00545	0	0
1333.10133	-0.00547	0	0
1333.20133	-0.00549	0	0
1333.30133	-0.00551	0	0
1333.40133	-0.00552	0	0
1333.50133	-0.00554	0	0
1333.60133	-0.00556	0	0
1333.70133	-0.00558	0	0
1333.80133	-0.0056	0	0
1333.90133	-0.00562	0	0
1334.00133	-0.00564	0	0
1334.10133	-0.00565	0	0
1334.20133	-0.00567	0	0
1334.30133	-0.00569	0	0
1334.40133	-0.00571	0	0
1334.50133	-0.00573	0	0
1334.60133	-0.00574	0	0
1334.70133	-0.00576	0	0
1334.80133	-0.00578	0	0
1334.90133	-0.0058	0	0
1335.00134	-0.00581	0	0
1335.10134	-0.00583	0	0
1335.20134	-0.00585	0	0
1335.30134	-0.00587	0	0
1335.40134	-0.00589	0	0
1335.50134	-0.0059	0	0
1335.60134	-0.00592	0	0
1335.70134	-0.00594	0	0
1335.80134	-0.00595	0	0
1335.90134	-0.00597	0	0
1336.00134	-0.00599	0	0
1336.10134	-0.00601	0	0
1336.20134	-0.00602	0	0
1336.30134	-0.00604	0	0
1336.40134	-0.00606	0	0
1336.50134	-0.00607	0	0
1336.60134	-0.00609	0	0
1336.70134	-0.00611	0	0
1336.80134	-0.00612	0	0
1336.90134	-0.00614	0	0
1337.00134	-0.00616	0	0
1337.10134	-0.00617	0	0
1337.20134	-0.00619	0	0
1337.30134	-0.00621	0	0
1337.40134	-0.00622	0	0
1337.50134	-0.00624	0	0
1337.60134	-0.00626	0	0
1337.70134	-0.00627	0	0
1337.80134	-0.00629	0	0
1337.90134	-0.00631	0	0
1338.00134	-0.00632	0	0
1338.10134	-0.00634	0	0
1338.20134	-0.00635	0	0
1338.30134	-0.00637	0	0
1338.40134	-0.00639	0	0
1338.50134	-0.0064	0	0
1338.60134	-0.00642	0	0
1338.70134	-0.00643	0	0
1338.80134	-0.00645	0	0
1338.90134	-0.00646	0	0
1339.00134	-0.00648	0	0
1339.10134	-0.0065	0	0
1339.20134	-0.00651	0	0
1339.30134	-0.00653	0	0
1339.40134	-0.00654	0	0
1339.50134	-0.00656	0	0
1339.60134	-0.00657	0	0
1339.70134	-0.00659	0	0
1339.80134	-0.0066	0	0
1339.90134	-0.00662	0	0
1340.00134	-0.00663	0	0
1340.10134	-0.00665	0	0
1340.20134	-0.00666	0	0
1340.30134	-0.00668	0	0
1340.40134	-0.00669	0	0
1340.50134	-0.00671	0	0
1340.60134	-0.00672	0	0
1340.70134	-0.00674	0	0
1340.80134	-0.00675	0	0
1340.90134	-0.00677	0	0
1341.00134	-0.00678	0	0
1341.10134	-0.00679	0	0
1341.20134	-0.00681	0	0
1341.30134	-0.00682	0	0
1341.40134	-0.00684	0	0
1341.50134	-0.00685	0	0
1341.60134	-0.00687	0	0
1341.70134	-0.00688	0	0
1341.80134	-0.00689	0	0
1341.90134	-0.00691	0	0
1342.00134	-0.00692	0	0
1342.10134	-0.00694	0	0
1342.20134	-0.00695	0	0
1342.30134	-0.00696	0	0
1342.40134	-0.00698	0	0
1342.50134	-0.00699	0	0
1342.60134	-0.007	0	0
1342.70134	-0.00702	0	0
1342.80134	-0.00703	0	0
1342.90134	-0.00704	0	0
1343.00134	-0.00706	0	0
1343.10134	-0.00707	0	0
1343.20134	-0.00708	0	0
1343.30134	-0.0071	0	0
1343.40134	-0.00711	0	0
1343.50134	-0.00712	0	0
1343.60134	-0.00714	0	0
1343.70134	-0.00715	0	0
1343.80134	-0.00716	0	0
1343.90134	-0.00718	0	0
1344.00134	-0.00719	0	0
1344.10134	-0.0072	0	0
1344.20134	-0.00721	0	0
1344.30134	-0.00723	0	0
1344.40134	-0.00724	0	0
1344.50134	-0.00725	0	0
1344.60134	-0.00726	0	0
1344.70134	-0.00728	0	0
1344.80134	-0.00729	0	0
1344.90134	-0.0073	0	0
1345.00135	-0.00731	0	0
1345.10135	-0.00732	0	0
1345.20135	-0.00734	0	0
1345.30135	-0.00735	0	0
1345.40135	-0.00736	0	0
1345.50135	-0.00737	0	0
1345.60135	-0.00738	0	0
1345.70135	-0.0074	0	0
1345.80135	-0.00741	0	0
1345.90135	-0.00742	0	0
1346.00135	-0.00743	0	0
1346.10135	-0.00744	0	0
1346.20135	-0.00745	0	0
1346.30135	-0.00747	0	0
1346.40135	-0.00748	0	0
1346.50135	-0.00749	0	0
1346.60135	-0.0075	0	0
1346.70135	-0.00751	0	0
1346.80135	-0.00752	0	0
1346.90135	-0.00753	0	0
1347.00135	-0.00754	0	0
1347.10135	-0.00756	0	0
1347.20135	-0.00757	0	0
1347.30135	-0.00758	0	0
1347.40135	-0.00759	0	0
1347.50135	-0.0076	0	0
1347.60135	-0.00761	0	0
1347.70135	-0.00762	0	0
1347.80135	-0.00763	0	0
1347.90135	-0.00764	0	0
1348.00135	-0.00765	0	0
1348.10135	-0.00766	0	0
1348.20135	-0.00767	0	0
1348.30135	-0.00768	0	0
1348.40135	-0.00769	0	0
1348.50135	-0.0077	0	0
1348.60135	-0.00771	0	0
1348.70135	-0.00772	0	0
1348.80135	-0.00773	0	0
1348.90135	-0.00774	0	0
1349.00135	-0.00775	0	0
1349.10135	-0.00776	0	0
1349.20135	-0.00777	0	0
1349.30135	-0.00778	0	0
1349.40135	-0.00779	0	0
1349.50135	-0.0078	0	0
1349.60135	-0.00781	0	0
1349.70135	-0.00782	0	0
1349.80135	-0.00783	0	0
1349.90135	-0.00784	0	0
1350.00135	-0.00785	0	0
1350.10135	-0.00786	0	0
1350.20135	-0.00787	0	0
1350.30135	-0.00788	0	0
1350.40135	-0.00789	0	0
1350.50135	-0.0079	0	0
1350.60135	-0.00791	0	0
1350.70135	-0.00791	0	0
1350.80135	-0.00792	0	0
1350.90135	-0.00793	0	0
1351.00135	-0.00794	0	0
1351.10135	-0.00795	0	0
1351.20135	-0.00796	0	0
1351.30135	-0.00797	0	0
1351.40135	-0.00798	0	0
1351.50135	-0.00798	0	0
1351.60135	-0.00799	0	0
1351.70135	-0.008	0	0
1351.80135	-0.00801	0	0
1351.90135	-0.00802	0	0
1352.00135	-0.00803	0	0
1352.10135	-0.00803	0	0
1352.20135	-0.00804	0	0
1352.30135	-0.00805	0	0
1352.40135	-0.00806	0	0
1352.50135	-0.00807	0	0
1352.60135	-0.00807	0	0
1352.70135	-0.00808	0	0
1352.80135	-0.00809	0	0
1352.90135	-0.0081	0	0
1353.00135	-0.0081	0	0
1353.10135	-0.00811	0	0
1353.20135	-0.00812	0	0
1353.30135	-0.00813	0	0
1353.40135	-0.00813	0	0
1353.50135	-0.00814	0	0
1353.60135	-0.00815	0	0
1353.70135	-0.00816	0	0
1353.80135	-0.00816	0	0
1353.90135	-0.00817	0	0
1354.00135	-0.00818	0	0
1354.10135	-0.00818	0	0
1354.20135	-0.00819	0	0
1354.30135	-0.0082	0	0
1354.40135	-0.0082	0	0
1354.50135	-0.00821	0	0
1354.60135	-0.00822	0	0
1354.70135	-0.00822	0	0
1354.80135	-0.00823	0	0
1354.90135	-0.00824	0	0
1355.00136	-0.00824	0	0
1355.10136	-0.00825	0	0
1355.20136	-0.00826	0	0
1355.30136	-0.00826	0	0
1355.40136	-0.00827	0	0
1355.50136	-0.00828	0	0
1355.60136	-0.00828	0	0
1355.70136	-0.00829	0	0
1355.80136	-0.00829	0	0
1355.90136	-0.0083	0	0
1356.00136	-0.00831	0	0
1356.10136	-0.00831	0	0
1356.20136	-0.00832	0	0
1356.30136	-0.00832	0	0
1356.40136	-0.00833	0	0
1356.50136	-0.00833	0	0
1356.60136	-0.00834	0	0
1356.70136	-0.00834	0	0
1356.80136	-0.00835	0	0
1356.90136	-0.00836	0	0
1357.00136	-0.00836	0	0
1357.10136	-0.00837	0	0
1357.20136	-0.00837	0	0
1357.30136	-0.00838	0	0
1357.40136	-0.00838	0	0
1357.50136	-0.00839	0	0
1357.60136	-0.00839	0	0
1357.70136	-0.0084	0	0
1357.80136	-0.0084	0	0
1357.90136	-0.00841	0	0
1358.00136	-0.00841	0	0
1358.10136	-0.00842	0	0
1358.20136	-0.00842	0	0
1358.30136	-0.00842	0	0
1358.40136	-0.00843	0	0
1358.50136	-0.00843	0	0
1358.60136	-0.00844	0	0
1358.70136	-0.00844	0	0
1358.80136	-0.00845	0	0
1358.90136	-0.00845	0	0
1359.00136	-0.00845	0	0
1359.10136	-0.00846	0	0
1359.20136	-0.00846	0	0
1359.30136	-0.00847	0	0
1359.40136	-0.00847	0	0
1359.50136	-0.00847	0	0
1359.60136	-0.00848	0	0
1359.70136	-0.00848	0	0
1359.80136	-0.00849	0	0
1359.90136	-0.00849	0	0
1360.00136	-0.00849	0	0
1360.10136	-0.0085	0	0
1360.20136	-0.0085	0	0
1360.30136	-0.0085	0	0
1360.40136	-0.00851	0	0
1360.50136	-0.00851	0	0
1360.60136	-0.00851	0	0
1360.70136	-0.00852	0	0
1360.80136	-0.00852	0	0
1360.90136	-0.00852	0	0
1361.00136	-0.00852	0	0
1361.10136	-0.00853	0	0
1361.20136	-0.00853	0	0
1361.30136	-0.00853	0	0
1361.40136	-0.00854	0	0
1361.50136	-0.00854	0	0
1361.60136	-0.00854	0	0
1361.70136	-0.00854	0	0
1361.80136	-0.00855	0	0
1361.90136	-0.00855	0	0
1362.00136	-0.00855	0	0
1362.10136	-0.00855	0	0
1362.20136	-0.00856	0	0
1362.30136	-0.00856	0	0
1362.40136	-0.00856	0	0
1362.50136	-0.00856	0	0
1362.60136	-0.00856	0	0
1362.70136	-0.00857	0	0
1362.80136	-0.00857	0	0
1362.90136	-0.00857	0	0
1363.00136	-0.00857	0	0
1363.10136	-0.00857	0	0
1363.20136	-0.00858	0	0
1363.30136	-0.00858	0	0
1363.40136	-0.00858	0	0
1363.50136	-0.00858	0	0
1363.60136	-0.00858	0	0
1363.70136	-0.00858	0	0
1363.80136	-0.00859	0	0
1363.90136	-0.00859	0	0
1364.00136	-0.00859	0	0
1364.10136	-0.00859	0	0
1364.20136	-0.00859	0	0
1364.30136	-0.00859	0	0
1364.40136	-0.00859	0	0
1364.50136	-0.00859	0	0
1364.60136	-0.00859	0	0
1364.70136	-0.00859	0	0
1364.80136	-0.0086	0	0
1364.90136	-0.0086	0	0
1365.00137	-0.0086	0	0
1365.10137	-0.0086	0	0
1365.20137	-0.0086	0	0
1365.30137	-0.0086	0	0
1365.40137	-0.0086	0	0
1365.50137	-0.0086	0	0
1365.60137	-0.0086	0	0
1365.70137	-0.0086	0	0
1365.80137	-0.0086	0	0
1365.90137	-0.0086	0	0
1366.00137	-0.0086	0	0
1366.10137	-0.0086	0	0
1366.20137	-0.0086	0	0
1366.30137	-0.0086	0	0
1366.40137	-0.0086	0	0
1366.50137	-0.0086	0	0
1366.60137	-0.0086	0	0
1366.70137	-0.0086	0	0
1366.80137	-0.0086	0	0
1366.90137	-0.0086	0	0
1367.00137	-0.0086	0	0
1367.10137	-0.0086	0	0
1367.20137	-0.0086	0	0
1367.30137	-0.0086	0	0
1367.40137	-0.0086	0	0
1367.50137	-0.0086	0	0
1367.60137	-0.0086	0	0
1367.70137	-0.00859	0	0
1367.80137	-0.00859	0	0
1367.90137	-0.00859	0	0
1368.00137	-0.00859	0	0
1368.10137	-0.00859	0	0
1368.20137	-0.00859	0	0
1368.30137	-0.00859	0	0
1368.40137	-0.00859	0	0
1368.50137	-0.00859	0	0
1368.60137	-0.00858	0	0
1368.70137	-0.00858	0	0
1368.80137	-0.00858	0	0
1368.90137	-0.00858	0	0
1369.00137	-0.00858	0	0
1369.10137	-0.00858	0	0
1369.20137	-0.00858	0	0
1369.30137	-0.00857	0	0
1369.40137	-0.00857	0	0
1369.50137	-0.00857	0	0
1369.60137	-0.00857	0	0
1369.70137	-0.00857	0	0
1369.80137	-0.00856	0	0
1369.90137	-0.00856	0	0
1370.00137	-0.00856	0	0
1370.10137	-0.00856	0	0
1370.20137	-0.00856	0	0
1370.30137	-0.00855	0	0
1370.40137	-0.00855	0	0
1370.50137	-0.00855	0	0
1370.60137	-0.00855	0	0
1370.70137	-0.00854	0	0
1370.80137	-0.00854	0	0
1370.90137	-0.00854	0	0
1371.00137	-0.00854	0	0
1371.10137	-0.00853	0	0
1371.20137	-0.00853	0	0
1371.30137	-0.00853	0	0
1371.40137	-0.00852	0	0
1371.50137	-0.00852	0	0
1371.60137	-0.00852	0	0
1371.70137	-0.00852	0	0
1371.80137	-0.00851	0	0
1371.90137	-0.00851	0	0
1372.00137	-0.00851	0	0
1372.10137	-0.0085	0	0
1372.20137	-0.0085	0	0
1372.30137	-0.0085	0	0
1372.40137	-0.00849	0	0
1372.50137	-0.00849	0	0
1372.60137	-0.00849	0	0
1372.70137	-0.00848	0	0
1372.80137	-0.00848	0	0
1372.90137	-0.00848	0	0
1373.00137	-0.00847	0	0
1373.10137	-0.00847	0	0
1373.20137	-0.00846	0	0
1373.30137	-0.00846	0	0
1373.40137	-0.00846	0	0
1373.50137	-0.00845	0	0
1373.60137	-0.00845	0	0
1373.70137	-0.00844	0	0
1373.80137	-0.00844	0	0
1373.90137	-0.00844	0	0
1374.00137	-0.00843	0	0
1374.10137	-0.00843	0	0
1374.20137	-0.00842	0	0
1374.30137	-0.00842	0	0
1374.40137	-0.00841	0	0
1374.50137	-0.00841	0	0
1374.60137	-0.0084	0	0
1374.70137	-0.0084	0	0
1374.80137	-0.0084	0	0
1374.90137	-0.00839	0	0
1375.00138	-0.00839	0	0
1375.10138	-0.00838	0	0
1375.20138	-0.00838	0	0
1375.30138	-0.00837	0	0
1375.40138	-0.00837	0	0
1375.50138	-0.00836	0	0
1375.60138	-0.00836	0	0
1375.70138	-0.00835	0	0
1375.80138	-0.00835	0	0
1375.90138	-0.00834	0	0
1376.00138	-0.00833	0	0
1376.10138	-0.00833	0	0
1376.20138	-0.00832	0	0
1376.30138	-0.00832	0	0
1376.40138	-0.00831	0	0
1376.50138	-0.00831	0	0
1376.60138	-0.0083	0	0
1376.70138	-0.0083	0	0
1376.80138	-0.00829	0	0
1376.90138	-0.00828	0	0
1377.00138	-0.00828	0	0
1377.10138	-0.00827	0	0
1377.20138	-0.00827	0	0
1377.30138	-0.00826	0	0
1377.40138	-0.00825	0	0
1377.50138	-0.00825	0	0
1377.60138	-0.00824	0	0
1377.70138	-0.00824	0	0
1377.80138	-0.00823	0	0
1377.90138	-0.00822	0	0
1378.00138	-0.00822	0	0
1378.10138	-0.00821	0	0
1378.20138	-0.0082	0	0
1378.30138	-0.0082	0	0
1378.40138	-0.00819	0	0
1378.50138	-0.00818	0	0
1378.60138	-0.00818	0	0
1378.70138	-0.00817	0	0
1378.80138	-0.00816	0	0
1378.90138	-0.00816	0	0
1379.00138	-0.00815	0	0
1379.10138	-0.00814	0	0
1379.20138	-0.00814	0	0
1379.30138	-0.00813	0	0
1379.40138	-0.00812	0	0
1379.50138	-0.00812	0	0
1379.60138	-0.00811	0	0
1379.70138	-0.0081	0	0
1379.80138	-0.00809	0	0
1379.90138	-0.00809	0	0
1380.00138	-0.00808	0	0
1380.10138	-0.00807	0	0
1380.20138	-0.00806	0	0
1380.30138	-0.00806	0	0
1380.40138	-0.00805	0	0
1380.50138	-0.00804	0	0
1380.60138	-0.00803	0	0
1380.70138	-0.00803	0	0
1380.80138	-0.00802	0	0
1380.90138	-0.00801	0	0
1381.00138	-0.008	0	0
1381.10138	-0.00799	0	0
1381.20138	-0.00799	0	0
1381.30138	-0.00798	0	0
1381.40138	-0.00797	0	0
1381.50138	-0.00796	0	0
1381.60138	-0.00795	0	0
1381.70138	-0.00795	0	0
1381.80138	-0.00794	0	0
1381.90138	-0.00793	0	0
1382.00138	-0.00792	0	0
1382.10138	-0.00791	0	0
1382.20138	-0.0079	0	0
1382.30138	-0.0079	0	0
1382.40138	-0.00789	0	0
1382.50138	-0.00788	0	0
1382.60138	-0.00787	0	0
1382.70138	-0.00786	0	0
1382.80138	-0.00785	0	0
1382.90138	-0.00784	0	0
1383.00138	-0.00783	0	0
1383.10138	-0.00783	0	0
1383.20138	-0.00782	0	0
1383.30138	-0.00781	0	0
1383.40138	-0.0078	0	0
1383.50138	-0.00779	0	0
1383.60138	-0.00778	0	0
1383.70138	-0.00777	0	0
1383.80138	-0.00776	0	0
1383.90138	-0.00775	0	0
1384.00138	-0.00774	0	0
1384.10138	-0.00773	0	0
1384.20138	-0.00772	0	0
1384.30138	-0.00771	0	0
1384.40138	-0.0077	0	0
1384.50138	-0.0077	0	0
1384.60138	-0.00769	0	0
1384.70138	-0.00768	0	0
1384.80138	-0.00767	0	0
1384.90138	-0.00766	0	0
1385.00139	-0.00765	0	0
1385.10139	-0.00764	0	0
1385.20139	-0.00763	0	0
1385.30139	-0.00762	0	0
1385.40139	-0.00761	0	0
1385.50139	-0.0076	0	0
1385.60139	-0.00759	0	0
1385.70139	-0.00758	0	0
1385.80139	-0.00757	0	0
1385.90139	-0.00756	0	0
1386.00139	-0.00755	0	0
1386.10139	-0.00754	0	0
1386.20139	-0.00753	0	0
1386.30139	-0.00751	0	0
1386.40139	-0.0075	0	0
1386.50139	-0.00749	0	0
1386.60139	-0.00748	0	0
1386.70139	-0.00747	0	0
1386.80139	-0.00746	0	0
1386.90139	-0.00745	0	0
1387.00139	-0.00744	0	0
1387.10139	-0.00743	0	0
1387.20139	-0.00742	0	0
1387.30139	-0.00741	0	0
1387.40139	-0.0074	0	0
1387.50139	-0.00739	0	0
1387.60139	-0.00738	0	0
1387.70139	-0.00736	0	0
1387.80139	-0.00735	0	0
1387.90139	-0.00734	0	0
1388.00139	-0.00733	0	0
1388.10139	-0.00732	0	0
1388.20139	-0.00731	0	0
1388.30139	-0.0073	0	0
1388.40139	-0.00729	0	0
1388.50139	-0.00727	0	0
1388.60139	-0.00726	0	0
1388.70139	-0.00725	0	0
1388.80139	-0.00724	0	0
1388.90139	-0.00723	0	0
1389.00139	-0.00722	0	0
1389.10139	-0.0072	0	0
1389.20139	-0.00719	0	0
1389.30139	-0.00718	0	0
1389.40139	-0.00717	0	0
1389.50139	-0.00716	0	0
1389.60139	-0.00715	0	0
1389.70139	-0.00713	0	0
1389.80139	-0.00712	0	0
1389.90139	-0.00711	0	0
1390.00139	-0.0071	0	0
1390.10139	-0.00709	0	0
1390.20139	-0.00707	0	0
1390.30139	-0.00706	0	0
1390.40139	-0.00705	0	0
1390.50139	-0.00704	0	0
1390.60139	-0.00702	0	0
1390.70139	-0.00701	0	0
1390.80139	-0.007	0	0
1390.90139	-0.00699	0	0
1391.00139	-0.00697	0	0
1391.10139	-0.00696	0	0
1391.20139	-0.00695	0	0
1391.30139	-0.00694	0	0
1391.40139	-0.00692	0	0
1391.50139	-0.00691	0	0
1391.60139	-0.0069	0	0
1391.70139	-0.00689	0	0
1391.80139	-0.00687	0	0
1391.90139	-0.00686	0	0
1392.00139	-0.00685	0	0
1392.10139	-0.00683	0	0
1392.20139	-0.00682	0	0
1392.30139	-0.00681	0	0
1392.40139	-0.0068	0	0
1392.50139	-0.00678	0	0
1392.60139	-0.00677	0	0
1392.70139	-0.00676	0	0
1392.80139	-0.00674	0	0
1392.90139	-0.00673	0	0
1393.00139	-0.00672	0	0
1393.10139	-0.0067	0	0
1393.20139	-0.00669	0	0
1393.30139	-0.00668	0	0
1393.40139	-0.00666	0	0
1393.50139	-0.00665	0	0
1393.60139	-0.00663	0	0
1393.70139	-0.00662	0	0
1393.80139	-0.00661	0	0
1393.90139	-0.00659	0	0
1394.00139	-0.00658	0	0
1394.10139	-0.00657	0	0
1394.20139	-0.00655	0	0
1394.30139	-0.00654	0	0
1394.40139	-0.00652	0	0
1394.50139	-0.00651	0	0
1394.60139	-0.0065	0	0
1394.70139	-0.00648	0	0
1394.80139	-0.00647	0	0
1394.90139	-0.00645	0	0
1395.0014	-0.00644	0	0
1395.1014	-0.00643	0	0
1395.2014	-0.00641	0	0
1395.3014	-0.0064	0	0
1395.4014	-0.00638	0	0
1395.5014	-0.00637	0	0
1395.6014	-0.00635	0	0
1395.7014	-0.00634	0	0
1395.8014	-0.00633	0	0
1395.9014	-0.00631	0	0
1396.0014	-0.0063	0	0
1396.1014	-0.00628	0	0
1396.2014	-0.00627	0	0
1396.3014	-0.00625	0	0
1396.4014	-0.00624	0	0
1396.5014	-0.00622	0	0
1396.6014	-0.00621	0	0
1396.7014	-0.00619	0	0
1396.8014	-0.00618	0	0
1396.9014	-0.00616	0	0
1397.0014	-0.00615	0	0
1397.1014	-0.00613	0	0
1397.2014	-0.00612	0	0
1397.3014	-0.0061	0	0
1397.4014	-0.00609	0	0
1397.5014	-0.00607	0	0
1397.6014	-0.00606	0	0
1397.7014	-0.00604	0	0
1397.8014	-0.00603	0	0
1397.9014	-0.00601	0	0
1398.0014	-0.006	0	0
1398.1014	-0.00598	0	0
1398.2014	-0.00597	0	0
1398.3014	-0.00595	0	0
1398.4014	-0.00594	0	0
1398.5014	-0.00592	0	0
1398.6014	-0.00591	0	0
1398.7014	-0.00589	0	0
1398.8014	-0.00588	0	0
1398.9014	-0.00586	0	0
1399.0014	-0.00584	0	0
1399.1014	-0.00583	0	0
1399.2014	-0.00581	0	0
1399.3014	-0.0058	0	0
1399.4014	-0.00578	0	0
1399.5014	-0.00577	0	0
1399.6014	-0.00575	0	0
1399.7014	-0.00573	0	0
1399.8014	-0.00572	0	0
1399.9014	-0.0057	0	0
1400.0014	-0.00569	0	0
1400.1014	-0.00567	0	0
1400.2014	-0.00565	0	0
1400.3014	-0.00564	0	0
1400.4014	-0.00562	0	0
1400.5014	-0.00561	0	0
1400.6014	-0.00559	0	0
1400.7014	-0.00557	0	0
1400.8014	-0.00556	0	0
1400.9014	-0.00554	0	0
1401.0014	-0.00552	0	0
1401.1014	-0.00551	0	0
1401.2014	-0.00549	0	0
1401.3014	-0.00547	0	0
1401.4014	-0.00546	0	0
1401.5014	-0.00544	0	0
1401.6014	-0.00543	0	0
1401.7014	-0.00541	0	0
1401.8014	-0.00539	0	0
1401.9014	-0.00538	0	0
1402.0014	-0.00536	0	0
1402.1014	-0.00534	0	0
1402.2014	-0.00533	0	0
1402.3014	-0.00531	0	0
1402.4014	-0.00529	0	0
1402.5014	-0.00528	0	0
1402.6014	-0.00526	0	0
1402.7014	-0.00524	0	0
1402.8014	-0.00522	0	0
1402.9014	-0.00521	0	0
1403.0014	-0.00519	0	0
1403.1014	-0.00517	0	0
1403.2014	-0.00516	0	0
1403.3014	-0.00514	0	0
1403.4014	-0.00512	0	0
1403.5014	-0.00511	0	0
1403.6014	-0.00509	0	0
1403.7014	-0.00507	0	0
1403.8014	-0.00505	0	0
1403.9014	-0.00504	0	0
1404.0014	-0.00502	0	0
1404.1014	-0.005	0	0
1404.2014	-0.00498	0	0
1404.3014	-0.00497	0	0
1404.4014	-0.00495	0	0
1404.5014	-0.00493	0	0
1404.6014	-0.00491	0	0
1404.7014	-0.0049	0	0
1404.8014	-0.00488	0	0
1404.9014	-0.00486	0	0
1405.00141	-0.00484	0	0
1405.10141	-0.00483	0	0
1405.20141	-0.00481	0	0
1405.30141	-0.00479	0	0
1405.40141	-0.00477	0	0
1405.50141	-0.00476	0	0
1405.60141	-0.00474	0	0
1405.70141	-0.00472	0	0
1405.80141	-0.0047	0	0
1405.90141	-0.00468	0	0
1406.00141	-0.00467	0	0
1406.10141	-0.00465	0	0
1406.20141	-0.00463	0	0
1406.30141	-0.00461	0	0
1406.40141	-0.0046	0	0
1406.50141	-0.00458	0	0
1406.60141	-0.00456	0	0
1406.70141	-0.00454	0	0
1406.80141	-0.00452	0	0
1406.90141	-0.0045	0	0
1407.00141	-0.00449	0	0
1407.10141	-0.00447	0	0
1407.20141	-0.00445	0	0
1407.30141	-0.00443	0	0
1407.40141	-0.00441	0	0
1407.50141	-0.0044	0	0
1407.60141	-0.00438	0	0
1407.70141	-0.00436	0	0
1407.80141	-0.00434	0	0
1407.90141	-0.00432	0	0
1408.00141	-0.0043	0	0
1408.10141	-0.00428	0	0
1408.20141	-0.00427	0	0
1408.30141	-0.00425	0	0
1408.40141	-0.00423	0	0
1408.50141	-0.00421	0	0
1408.60141	-0.00419	0	0
1408.70141	-0.00417	0	0
1408.80141	-0.00415	0	0
1408.90141	-0.00414	0	0
1409.00141	-0.00412	0	0
1409.10141	-0.0041	0	0
1409.20141	-0.00408	0	0
1409.30141	-0.00406	0	0
1409.40141	-0.00404	0	0
1409.50141	-0.00402	0	0
1409.60141	-0.004	0	0
1409.70141	-0.00399	0	0
1409.80141	-0.00397	0	0
1409.90141	-0.00395	0	0
1410.00141	-0.00393	0	0
1410.10141	-0.00391	0	0
1410.20141	-0.00389	0	0
1410.30141	-0.00387	0	0
1410.40141	-0.00385	0	0
1410.50141	-0.00383	0	0
1410.60141	-0.00381	0	0
1410.70141	-0.0038	0	0
1410.80141	-0.00378	0	0
1410.90141	-0.00376	0	0
1411.00141	-0.00374	0	0
1411.10141	-0.00372	0	0
1411.20141	-0.0037	0	0
1411.30141	-0.00368	0	0
1411.40141	-0.00366	0	0
1411.50141	-0.00364	0	0
1411.60141	-0.00362	0	0
1411.70141	-0.0036	0	0
1411.80141	-0.00358	0	0
1411.90141	-0.00356	0	0
1412.00141	-0.00354	0	0
1412.10141	-0.00353	0	0
1412.20141	-0.00351	0	0
1412.30141	-0.00349	0	0
1412.40141	-0.00347	0	0
1412.50141	-0.00345	0	0
1412.60141	-0.00343	0	0
1412.70141	-0.00341	0	0
1412.80141	-0.00339	0	0
1412.90141	-0.00337	0	0
1413.00141	-0.00335	0	0
1413.10141	-0.00333	0	0
1413.20141	-0.00331	0	0
1413.30141	-0.00329	0	0
1413.40141	-0.00327	0	0
1413.50141	-0.00325	0	0
1413.60141	-0.00323	0	0
1413.70141	-0.00321	0	0
1413.80141	-0.00319	0	0
1413.90141	-0.00317	0	0
1414.00141	-0.00315	0	0
1414.10141	-0.00313	0	0
1414.20141	-0.00311	0	0
1414.30141	-0.00309	0	0
1414.40141	-0.00307	0	0
1414.50141	-0.00305	0	0
1414.60141	-0.00303	0	0
1414.70141	-0.00301	0	0
1414.80141	-0.00299	0	0
1414.90141	-0.00297	0	0
1415.00142	-0.00295	0	0
1415.10142	-0.00293	0	0
1415.20142	-0.00291	0	0
1415.30142	-0.00289	0	0
1415.40142	-0.00287	0	0
1415.50142	-0.00285	0	0
1415.60142	-0.00283	0	0
1415.70142	-0.00281	0	0
1415.80142	-0.00279	0	0
1415.90142	-0.00277	0	0
1416.00142	-0.00275	0	0
1416.10142	-0.00273	0	0
1416.20142	-0.00271	0	0
1416.30142	-0.00269	0	0
1416.40142	-0.00267	0	0
1416.50142	-0.00265	0	0
1416.60142	-0.00263	0	0
1416.70142	-0.00261	0	0
1416.80142	-0.00259	0	0
1416.90142	-0.00257	0	0
1417.00142	-0.00255	0	0
1417.10142	-0.00253	0	0
1417.20142	-0.00251	0	0
1417.30142	-0.00248	0	0
1417.40142	-0.00246	0	0
1417.50142	-0.00244	0	0
1417.60142	-0.00242	0	0
1417.70142	-0.0024	0	0
1417.80142	-0.00238	0	0
1417.90142	-0.00236	0	0
1418.00142	-0.00234	0	0
1418.10142	-0.00232	0	0
1418.20142	-0.0023	0	0
1418.30142	-0.00228	0	0
1418.40142	-0.00226	0	0
1418.50142	-0.00224	0	0
1418.60142	-0.00222	0	0
1418.70142	-0.0022	0	0
1418.80142	-0.00218	0	0
1418.90142	-0.00215	0	0
1419.00142	-0.00213	0	0
1419.10142	-0.00211	0	0
1419.20142	-0.00209	0	0
1419.30142	-0.00207	0	0
1419.40142	-0.00205	0	0
1419.50142	-0.00203	0	0
1419.60142	-0.00201	0	0
1419.70142	-0.00199	0	0
1419.80142	-0.00197	0	0
1419.90142	-0.00195	0	0
1420.00142	-0.00193	0	0
1420.10142	-0.0019	0	0
1420.20142	-0.00188	0	0
1420.30142	-0.00186	0	0
1420.40142	-0.00184	0	0
1420.50142	-0.00182	0	0
1420.60142	-0.0018	0	0
1420.70142	-0.00178	0	0
1420.80142	-0.00176	0	0
1420.90142	-0.00174	0	0
1421.00142	-0.00172	0	0
1421.10142	-0.00169	0	0
1421.20142	-0.00167	0	0
1421.30142	-0.00165	0	0
1421.40142	-0.00163	0	0
1421.50142	-0.00161	0	0
1421.60142	-0.00159	0	0
1421.70142	-0.00157	0	0
1421.80142	-0.00155	0	0
1421.90142	-0.00153	0	0
1422.00142	-0.0015	0	0
1422.10142	-0.00148	0	0
1422.20142	-0.00146	0	0
1422.30142	-0.00144	0	0
1422.40142	-0.00142	0	0
1422.50142	-0.0014	0	0
1422.60142	-0.00138	0	0
1422.70142	-0.00136	0	0
1422.80142	-0.00133	0	0
1422.90142	-0.00131	0	0
1423.00142	-0.00129	0	0
1423.10142	-0.00127	0	0
1423.20142	-0.00125	0	0
1423.30142	-0.00123	0	0
1423.40142	-0.00121	0	0
1423.50142	-0.00119	0	0
1423.60142	-0.00116	0	0
1423.70142	-0.00114	0	0
1423.80142	-0.00112	0	0
1423.90142	-0.0011	0	0
1424.00142	-0.00108	0	0
1424.10142	-0.00106	0	0
1424.20142	-0.00104	0	0
1424.30142	-0.00101	0	0
1424.40142	-9.92526E-4	0	0
1424.50142	-9.71085E-4	0	0
1424.60142	-9.49635E-4	0	0
1424.70142	-9.28175E-4	0	0
1424.80142	-9.06707E-4	0	0
1424.90142	-8.8523E-4	0	0
1425.00143	-8.63744E-4	0	0
1425.10143	-8.42249E-4	0	0
1425.20143	-8.20746E-4	0	0
1425.30143	-7.99235E-4	0	0
1425.40143	-7.77715E-4	0	0
1425.50143	-7.56187E-4	0	0
1425.60143	-7.34651E-4	0	0
1425.70143	-7.13107E-4	0	0
1425.80143	-6.91555E-4	0	0
1425.90143	-6.69995E-4	0	0
1426.00143	-6.48428E-4	0	0
1426.10143	-6.26853E-4	0	0
1426.20143	-6.05271E-4	0	0
1426.30143	-5.83682E-4	0	0
1426.40143	-5.62085E-4	0	0
1426.50143	-5.40481E-4	0	0
1426.60143	-5.18871E-4	0	0
1426.70143	-4.97253E-4	0	0
1426.80143	-4.75629E-4	0	0
1426.90143	-4.53998E-4	0	0
1427.00143	-4.3236E-4	0	0
1427.10143	-4.10716E-4	0	0
1427.20143	-3.89066E-4	0	0
1427.30143	-3.67409E-4	0	0
1427.40143	-3.45747E-4	0	0
1427.50143	-3.24078E-4	0	0
1427.60143	-3.02404E-4	0	0
1427.70143	-2.80723E-4	0	0
1427.80143	-2.59037E-4	0	0
1427.90143	-2.37346E-4	0	0
1428.00143	-2.15649E-4	0	0
1428.10143	-1.93947E-4	0	0
1428.20143	-1.72239E-4	0	0
1428.30143	-1.50527E-4	0	0
1428.40143	-1.28809E-4	0	0
1428.50143	-1.07086E-4	0	0
1428.60143	-8.5359E-5	0	0
1428.70143	-6.3627E-5	0	0
1428.80143	-4.18904E-5	0	0
1428.90143	-2.01494E-5	0	0
1429.00143	1.59601E-6	0	0
1429.10143	2.33457E-5	0	0
1429.20143	4.50994E-5	0	0
1429.30143	6.68573E-5	0	0
1429.40143	8.8619E-5	0	0
1429.50143	1.10385E-4	0	0
1429.60143	1.32154E-4	0	0
1429.70143	1.53927E-4	0	0
1429.80143	1.75703E-4	0	0
1429.90143	1.97483E-4	0	0
1430.00143	2.19266E-4	0	0
1430.10143	2.41052E-4	0	0
1430.20143	2.62841E-4	0	0
1430.30143	2.84633E-4	0	0
1430.40143	3.06428E-4	0	0
1430.50143	3.28225E-4	0	0
1430.60143	3.50026E-4	0	0
1430.70143	3.71828E-4	0	0
1430.80143	3.93634E-4	0	0
1430.90143	4.15441E-4	0	0
1431.00143	4.37251E-4	0	0
1431.10143	4.59062E-4	0	0
1431.20143	4.80876E-4	0	0
1431.30143	5.02691E-4	0	0
1431.40143	5.24509E-4	0	0
1431.50143	5.46327E-4	0	0
1431.60143	5.68148E-4	0	0
1431.70143	5.8997E-4	0	0
1431.80143	6.11793E-4	0	0
1431.90143	6.33617E-4	0	0
1432.00143	6.55442E-4	0	0
1432.10143	6.77269E-4	0	0
1432.20143	6.99096E-4	0	0
1432.30143	7.20924E-4	0	0
1432.40143	7.42753E-4	0	0
1432.50143	7.64582E-4	0	0
1432.60143	7.86411E-4	0	0
1432.70143	8.08241E-4	0	0
1432.80143	8.30071E-4	0	0
1432.90143	8.51902E-4	0	0
1433.00143	8.73732E-4	0	0
1433.10143	8.95562E-4	0	0
1433.20143	9.17392E-4	0	0
1433.30143	9.39222E-4	0	0
1433.40143	9.61051E-4	0	0
1433.50143	9.8288E-4	0	0
1433.60143	0.001	0	0
1433.70143	0.00103	0	0
1433.80143	0.00105	0	0
1433.90143	0.00107	0	0
1434.00143	0.00109	0	0
1434.10143	0.00111	0	0
1434.20143	0.00114	0	0
1434.30143	0.00116	0	0
1434.40143	0.00118	0	0
1434.50143	0.0012	0	0
1434.60143	0.00122	0	0
1434.70143	0.00124	0	0
1434.80143	0.00127	0	0
1434.90143	0.00129	0	0
1435.00144	0.00131	0	0
1435.10144	0.00133	0	0
1435.20144	0.00135	0	0
1435.30144	0.00138	0	0
1435.40144	0.0014	0	0
1435.50144	0.00142	0	0
1435.60144	0.00144	0	0
1435.70144	0.00146	0	0
1435.80144	0.00148	0	0
1435.90144	0.00151	0	0
1436.00144	0.00153	0	0
1436.10144	0.00155	0	0
1436.20144	0.00157	0	0
1436.30144	0.00159	0	0
1436.40144	0.00162	0	0
1436.50144	0.00164	0	0
1436.60144	0.00166	0	0
1436.70144	0.00168	0	0
1436.80144	0.0017	0	0
1436.90144	0.00172	0	0
1437.00144	0.00175	0	0
1437.10144	0.00177	0	0
1437.20144	0.00179	0	0
1437.30144	0.00181	0	0
1437.40144	0.00183	0	0
1437.50144	0.00185	0	0
1437.60144	0.00188	0	0
1437.70144	0.0019	0	0
1437.80144	0.00192	0	0
1437.90144	0.00194	0	0
1438.00144	0.00196	0	0
1438.10144	0.00198	0	0
1438.20144	0.00201	0	0
1438.30144	0.00203	0	0
1438.40144	0.00205	0	0
1438.50144	0.00207	0	0
1438.60144	0.00209	0	0
1438.70144	0.00211	0	0
1438.80144	0.00214	0	0
1438.90144	0.00216	0	0
1439.00144	0.00218	0	0
1439.10144	0.0022	0	0
1439.20144	0.00222	0	0
1439.30144	0.00224	0	0
1439.40144	0.00227	0	0
1439.50144	0.00229	0	0
1439.60144	0.00231	0	0
1439.70144	0.00233	0	0
1439.80144	0.00235	0	0
1439.90144	0.00237	0	0
1440.00144	0.0024	0	0
1440.10144	0.00242	0	0
1440.20144	0.00244	0	0
1440.30144	0.00246	0	0
1440.40144	0.00248	0	0
1440.50144	0.0025	0	0
1440.60144	0.00252	0	0
1440.70144	0.00255	0	0
1440.80144	0.00257	0	0
1440.90144	0.00259	0	0
1441.00144	0.00261	0	0
1441.10144	0.00263	0	0
1441.20144	0.00265	0	0
1441.30144	0.00267	0	0
1441.40144	0.0027	0	0
1441.50144	0.00272	0	0
1441.60144	0.00274	0	0
1441.70144	0.00276	0	0
1441.80144	0.00278	0	0
1441.90144	0.0028	0	0
1442.00144	0.00282	0	0
1442.10144	0.00285	0	0
1442.20144	0.00287	0	0
1442.30144	0.00289	0	0
1442.40144	0.00291	0	0
1442.50144	0.00293	0	0
1442.60144	0.00295	0	0
1442.70144	0.00297	0	0
1442.80144	0.003	0	0
1442.90144	0.00302	0	0
1443.00144	0.00304	0	0
1443.10144	0.00306	0	0
1443.20144	0.00308	0	0
1443.30144	0.0031	0	0
1443.40144	0.00312	0	0
1443.50144	0.00314	0	0
1443.60144	0.00317	0	0
1443.70144	0.00319	0	0
1443.80144	0.00321	0	0
1443.90144	0.00323	0	0
1444.00144	0.00325	0	0
1444.10144	0.00327	0	0
1444.20144	0.00329	0	0
1444.30144	0.00331	0	0
1444.40144	0.00334	0	0
1444.50144	0.00336	0	0
1444.60144	0.00338	0	0
1444.70144	0.0034	0	0
1444.80144	0.00342	0	0
1444.90144	0.00344	0	0
1445.00145	0.00346	0	0
1445.10145	0.00348	0	0
1445.20145	0.0035	0	0
1445.30145	0.00352	0	0
1445.40145	0.00355	0	0
1445.50145	0.00357	0	0
1445.60145	0.00359	0	0
1445.70145	0.00361	0	0
1445.80145	0.00363	0	0
1445.90145	0.00365	0	0
1446.00145	0.00367	0	0
1446.10145	0.00369	0	0
1446.20145	0.00371	0	0
1446.30145	0.00373	0	0
1446.40145	0.00375	0	0
1446.50145	0.00378	0	0
1446.60145	0.0038	0	0
1446.70145	0.00382	0	0
1446.80145	0.00384	0	0
1446.90145	0.00386	0	0
1447.00145	0.00388	0	0
1447.10145	0.0039	0	0
1447.20145	0.00392	0	0
1447.30145	0.00394	0	0
1447.40145	0.00396	0	0
1447.50145	0.00398	0	0
1447.60145	0.004	0	0
1447.70145	0.00402	0	0
1447.80145	0.00405	0	0
1447.90145	0.00407	0	0
1448.00145	0.00409	0	0
1448.10145	0.00411	0	0
1448.20145	0.00413	0	0
1448.30145	0.00415	0	0
1448.40145	0.00417	0	0
1448.50145	0.00419	0	0
1448.60145	0.00421	0	0
1448.70145	0.00423	0	0
1448.80145	0.00425	0	0
1448.90145	0.00427	0	0
1449.00145	0.00429	0	0
1449.10145	0.00431	0	0
1449.20145	0.00433	0	0
1449.30145	0.00435	0	0
1449.40145	0.00437	0	0
1449.50145	0.00439	0	0
1449.60145	0.00441	0	0
1449.70145	0.00443	0	0
1449.80145	0.00446	0	0
1449.90145	0.00448	0	0
1450.00145	0.0045	0	0
1450.10145	0.00452	0	0
1450.20145	0.00454	0	0
1450.30145	0.00456	0	0
1450.40145	0.00458	0	0
1450.50145	0.0046	0	0
1450.60145	0.00462	0	0
1450.70145	0.00464	0	0
1450.80145	0.00466	0	0
1450.90145	0.00468	0	0
1451.00145	0.0047	0	0
1451.10145	0.00472	0	0
1451.20145	0.00474	0	0
1451.30145	0.00476	0	0
1451.40145	0.00478	0	0
1451.50145	0.0048	0	0
1451.60145	0.00482	0	0
1451.70145	0.00484	0	0
1451.80145	0.00486	0	0
1451.90145	0.00488	0	0
1452.00145	0.0049	0	0
1452.10145	0.00492	0	0
1452.20145	0.00494	0	0
1452.30145	0.00496	0	0
1452.40145	0.00498	0	0
1452.50145	0.005	0	0
1452.60145	0.00502	0	0
1452.70145	0.00504	0	0
1452.80145	0.00506	0	0
1452.90145	0.00508	0	0
1453.00145	0.0051	0	0
1453.10145	0.00512	0	0
1453.20145	0.00513	0	0
1453.30145	0.00515	0	0
1453.40145	0.00517	0	0
1453.50145	0.00519	0	0
1453.60145	0.00521	0	0
1453.70145	0.00523	0	0
1453.80145	0.00525	0	0
1453.90145	0.00527	0	0
1454.00145	0.00529	0	0
1454.10145	0.00531	0	0
1454.20145	0.00533	0	0
1454.30145	0.00535	0	0
1454.40145	0.00537	0	0
1454.50145	0.00539	0	0
1454.60145	0.00541	0	0
1454.70145	0.00543	0	0
1454.80145	0.00545	0	0
1454.90145	0.00547	0	0
1455.00146	0.00549	0	0
1455.10146	0.0055	0	0
1455.20146	0.00552	0	0
1455.30146	0.00554	0	0
1455.40146	0.00556	0	0
1455.50146	0.00558	0	0
1455.60146	0.0056	0	0
1455.70146	0.00562	0	0
1455.80146	0.00564	0	0
1455.90146	0.00566	0	0
1456.00146	0.00568	0	0
1456.10146	0.0057	0	0
1456.20146	0.00571	0	0
1456.30146	0.00573	0	0
1456.40146	0.00575	0	0
1456.50146	0.00577	0	0
1456.60146	0.00579	0	0
1456.70146	0.00581	0	0
1456.80146	0.00583	0	0
1456.90146	0.00585	0	0
1457.00146	0.00587	0	0
1457.10146	0.00588	0	0
1457.20146	0.0059	0	0
1457.30146	0.00592	0	0
1457.40146	0.00594	0	0
1457.50146	0.00596	0	0
1457.60146	0.00598	0	0
1457.70146	0.006	0	0
1457.80146	0.00602	0	0
1457.90146	0.00603	0	0
1458.00146	0.00605	0	0
1458.10146	0.00607	0	0
1458.20146	0.00609	0	0
1458.30146	0.00611	0	0
1458.40146	0.00613	0	0
1458.50146	0.00615	0	0
1458.60146	0.00616	0	0
1458.70146	0.00618	0	0
1458.80146	0.0062	0	0
1458.90146	0.00622	0	0
1459.00146	0.00624	0	0
1459.10146	0.00626	0	0
1459.20146	0.00627	0	0
1459.30146	0.00629	0	0
1459.40146	0.00631	0	0
1459.50146	0.00633	0	0
1459.60146	0.00635	0	0
1459.70146	0.00636	0	0
1459.80146	0.00638	0	0
1459.90146	0.0064	0	0
1460.00146	0.00642	0	0
1460.10146	0.00644	0	0
1460.20146	0.00645	0	0
1460.30146	0.00647	0	0
1460.40146	0.00649	0	0
1460.50146	0.00651	0	0
1460.60146	0.00653	0	0
1460.70146	0.00654	0	0
1460.80146	0.00656	0	0
1460.90146	0.00658	0	0
1461.00146	0.0066	0	0
1461.10146	0.00662	0	0
1461.20146	0.00663	0	0
1461.30146	0.00665	0	0
1461.40146	0.00667	0	0
1461.50146	0.00669	0	0
1461.60146	0.0067	0	0
1461.70146	0.00672	0	0
1461.80146	0.00674	0	0
1461.90146	0.00676	0	0
1462.00146	0.00677	0	0
1462.10146	0.00679	0	0
1462.20146	0.00681	0	0
1462.30146	0.00683	0	0
1462.40146	0.00684	0	0
1462.50146	0.00686	0	0
1462.60146	0.00688	0	0
1462.70146	0.0069	0	0
1462.80146	0.00691	0	0
1462.90146	0.00693	0	0
1463.00146	0.00695	0	0
1463.10146	0.00696	0	0
1463.20146	0.00698	0	0
1463.30146	0.007	0	0
1463.40146	0.00702	0	0
1463.50146	0.00703	0	0
1463.60146	0.00705	0	0
1463.70146	0.00707	0	0
1463.80146	0.00708	0	0
1463.90146	0.0071	0	0
1464.00146	0.00712	0	0
1464.10146	0.00713	0	0
1464.20146	0.00715	0	0
1464.30146	0.00717	0	0
1464.40146	0.00718	0	0
1464.50146	0.0072	0	0
1464.60146	0.00722	0	0
1464.70146	0.00723	0	0
1464.80146	0.00725	0	0
1464.90146	0.00727	0	0
1465.00147	0.00728	0	0
1465.10147	0.0073	0	0
1465.20147	0.00732	0	0
1465.30147	0.00733	0	0
1465.40147	0.00735	0	0
1465.50147	0.00737	0	0
1465.60147	0.00738	0	0
1465.70147	0.0074	0	0
1465.80147	0.00742	0	0
1465.90147	0.00743	0	0
1466.00147	0.00745	0	0
1466.10147	0.00746	0	0
1466.20147	0.00748	0	0
1466.30147	0.0075	0	0
1466.40147	0.00751	0	0
1466.50147	0.00753	0	0
1466.60147	0.00755	0	0
1466.70147	0.00756	0	0
1466.80147	0.00758	0	0
1466.90147	0.00759	0	0
1467.00147	0.00761	0	0
1467.10147	0.00763	0	0
1467.20147	0.00764	0	0
1467.30147	0.00766	0	0
1467.40147	0.00767	0	0
1467.50147	0.00769	0	0
1467.60147	0.0077	0	0
1467.70147	0.00772	0	0
1467.80147	0.00774	0	0
1467.90147	0.00775	0	0
1468.00147	0.00777	0	0
1468.10147	0.00778	0	0
1468.20147	0.0078	0	0
1468.30147	0.00781	0	0
1468.40147	0.00783	0	0
1468.50147	0.00784	0	0
1468.60147	0.00786	0	0
1468.70147	0.00788	0	0
1468.80147	0.00789	0	0
1468.90147	0.00791	0	0
1469.00147	0.00792	0	0
1469.10147	0.00794	0	0
1469.20147	0.00795	0	0
1469.30147	0.00797	0	0
1469.40147	0.00798	0	0
1469.50147	0.008	0	0
1469.60147	0.00801	0	0
1469.70147	0.00803	0	0
1469.80147	0.00804	0	0
1469.90147	0.00806	0	0
1470.00147	0.00807	0	0
1470.10147	0.00809	0	0
1470.20147	0.0081	0	0
1470.30147	0.00812	0	0
1470.40147	0.00813	0	0
1470.50147	0.00815	0	0
1470.60147	0.00816	0	0
1470.70147	0.00818	0	0
1470.80147	0.00819	0	0
1470.90147	0.00821	0	0
1471.00147	0.00822	0	0
1471.10147	0.00823	0	0
1471.20147	0.00825	0	0
1471.30147	0.00826	0	0
1471.40147	0.00828	0	0
1471.50147	0.00829	0	0
1471.60147	0.00831	0	0
1471.70147	0.00832	0	0
1471.80147	0.00834	0	0
1471.90147	0.00835	0	0
1472.00147	0.00836	0	0
1472.10147	0.00838	0	0
1472.20147	0.00839	0	0
1472.30147	0.00841	0	0
1472.40147	0.00842	0	0
1472.50147	0.00843	0	0
1472.60147	0.00845	0	0
1472.70147	0.00846	0	0
1472.80147	0.00848	0	0
1472.90147	0.00849	0	0
1473.00147	0.0085	0	0
1473.10147	0.00852	0	0
1473.20147	0.00853	0	0
1473.30147	0.00855	0	0
1473.40147	0.00856	0	0
1473.50147	0.00857	0	0
1473.60147	0.00859	0	0
1473.70147	0.0086	0	0
1473.80147	0.00861	0	0
1473.90147	0.00863	0	0
1474.00147	0.00864	0	0
1474.10147	0.00865	0	0
1474.20147	0.00867	0	0
1474.30147	0.00868	0	0
1474.40147	0.00869	0	0
1474.50147	0.00871	0	0
1474.60147	0.00872	0	0
1474.70147	0.00873	0	0
1474.80147	0.00875	0	0
1474.90147	0.00876	0	0
1475.00148	0.00877	0	0
1475.10148	0.00879	0	0
1475.20148	0.0088	0	0
1475.30148	0.00881	0	0
1475.40148	0.00883	0	0
1475.50148	0.00884	0	0
1475.60148	0.00885	0	0
1475.70148	0.00886	0	0
1475.80148	0.00888	0	0
1475.90148	0.00889	0	0
1476.00148	0.0089	0	0
1476.10148	0.00892	0	0
1476.20148	0.00893	0	0
1476.30148	0.00894	0	0
1476.40148	0.00895	0	0
1476.50148	0.00897	0	0
1476.60148	0.00898	0	0
1476.70148	0.00899	0	0
1476.80148	0.009	0	0
1476.90148	0.00902	0	0
1477.00148	0.00903	0	0
1477.10148	0.00904	0	0
1477.20148	0.00905	0	0
1477.30148	0.00906	0	0
1477.40148	0.00908	0	0
1477.50148	0.00909	0	0
1477.60148	0.0091	0	0
1477.70148	0.00911	0	0
1477.80148	0.00913	0	0
1477.90148	0.00914	0	0
1478.00148	0.00915	0	0
1478.10148	0.00916	0	0
1478.20148	0.00917	0	0
1478.30148	0.00918	0	0
1478.40148	0.0092	0	0
1478.50148	0.00921	0	0
1478.60148	0.00922	0	0
1478.70148	0.00923	0	0
1478.80148	0.00924	0	0
1478.90148	0.00926	0	0
1479.00148	0.00927	0	0
1479.10148	0.00928	0	0
1479.20148	0.00929	0	0
1479.30148	0.0093	0	0
1479.40148	0.00931	0	0
1479.50148	0.00932	0	0
1479.60148	0.00934	0	0
1479.70148	0.00935	0	0
1479.80148	0.00936	0	0
1479.90148	0.00937	0	0
1480.00148	0.00938	0	0
1480.10148	0.00939	0	0
1480.20148	0.0094	0	0
1480.30148	0.00941	0	0
1480.40148	0.00942	0	0
1480.50148	0.00943	0	0
1480.60148	0.00945	0	0
1480.70148	0.00946	0	0
1480.80148	0.00947	0	0
1480.90148	0.00948	0	0
1481.00148	0.00949	0	0
1481.10148	0.0095	0	0
1481.20148	0.00951	0	0
1481.30148	0.00952	0	0
1481.40148	0.00953	0	0
1481.50148	0.00954	0	0
1481.60148	0.00955	0	0
1481.70148	0.00956	0	0
1481.80148	0.00957	0	0
1481.90148	0.00958	0	0
1482.00148	0.00959	0	0
1482.10148	0.0096	0	0
1482.20148	0.00961	0	0
1482.30148	0.00962	0	0
1482.40148	0.00963	0	0
1482.50148	0.00964	0	0
1482.60148	0.00966	0	0
1482.70148	0.00967	0	0
1482.80148	0.00968	0	0
1482.90148	0.00968	0	0
1483.00148	0.00969	0	0
1483.10148	0.0097	0	0
1483.20148	0.00971	0	0
1483.30148	0.00972	0	0
1483.40148	0.00973	0	0
1483.50148	0.00974	0	0
1483.60148	0.00975	0	0
1483.70148	0.00976	0	0
1483.80148	0.00977	0	0
1483.90148	0.00978	0	0
1484.00148	0.00979	0	0
1484.10148	0.0098	0	0
1484.20148	0.00981	0	0
1484.30148	0.00982	0	0
1484.40148	0.00983	0	0
1484.50148	0.00984	0	0
1484.60148	0.00985	0	0
1484.70148	0.00986	0	0
1484.80148	0.00987	0	0
1484.90148	0.00987	0	0
1485.00149	0.00988	0	0
1485.10149	0.00989	0	0
1485.20149	0.0099	0	0
1485.30149	0.00991	0	0
1485.40149	0.00992	0	0
1485.50149	0.00993	0	0
1485.60149	0.00994	0	0
1485.70149	0.00995	0	0
1485.80149	0.00995	0	0
1485.90149	0.00996	0	0
1486.00149	0.00997	0	0
1486.10149	0.00998	0	0
1486.20149	0.00999	0	0
1486.30149	0.01	0	0
1486.40149	0.01001	0	0
1486.50149	0.01001	0	0
1486.60149	0.01002	0	0
1486.70149	0.01003	0	0
1486.80149	0.01004	0	0
1486.90149	0.01005	0	0
1487.00149	0.01006	0	0
1487.10149	0.01006	0	0
1487.20149	0.01007	0	0
1487.30149	0.01008	0	0
1487.40149	0.01009	0	0
1487.50149	0.0101	0	0
1487.60149	0.0101	0	0
1487.70149	0.01011	0	0
1487.80149	0.01012	0	0
1487.90149	0.01013	0	0
1488.00149	0.01013	0	0
1488.10149	0.01014	0	0
1488.20149	0.01015	0	0
1488.30149	0.01016	0	0
1488.40149	0.01016	0	0
1488.50149	0.01017	0	0
1488.60149	0.01018	0	0
1488.70149	0.01019	0	0
1488.80149	0.01019	0	0
1488.90149	0.0102	0	0
1489.00149	0.01021	0	0
1489.10149	0.01022	0	0
1489.20149	0.01022	0	0
1489.30149	0.01023	0	0
1489.40149	0.01024	0	0
1489.50149	0.01024	0	0
1489.60149	0.01025	0	0
1489.70149	0.01026	0	0
1489.80149	0.01027	0	0
1489.90149	0.01027	0	0
1490.00149	0.01028	0	0
1490.10149	0.01029	0	0
1490.20149	0.01029	0	0
1490.30149	0.0103	0	0
1490.40149	0.01031	0	0
1490.50149	0.01031	0	0
1490.60149	0.01032	0	0
1490.70149	0.01033	0	0
1490.80149	0.01033	0	0
1490.90149	0.01034	0	0
1491.00149	0.01034	0	0
1491.10149	0.01035	0	0
1491.20149	0.01036	0	0
1491.30149	0.01036	0	0
1491.40149	0.01037	0	0
1491.50149	0.01038	0	0
1491.60149	0.01038	0	0
1491.70149	0.01039	0	0
1491.80149	0.01039	0	0
1491.90149	0.0104	0	0
1492.00149	0.01041	0	0
1492.10149	0.01041	0	0
1492.20149	0.01042	0	0
1492.30149	0.01042	0	0
1492.40149	0.01043	0	0
1492.50149	0.01043	0	0
1492.60149	0.01044	0	0
1492.70149	0.01045	0	0
1492.80149	0.01045	0	0
1492.90149	0.01046	0	0
1493.00149	0.01046	0	0
1493.10149	0.01047	0	0
1493.20149	0.01047	0	0
1493.30149	0.01048	0	0
1493.40149	0.01048	0	0
1493.50149	0.01049	0	0
1493.60149	0.01049	0	0
1493.70149	0.0105	0	0
1493.80149	0.0105	0	0
1493.90149	0.01051	0	0
1494.00149	0.01051	0	0
1494.10149	0.01052	0	0
1494.20149	0.01052	0	0
1494.30149	0.01053	0	0
1494.40149	0.01053	0	0
1494.50149	0.01054	0	0
1494.60149	0.01054	0	0
1494.70149	0.01055	0	0
1494.80149	0.01055	0	0
1494.90149	0.01056	0	0
1495.0015	0.01056	0	0
1495.1015	0.01057	0	0
1495.2015	0.01057	0	0
1495.3015	0.01057	0	0
1495.4015	0.01058	0	0
1495.5015	0.01058	0	0
1495.6015	0.01059	0	0
1495.7015	0.01059	0	0
1495.8015	0.0106	0	0
1495.9015	0.0106	0	0
1496.0015	0.0106	0	0
1496.1015	0.01061	0	0
1496.2015	0.01061	0	0
1496.3015	0.01062	0	0
1496.4015	0.01062	0	0
1496.5015	0.01062	0	0
1496.6015	0.01063	0	0
1496.7015	0.01063	0	0
1496.8015	0.01063	0	0
1496.9015	0.01064	0	0
1497.0015	0.01064	0	0
1497.1015	0.01065	0	0
1497.2015	0.01065	0	0
1497.3015	0.01065	0	0
1497.4015	0.01066	0	0
1497.5015	0.01066	0	0
1497.6015	0.01066	0	0
1497.7015	0.01067	0	0
1497.8015	0.01067	0	0
1497.9015	0.01067	0	0
1498.0015	0.01068	0	0
1498.1015	0.01068	0	0
1498.2015	0.01068	0	0
1498.3015	0.01068	0	0
1498.4015	0.01069	0	0
1498.5015	0.01069	0	0
1498.6015	0.01069	0	0
1498.7015	0.0107	0	0
1498.8015	0.0107	0	0
1498.9015	0.0107	0	0
1499.0015	0.0107	0	0
1499.1015	0.01071	0	0
1499.2015	0.01071	0	0
1499.3015	0.01071	0	0
1499.4015	0.01071	0	0
1499.5015	0.01072	0	0
1499.6015	0.01072	0	0
1499.7015	0.01072	0	0
1499.8015	0.01072	0	0
1499.9015	0.01073	0	0
1500.0015	0.01073	0	0
1500.1015	0.01073	0	0
1500.2015	0.01073	0	0
1500.3015	0.01073	0	0
1500.4015	0.01074	0	0
1500.5015	0.01074	0	0
1500.6015	0.01074	0	0
1500.7015	0.01074	0	0
1500.8015	0.01074	0	0
1500.9015	0.01074	0	0
1501.0015	0.01075	0	0
1501.1015	0.01075	0	0
1501.2015	0.01075	0	0
1501.3015	0.01075	0	0
1501.4015	0.01075	0	0
1501.5015	0.01075	0	0
1501.6015	0.01076	0	0
1501.7015	0.01076	0	0
1501.8015	0.01076	0	0
1501.9015	0.01076	0	0
1502.0015	0.01076	0	0
1502.1015	0.01076	0	0
1502.2015	0.01076	0	0
1502.3015	0.01076	0	0
1502.4015	0.01076	0	0
1502.5015	0.01077	0	0
1502.6015	0.01077	0	0
1502.7015	0.01077	0	0
1502.8015	0.01077	0	0
1502.9015	0.01077	0	0
1503.0015	0.01077	0	0
1503.1015	0.01077	0	0
1503.2015	0.01077	0	0
1503.3015	0.01077	0	0
1503.4015	0.01077	0	0
1503.5015	0.01077	0	0
1503.6015	0.01077	0	0
1503.7015	0.01077	0	0
1503.8015	0.01077	0	0
1503.9015	0.01077	0	0
1504.0015	0.01077	0	0
1504.1015	0.01077	0	0
1504.2015	0.01077	0	0
1504.3015	0.01078	0	0
1504.4015	0.01078	0	0
1504.5015	0.01078	0	0
1504.6015	0.01078	0	0
1504.7015	0.01077	0	0
1504.8015	0.01077	0	0
1504.9015	0.01077	0	0
1505.00151	0.01077	0	0
1505.10151	0.01077	0	0
1505.20151	0.01077	0	0
1505.30151	0.01077	0	0
1505.40151	0.01077	0	0
1505.50151	0.01077	0	0
1505.60151	0.01077	0	0
1505.70151	0.01077	0	0
1505.80151	0.01077	0	0
1505.90151	0.01077	0	0
1506.00151	0.01077	0	0
1506.10151	0.01077	0	0
1506.20151	0.01077	0	0
1506.30151	0.01077	0	0
1506.40151	0.01077	0	0
1506.50151	0.01077	0	0
1506.60151	0.01076	0	0
1506.70151	0.01076	0	0
1506.80151	0.01076	0	0
1506.90151	0.01076	0	0
1507.00151	0.01076	0	0
1507.10151	0.01076	0	0
1507.20151	0.01076	0	0
1507.30151	0.01076	0	0
1507.40151	0.01075	0	0
1507.50151	0.01075	0	0
1507.60151	0.01075	0	0
1507.70151	0.01075	0	0
1507.80151	0.01075	0	0
1507.90151	0.01075	0	0
1508.00151	0.01074	0	0
1508.10151	0.01074	0	0
1508.20151	0.01074	0	0
1508.30151	0.01074	0	0
1508.40151	0.01074	0	0
1508.50151	0.01074	0	0
1508.60151	0.01073	0	0
1508.70151	0.01073	0	0
1508.80151	0.01073	0	0
1508.90151	0.01073	0	0
1509.00151	0.01073	0	0
1509.10151	0.01072	0	0
1509.20151	0.01072	0	0
1509.30151	0.01072	0	0
1509.40151	0.01072	0	0
1509.50151	0.01071	0	0
1509.60151	0.01071	0	0
1509.70151	0.01071	0	0
1509.80151	0.01071	0	0
1509.90151	0.0107	0	0
1510.00151	0.0107	0	0
1510.10151	0.0107	0	0
1510.20151	0.0107	0	0
1510.30151	0.01069	0	0
1510.40151	0.01069	0	0
1510.50151	0.01069	0	0
1510.60151	0.01068	0	0
1510.70151	0.01068	0	0
1510.80151	0.01068	0	0
1510.90151	0.01068	0	0
1511.00151	0.01067	0	0
1511.10151	0.01067	0	0
1511.20151	0.01067	0	0
1511.30151	0.01066	0	0
1511.40151	0.01066	0	0
1511.50151	0.01066	0	0
1511.60151	0.01065	0	0
1511.70151	0.01065	0	0
1511.80151	0.01065	0	0
1511.90151	0.01064	0	0
1512.00151	0.01064	0	0
1512.10151	0.01063	0	0
1512.20151	0.01063	0	0
1512.30151	0.01063	0	0
1512.40151	0.01062	0	0
1512.50151	0.01062	0	0
1512.60151	0.01062	0	0
1512.70151	0.01061	0	0
1512.80151	0.01061	0	0
1512.90151	0.0106	0	0
1513.00151	0.0106	0	0
1513.10151	0.0106	0	0
1513.20151	0.01059	0	0
1513.30151	0.01059	0	0
1513.40151	0.01058	0	0
1513.50151	0.01058	0	0
1513.60151	0.01057	0	0
1513.70151	0.01057	0	0
1513.80151	0.01057	0	0
1513.90151	0.01056	0	0
1514.00151	0.01056	0	0
1514.10151	0.01055	0	0
1514.20151	0.01055	0	0
1514.30151	0.01054	0	0
1514.40151	0.01054	0	0
1514.50151	0.01053	0	0
1514.60151	0.01053	0	0
1514.70151	0.01052	0	0
1514.80151	0.01052	0	0
1514.90151	0.01051	0	0
1515.00152	0.01051	0	0
1515.10152	0.0105	0	0
1515.20152	0.0105	0	0
1515.30152	0.01049	0	0
1515.40152	0.01049	0	0
1515.50152	0.01048	0	0
1515.60152	0.01048	0	0
1515.70152	0.01047	0	0
1515.80152	0.01047	0	0
1515.90152	0.01046	0	0
1516.00152	0.01046	0	0
1516.10152	0.01045	0	0
1516.20152	0.01044	0	0
1516.30152	0.01044	0	0
1516.40152	0.01043	0	0
1516.50152	0.01043	0	0
1516.60152	0.01042	0	0
1516.70152	0.01042	0	0
1516.80152	0.01041	0	0
1516.90152	0.0104	0	0
1517.00152	0.0104	0	0
1517.10152	0.01039	0	0
1517.20152	0.01039	0	0
1517.30152	0.01038	0	0
1517.40152	0.01037	0	0
1517.50152	0.01037	0	0
1517.60152	0.01036	0	0
1517.70152	0.01036	0	0
1517.80152	0.01035	0	0
1517.90152	0.01034	0	0
1518.00152	0.01034	0	0
1518.10152	0.01033	0	0
1518.20152	0.01032	0	0
1518.30152	0.01032	0	0
1518.40152	0.01031	0	0
1518.50152	0.0103	0	0
1518.60152	0.0103	0	0
1518.70152	0.01029	0	0
1518.80152	0.01028	0	0
1518.90152	0.01028	0	0
1519.00152	0.01027	0	0
1519.10152	0.01026	0	0
1519.20152	0.01025	0	0
1519.30152	0.01025	0	0
1519.40152	0.01024	0	0
1519.50152	0.01023	0	0
1519.60152	0.01023	0	0
1519.70152	0.01022	0	0
1519.80152	0.01021	0	0
1519.90152	0.0102	0	0
1520.00152	0.0102	0	0
1520.10152	0.01019	0	0
1520.20152	0.01018	0	0
1520.30152	0.01017	0	0
1520.40152	0.01017	0	0
1520.50152	0.01016	0	0
1520.60152	0.01015	0	0
1520.70152	0.01014	0	0
1520.80152	0.01014	0	0
1520.90152	0.01013	0	0
1521.00152	0.01012	0	0
1521.10152	0.01011	0	0
1521.20152	0.01011	0	0
1521.30152	0.0101	0	0
1521.40152	0.01009	0	0
1521.50152	0.01008	0	0
1521.60152	0.01007	0	0
1521.70152	0.01007	0	0
1521.80152	0.01006	0	0
1521.90152	0.01005	0	0
1522.00152	0.01004	0	0
1522.10152	0.01003	0	0
1522.20152	0.01002	0	0
1522.30152	0.01002	0	0
1522.40152	0.01001	0	0
1522.50152	0.01	0	0
1522.60152	0.00999	0	0
1522.70152	0.00998	0	0
1522.80152	0.00997	0	0
1522.90152	0.00996	0	0
1523.00152	0.00995	0	0
1523.10152	0.00995	0	0
1523.20152	0.00994	0	0
1523.30152	0.00993	0	0
1523.40152	0.00992	0	0
1523.50152	0.00991	0	0
1523.60152	0.0099	0	0
1523.70152	0.00989	0	0
1523.80152	0.00988	0	0
1523.90152	0.00987	0	0
1524.00152	0.00986	0	0
1524.10152	0.00986	0	0
1524.20152	0.00985	0	0
1524.30152	0.00984	0	0
1524.40152	0.00983	0	0
1524.50152	0.00982	0	0
1524.60152	0.00981	0	0
1524.70152	0.0098	0	0
1524.80152	0.00979	0	0
1524.90152	0.00978	0	0
1525.00153	0.00977	0	0
1525.10153	0.00976	0	0
1525.20153	0.00975	0	0
1525.30153	0.00974	0	0
1525.40153	0.00973	0	0
1525.50153	0.00972	0	0
1525.60153	0.00971	0	0
1525.70153	0.0097	0	0
1525.80153	0.00969	0	0
1525.90153	0.00968	0	0
1526.00153	0.00967	0	0
1526.10153	0.00966	0	0
1526.20153	0.00965	0	0
1526.30153	0.00964	0	0
1526.40153	0.00963	0	0
1526.50153	0.00962	0	0
1526.60153	0.00961	0	0
1526.70153	0.0096	0	0
1526.80153	0.00959	0	0
1526.90153	0.00958	0	0
1527.00153	0.00957	0	0
1527.10153	0.00956	0	0
1527.20153	0.00955	0	0
1527.30153	0.00954	0	0
1527.40153	0.00953	0	0
1527.50153	0.00951	0	0
1527.60153	0.0095	0	0
1527.70153	0.00949	0	0
1527.80153	0.00948	0	0
1527.90153	0.00947	0	0
1528.00153	0.00946	0	0
1528.10153	0.00945	0	0
1528.20153	0.00944	0	0
1528.30153	0.00943	0	0
1528.40153	0.00942	0	0
1528.50153	0.0094	0	0
1528.60153	0.00939	0	0
1528.70153	0.00938	0	0
1528.80153	0.00937	0	0
1528.90153	0.00936	0	0
1529.00153	0.00935	0	0
1529.10153	0.00934	0	0
1529.20153	0.00933	0	0
1529.30153	0.00931	0	0
1529.40153	0.0093	0	0
1529.50153	0.00929	0	0
1529.60153	0.00928	0	0
1529.70153	0.00927	0	0
1529.80153	0.00926	0	0
1529.90153	0.00924	0	0
1530.00153	0.00923	0	0
1530.10153	0.00922	0	0
1530.20153	0.00921	0	0
1530.30153	0.0092	0	0
1530.40153	0.00918	0	0
1530.50153	0.00917	0	0
1530.60153	0.00916	0	0
1530.70153	0.00915	0	0
1530.80153	0.00914	0	0
1530.90153	0.00912	0	0
1531.00153	0.00911	0	0
1531.10153	0.0091	0	0
1531.20153	0.00909	0	0
1531.30153	0.00907	0	0
1531.40153	0.00906	0	0
1531.50153	0.00905	0	0
1531.60153	0.00904	0	0
1531.70153	0.00902	0	0
1531.80153	0.00901	0	0
1531.90153	0.009	0	0
1532.00153	0.00899	0	0
1532.10153	0.00897	0	0
1532.20153	0.00896	0	0
1532.30153	0.00895	0	0
1532.40153	0.00893	0	0
1532.50153	0.00892	0	0
1532.60153	0.00891	0	0
1532.70153	0.0089	0	0
1532.80153	0.00888	0	0
1532.90153	0.00887	0	0
1533.00153	0.00886	0	0
1533.10153	0.00884	0	0
1533.20153	0.00883	0	0
1533.30153	0.00882	0	0
1533.40153	0.0088	0	0
1533.50153	0.00879	0	0
1533.60153	0.00878	0	0
1533.70153	0.00876	0	0
1533.80153	0.00875	0	0
1533.90153	0.00874	0	0
1534.00153	0.00872	0	0
1534.10153	0.00871	0	0
1534.20153	0.0087	0	0
1534.30153	0.00868	0	0
1534.40153	0.00867	0	0
1534.50153	0.00866	0	0
1534.60153	0.00864	0	0
1534.70153	0.00863	0	0
1534.80153	0.00861	0	0
1534.90153	0.0086	0	0
1535.00154	0.00859	0	0
1535.10154	0.00857	0	0
1535.20154	0.00856	0	0
1535.30154	0.00854	0	0
1535.40154	0.00853	0	0
1535.50154	0.00852	0	0
1535.60154	0.0085	0	0
1535.70154	0.00849	0	0
1535.80154	0.00847	0	0
1535.90154	0.00846	0	0
1536.00154	0.00844	0	0
1536.10154	0.00843	0	0
1536.20154	0.00842	0	0
1536.30154	0.0084	0	0
1536.40154	0.00839	0	0
1536.50154	0.00837	0	0
1536.60154	0.00836	0	0
1536.70154	0.00834	0	0
1536.80154	0.00833	0	0
1536.90154	0.00831	0	0
1537.00154	0.0083	0	0
1537.10154	0.00828	0	0
1537.20154	0.00827	0	0
1537.30154	0.00825	0	0
1537.40154	0.00824	0	0
1537.50154	0.00822	0	0
1537.60154	0.00821	0	0
1537.70154	0.00819	0	0
1537.80154	0.00818	0	0
1537.90154	0.00816	0	0
1538.00154	0.00815	0	0
1538.10154	0.00813	0	0
1538.20154	0.00812	0	0
1538.30154	0.0081	0	0
1538.40154	0.00809	0	0
1538.50154	0.00807	0	0
1538.60154	0.00806	0	0
1538.70154	0.00804	0	0
1538.80154	0.00803	0	0
1538.90154	0.00801	0	0
1539.00154	0.008	0	0
1539.10154	0.00798	0	0
1539.20154	0.00797	0	0
1539.30154	0.00795	0	0
1539.40154	0.00793	0	0
1539.50154	0.00792	0	0
1539.60154	0.0079	0	0
1539.70154	0.00789	0	0
1539.80154	0.00787	0	0
1539.90154	0.00786	0	0
1540.00154	0.00784	0	0
1540.10154	0.00782	0	0
1540.20154	0.00781	0	0
1540.30154	0.00779	0	0
1540.40154	0.00778	0	0
1540.50154	0.00776	0	0
1540.60154	0.00774	0	0
1540.70154	0.00773	0	0
1540.80154	0.00771	0	0
1540.90154	0.00769	0	0
1541.00154	0.00768	0	0
1541.10154	0.00766	0	0
1541.20154	0.00765	0	0
1541.30154	0.00763	0	0
1541.40154	0.00761	0	0
1541.50154	0.0076	0	0
1541.60154	0.00758	0	0
1541.70154	0.00756	0	0
1541.80154	0.00755	0	0
1541.90154	0.00753	0	0
1542.00154	0.00751	0	0
1542.10154	0.0075	0	0
1542.20154	0.00748	0	0
1542.30154	0.00746	0	0
1542.40154	0.00745	0	0
1542.50154	0.00743	0	0
1542.60154	0.00741	0	0
1542.70154	0.0074	0	0
1542.80154	0.00738	0	0
1542.90154	0.00736	0	0
1543.00154	0.00735	0	0
1543.10154	0.00733	0	0
1543.20154	0.00731	0	0
1543.30154	0.00729	0	0
1543.40154	0.00728	0	0
1543.50154	0.00726	0	0
1543.60154	0.00724	0	0
1543.70154	0.00723	0	0
1543.80154	0.00721	0	0
1543.90154	0.00719	0	0
1544.00154	0.00717	0	0
1544.10154	0.00716	0	0
1544.20154	0.00714	0	0
1544.30154	0.00712	0	0
1544.40154	0.0071	0	0
1544.50154	0.00709	0	0
1544.60154	0.00707	0	0
1544.70154	0.00705	0	0
1544.80154	0.00703	0	0
1544.90154	0.00702	0	0
1545.00155	0.007	0	0
1545.10155	0.00698	0	0
1545.20155	0.00696	0	0
1545.30155	0.00695	0	0
1545.40155	0.00693	0	0
1545.50155	0.00691	0	0
1545.60155	0.00689	0	0
1545.70155	0.00687	0	0
1545.80155	0.00686	0	0
1545.90155	0.00684	0	0
1546.00155	0.00682	0	0
1546.10155	0.0068	0	0
1546.20155	0.00678	0	0
1546.30155	0.00677	0	0
1546.40155	0.00675	0	0
1546.50155	0.00673	0	0
1546.60155	0.00671	0	0
1546.70155	0.00669	0	0
1546.80155	0.00667	0	0
1546.90155	0.00666	0	0
1547.00155	0.00664	0	0
1547.10155	0.00662	0	0
1547.20155	0.0066	0	0
1547.30155	0.00658	0	0
1547.40155	0.00656	0	0
1547.50155	0.00654	0	0
1547.60155	0.00653	0	0
1547.70155	0.00651	0	0
1547.80155	0.00649	0	0
1547.90155	0.00647	0	0
1548.00155	0.00645	0	0
1548.10155	0.00643	0	0
1548.20155	0.00641	0	0
1548.30155	0.0064	0	0
1548.40155	0.00638	0	0
1548.50155	0.00636	0	0
1548.60155	0.00634	0	0
1548.70155	0.00632	0	0
1548.80155	0.0063	0	0
1548.90155	0.00628	0	0
1549.00155	0.00626	0	0
1549.10155	0.00624	0	0
1549.20155	0.00622	0	0
1549.30155	0.00621	0	0
1549.40155	0.00619	0	0
1549.50155	0.00617	0	0
1549.60155	0.00615	0	0
1549.70155	0.00613	0	0
1549.80155	0.00611	0	0
1549.90155	0.00609	0	0
1550.00155	0.00607	0	0
1550.10155	0.00605	0	0
1550.20155	0.00603	0	0
1550.30155	0.00601	0	0
1550.40155	0.00599	0	0
1550.50155	0.00597	0	0
1550.60155	0.00595	0	0
1550.70155	0.00593	0	0
1550.80155	0.00592	0	0
1550.90155	0.0059	0	0
1551.00155	0.00588	0	0
1551.10155	0.00586	0	0
1551.20155	0.00584	0	0
1551.30155	0.00582	0	0
1551.40155	0.0058	0	0
1551.50155	0.00578	0	0
1551.60155	0.00576	0	0
1551.70155	0.00574	0	0
1551.80155	0.00572	0	0
1551.90155	0.0057	0	0
1552.00155	0.00568	0	0
1552.10155	0.00566	0	0
1552.20155	0.00564	0	0
1552.30155	0.00562	0	0
1552.40155	0.0056	0	0
1552.50155	0.00558	0	0
1552.60155	0.00556	0	0
1552.70155	0.00554	0	0
1552.80155	0.00552	0	0
1552.90155	0.0055	0	0
1553.00155	0.00548	0	0
1553.10155	0.00546	0	0
1553.20155	0.00544	0	0
1553.30155	0.00542	0	0
1553.40155	0.0054	0	0
1553.50155	0.00537	0	0
1553.60155	0.00535	0	0
1553.70155	0.00533	0	0
1553.80155	0.00531	0	0
1553.90155	0.00529	0	0
1554.00155	0.00527	0	0
1554.10155	0.00525	0	0
1554.20155	0.00523	0	0
1554.30155	0.00521	0	0
1554.40155	0.00519	0	0
1554.50155	0.00517	0	0
1554.60155	0.00515	0	0
1554.70155	0.00513	0	0
1554.80155	0.00511	0	0
1554.90155	0.00509	0	0
1555.00156	0.00507	0	0
1555.10156	0.00504	0	0
1555.20156	0.00502	0	0
1555.30156	0.005	0	0
1555.40156	0.00498	0	0
1555.50156	0.00496	0	0
1555.60156	0.00494	0	0
1555.70156	0.00492	0	0
1555.80156	0.0049	0	0
1555.90156	0.00488	0	0
1556.00156	0.00486	0	0
1556.10156	0.00484	0	0
1556.20156	0.00481	0	0
1556.30156	0.00479	0	0
1556.40156	0.00477	0	0
1556.50156	0.00475	0	0
1556.60156	0.00473	0	0
1556.70156	0.00471	0	0
1556.80156	0.00469	0	0
1556.90156	0.00467	0	0
1557.00156	0.00464	0	0
1557.10156	0.00462	0	0
1557.20156	0.0046	0	0
1557.30156	0.00458	0	0
1557.40156	0.00456	0	0
1557.50156	0.00454	0	0
1557.60156	0.00452	0	0
1557.70156	0.00449	0	0
1557.80156	0.00447	0	0
1557.90156	0.00445	0	0
1558.00156	0.00443	0	0
1558.10156	0.00441	0	0
1558.20156	0.00439	0	0
1558.30156	0.00436	0	0
1558.40156	0.00434	0	0
1558.50156	0.00432	0	0
1558.60156	0.0043	0	0
1558.70156	0.00428	0	0
1558.80156	0.00426	0	0
1558.90156	0.00423	0	0
1559.00156	0.00421	0	0
1559.10156	0.00419	0	0
1559.20156	0.00417	0	0
1559.30156	0.00415	0	0
1559.40156	0.00412	0	0
1559.50156	0.0041	0	0
1559.60156	0.00408	0	0
1559.70156	0.00406	0	0
1559.80156	0.00404	0	0
1559.90156	0.00401	0	0
1560.00156	0.00399	0	0
1560.10156	0.00397	0	0
1560.20156	0.00395	0	0
1560.30156	0.00393	0	0
1560.40156	0.0039	0	0
1560.50156	0.00388	0	0
1560.60156	0.00386	0	0
1560.70156	0.00384	0	0
1560.80156	0.00381	0	0
1560.90156	0.00379	0	0
1561.00156	0.00377	0	0
1561.10156	0.00375	0	0
1561.20156	0.00373	0	0
1561.30156	0.0037	0	0
1561.40156	0.00368	0	0
1561.50156	0.00366	0	0
1561.60156	0.00364	0	0
1561.70156	0.00361	0	0
1561.80156	0.00359	0	0
1561.90156	0.00357	0	0
1562.00156	0.00355	0	0
1562.10156	0.00352	0	0
1562.20156	0.0035	0	0
1562.30156	0.00348	0	0
1562.40156	0.00346	0	0
1562.50156	0.00343	0	0
1562.60156	0.00341	0	0
1562.70156	0.00339	0	0
1562.80156	0.00336	0	0
1562.90156	0.00334	0	0
1563.00156	0.00332	0	0
1563.10156	0.0033	0	0
1563.20156	0.00327	0	0
1563.30156	0.00325	0	0
1563.40156	0.00323	0	0
1563.50156	0.0032	0	0
1563.60156	0.00318	0	0
1563.70156	0.00316	0	0
1563.80156	0.00314	0	0
1563.90156	0.00311	0	0
1564.00156	0.00309	0	0
1564.10156	0.00307	0	0
1564.20156	0.00304	0	0
1564.30156	0.00302	0	0
1564.40156	0.003	0	0
1564.50156	0.00298	0	0
1564.60156	0.00295	0	0
1564.70156	0.00293	0	0
1564.80156	0.00291	0	0
1564.90156	0.00288	0	0
1565.00157	0.00286	0	0
1565.10157	0.00284	0	0
1565.20157	0.00281	0	0
1565.30157	0.00279	0	0
1565.40157	0.00277	0	0
1565.50157	0.00274	0	0
1565.60157	0.00272	0	0
1565.70157	0.0027	0	0
1565.80157	0.00267	0	0
1565.90157	0.00265	0	0
1566.00157	0.00263	0	0
1566.10157	0.0026	0	0
1566.20157	0.00258	0	0
1566.30157	0.00256	0	0
1566.40157	0.00253	0	0
1566.50157	0.00251	0	0
1566.60157	0.00249	0	0
1566.70157	0.00246	0	0
1566.80157	0.00244	0	0
1566.90157	0.00242	0	0
1567.00157	0.00239	0	0
1567.10157	0.00237	0	0
1567.20157	0.00235	0	0
1567.30157	0.00232	0	0
1567.40157	0.0023	0	0
1567.50157	0.00227	0	0
1567.60157	0.00225	0	0
1567.70157	0.00223	0	0
1567.80157	0.0022	0	0
1567.90157	0.00218	0	0
1568.00157	0.00216	0	0
1568.10157	0.00213	0	0
1568.20157	0.00211	0	0
1568.30157	0.00208	0	0
1568.40157	0.00206	0	0
1568.50157	0.00204	0	0
1568.60157	0.00201	0	0
1568.70157	0.00199	0	0
1568.80157	0.00197	0	0
1568.90157	0.00194	0	0
1569.00157	0.00192	0	0
1569.10157	0.00189	0	0
1569.20157	0.00187	0	0
1569.30157	0.00185	0	0
1569.40157	0.00182	0	0
1569.50157	0.0018	0	0
1569.60157	0.00177	0	0
1569.70157	0.00175	0	0
1569.80157	0.00173	0	0
1569.90157	0.0017	0	0
1570.00157	0.00168	0	0
1570.10157	0.00165	0	0
1570.20157	0.00163	0	0
1570.30157	0.00161	0	0
1570.40157	0.00158	0	0
1570.50157	0.00156	0	0
1570.60157	0.00153	0	0
1570.70157	0.00151	0	0
1570.80157	0.00149	0	0
1570.90157	0.00146	0	0
1571.00157	0.00144	0	0
1571.10157	0.00141	0	0
1571.20157	0.00139	0	0
1571.30157	0.00136	0	0
1571.40157	0.00134	0	0
1571.50157	0.00132	0	0
1571.60157	0.00129	0	0
1571.70157	0.00127	0	0
1571.80157	0.00124	0	0
1571.90157	0.00122	0	0
1572.00157	0.00119	0	0
1572.10157	0.00117	0	0
1572.20157	0.00115	0	0
1572.30157	0.00112	0	0
1572.40157	0.0011	0	0
1572.50157	0.00107	0	0
1572.60157	0.00105	0	0
1572.70157	0.00102	0	0
1572.80157	9.99964E-4	0	0
1572.90157	9.75536E-4	0	0
1573.00157	9.51096E-4	0	0
1573.10157	9.26644E-4	0	0
1573.20157	9.02179E-4	0	0
1573.30157	8.77702E-4	0	0
1573.40157	8.53213E-4	0	0
1573.50157	8.28712E-4	0	0
1573.60157	8.04199E-4	0	0
1573.70157	7.79674E-4	0	0
1573.80157	7.55137E-4	0	0
1573.90157	7.30588E-4	0	0
1574.00157	7.06028E-4	0	0
1574.10157	6.81456E-4	0	0
1574.20157	6.56872E-4	0	0
1574.30157	6.32277E-4	0	0
1574.40157	6.07671E-4	0	0
1574.50157	5.83054E-4	0	0
1574.60157	5.58425E-4	0	0
1574.70157	5.33786E-4	0	0
1574.80157	5.09135E-4	0	0
1574.90157	4.84474E-4	0	0
1575.00158	4.59802E-4	0	0
1575.10158	4.35119E-4	0	0
1575.20158	4.10425E-4	0	0
1575.30158	3.85722E-4	0	0
1575.40158	3.61007E-4	0	0
1575.50158	3.36283E-4	0	0
1575.60158	3.11548E-4	0	0
1575.70158	2.86803E-4	0	0
1575.80158	2.62047E-4	0	0
1575.90158	2.37282E-4	0	0
1576.00158	2.12507E-4	0	0
1576.10158	1.87722E-4	0	0
1576.20158	1.62928E-4	0	0
1576.30158	1.38124E-4	0	0
1576.40158	1.1331E-4	0	0
1576.50158	8.8487E-5	0	0
1576.60158	6.36545E-5	0	0
1576.70158	3.88127E-5	0	0
1576.80158	1.39618E-5	0	0
1576.90158	-1.08983E-5	0	0
1577.00158	-3.57673E-5	0	0
1577.10158	-6.06453E-5	0	0
1577.20158	-8.55321E-5	0	0
1577.30158	-1.10428E-4	0	0
1577.40158	-1.35332E-4	0	0
1577.50158	-1.60244E-4	0	0
1577.60158	-1.85166E-4	0	0
1577.70158	-2.10095E-4	0	0
1577.80158	-2.35033E-4	0	0
1577.90158	-2.59979E-4	0	0
1578.00158	-2.84933E-4	0	0
1578.10158	-3.09896E-4	0	0
1578.20158	-3.34866E-4	0	0
1578.30158	-3.59844E-4	0	0
1578.40158	-3.8483E-4	0	0
1578.50158	-4.09823E-4	0	0
1578.60158	-4.34824E-4	0	0
1578.70158	-4.59833E-4	0	0
1578.80158	-4.84849E-4	0	0
1578.90158	-5.09872E-4	0	0
1579.00158	-5.34902E-4	0	0
1579.10158	-5.5994E-4	0	0
1579.20158	-5.84985E-4	0	0
1579.30158	-6.10036E-4	0	0
1579.40158	-6.35095E-4	0	0
1579.50158	-6.6016E-4	0	0
1579.60158	-6.85232E-4	0	0
1579.70158	-7.10311E-4	0	0
1579.80158	-7.35396E-4	0	0
1579.90158	-7.60487E-4	0	0
1580.00158	-7.85585E-4	0	0
1580.10158	-8.10689E-4	0	0
1580.20158	-8.358E-4	0	0
1580.30158	-8.60916E-4	0	0
1580.40158	-8.86038E-4	0	0
1580.50158	-9.11166E-4	0	0
1580.60158	-9.363E-4	0	0
1580.70158	-9.6144E-4	0	0
1580.80158	-9.86585E-4	0	0
1580.90158	-0.00101	0	0
1581.00158	-0.00104	0	0
1581.10158	-0.00106	0	0
1581.20158	-0.00109	0	0
1581.30158	-0.00111	0	0
1581.40158	-0.00114	0	0
1581.50158	-0.00116	0	0
1581.60158	-0.00119	0	0
1581.70158	-0.00121	0	0
1581.80158	-0.00124	0	0
1581.90158	-0.00126	0	0
1582.00158	-0.00129	0	0
1582.10158	-0.00131	0	0
1582.20158	-0.00134	0	0
1582.30158	-0.00136	0	0
1582.40158	-0.00139	0	0
1582.50158	-0.00141	0	0
1582.60158	-0.00144	0	0
1582.70158	-0.00147	0	0
1582.80158	-0.00149	0	0
1582.90158	-0.00152	0	0
1583.00158	-0.00154	0	0
1583.10158	-0.00157	0	0
1583.20158	-0.00159	0	0
1583.30158	-0.00162	0	0
1583.40158	-0.00164	0	0
1583.50158	-0.00167	0	0
1583.60158	-0.00169	0	0
1583.70158	-0.00172	0	0
1583.80158	-0.00174	0	0
1583.90158	-0.00177	0	0
1584.00158	-0.00179	0	0
1584.10158	-0.00182	0	0
1584.20158	-0.00184	0	0
1584.30158	-0.00187	0	0
1584.40158	-0.00189	0	0
1584.50158	-0.00192	0	0
1584.60158	-0.00195	0	0
1584.70158	-0.00197	0	0
1584.80158	-0.002	0	0
1584.90158	-0.00202	0	0
1585.00159	-0.00205	0	0
1585.10159	-0.00207	0	0
1585.20159	-0.0021	0	0
1585.30159	-0.00212	0	0
1585.40159	-0.00215	0	0
1585.50159	-0.00217	0	0
1585.60159	-0.0022	0	0
1585.70159	-0.00222	0	0
1585.80159	-0.00225	0	0
1585.90159	-0.00227	0	0
1586.00159	-0.0023	0	0
1586.10159	-0.00232	0	0
1586.20159	-0.00235	0	0
1586.30159	-0.00238	0	0
1586.40159	-0.0024	0	0
1586.50159	-0.00243	0	0
1586.60159	-0.00245	0	0
1586.70159	-0.00248	0	0
1586.80159	-0.0025	0	0
1586.90159	-0.00253	0	0
1587.00159	-0.00255	0	0
1587.10159	-0.00258	0	0
1587.20159	-0.0026	0	0
1587.30159	-0.00263	0	0
1587.40159	-0.00265	0	0
1587.50159	-0.00268	0	0
1587.60159	-0.0027	0	0
1587.70159	-0.00273	0	0
1587.80159	-0.00276	0	0
1587.90159	-0.00278	0	0
1588.00159	-0.00281	0	0
1588.10159	-0.00283	0	0
1588.20159	-0.00286	0	0
1588.30159	-0.00288	0	0
1588.40159	-0.00291	0	0
1588.50159	-0.00293	0	0
1588.60159	-0.00296	0	0
1588.70159	-0.00298	0	0
1588.80159	-0.00301	0	0
1588.90159	-0.00303	0	0
1589.00159	-0.00306	0	0
1589.10159	-0.00308	0	0
1589.20159	-0.00311	0	0
1589.30159	-0.00314	0	0
1589.40159	-0.00316	0	0
1589.50159	-0.00319	0	0
1589.60159	-0.00321	0	0
1589.70159	-0.00324	0	0
1589.80159	-0.00326	0	0
1589.90159	-0.00329	0	0
1590.00159	-0.00331	0	0
1590.10159	-0.00334	0	0
1590.20159	-0.00336	0	0
1590.30159	-0.00339	0	0
1590.40159	-0.00341	0	0
1590.50159	-0.00344	0	0
1590.60159	-0.00346	0	0
1590.70159	-0.00349	0	0
1590.80159	-0.00351	0	0
1590.90159	-0.00354	0	0
1591.00159	-0.00356	0	0
1591.10159	-0.00359	0	0
1591.20159	-0.00362	0	0
1591.30159	-0.00364	0	0
1591.40159	-0.00367	0	0
1591.50159	-0.00369	0	0
1591.60159	-0.00372	0	0
1591.70159	-0.00374	0	0
1591.80159	-0.00377	0	0
1591.90159	-0.00379	0	0
1592.00159	-0.00382	0	0
1592.10159	-0.00384	0	0
1592.20159	-0.00387	0	0
1592.30159	-0.00389	0	0
1592.40159	-0.00392	0	0
1592.50159	-0.00394	0	0
1592.60159	-0.00397	0	0
1592.70159	-0.00399	0	0
1592.80159	-0.00402	0	0
1592.90159	-0.00404	0	0
1593.00159	-0.00407	0	0
1593.10159	-0.00409	0	0
1593.20159	-0.00412	0	0
1593.30159	-0.00414	0	0
1593.40159	-0.00417	0	0
1593.50159	-0.00419	0	0
1593.60159	-0.00422	0	0
1593.70159	-0.00424	0	0
1593.80159	-0.00427	0	0
1593.90159	-0.00429	0	0
1594.00159	-0.00432	0	0
1594.10159	-0.00435	0	0
1594.20159	-0.00437	0	0
1594.30159	-0.0044	0	0
1594.40159	-0.00442	0	0
1594.50159	-0.00445	0	0
1594.60159	-0.00447	0	0
1594.70159	-0.0045	0	0
1594.80159	-0.00452	0	0
1594.90159	-0.00455	0	0
1595.0016	-0.00457	0	0
1595.1016	-0.0046	0	0
1595.2016	-0.00462	0	0
1595.3016	-0.00465	0	0
1595.4016	-0.00467	0	0
1595.5016	-0.0047	0	0
1595.6016	-0.00472	0	0
1595.7016	-0.00475	0	0
1595.8016	-0.00477	0	0
1595.9016	-0.0048	0	0
1596.0016	-0.00482	0	0
1596.1016	-0.00485	0	0
1596.2016	-0.00487	0	0
1596.3016	-0.0049	0	0
1596.4016	-0.00492	0	0
1596.5016	-0.00495	0	0
1596.6016	-0.00497	0	0
1596.7016	-0.005	0	0
1596.8016	-0.00502	0	0
1596.9016	-0.00505	0	0
1597.0016	-0.00507	0	0
1597.1016	-0.00509	0	0
1597.2016	-0.00512	0	0
1597.3016	-0.00514	0	0
1597.4016	-0.00517	0	0
1597.5016	-0.00519	0	0
1597.6016	-0.00522	0	0
1597.7016	-0.00524	0	0
1597.8016	-0.00527	0	0
1597.9016	-0.00529	0	0
1598.0016	-0.00532	0	0
1598.1016	-0.00534	0	0
1598.2016	-0.00537	0	0
1598.3016	-0.00539	0	0
1598.4016	-0.00542	0	0
1598.5016	-0.00544	0	0
1598.6016	-0.00547	0	0
1598.7016	-0.00549	0	0
1598.8016	-0.00552	0	0
1598.9016	-0.00554	0	0
1599.0016	-0.00557	0	0
1599.1016	-0.00559	0	0
1599.2016	-0.00561	0	0
1599.3016	-0.00564	0	0
1599.4016	-0.00566	0	0
1599.5016	-0.00569	0	0
1599.6016	-0.00571	0	0
1599.7016	-0.00574	0	0
1599.8016	-0.00576	0	0
1599.9016	-0.00579	0	0
1600.0016	-0.00581	0	0
1600.1016	-0.00584	0	0
1600.2016	-0.00586	0	0
1600.3016	-0.00589	0	0
1600.4016	-0.00591	0	0
1600.5016	-0.00593	0	0
1600.6016	-0.00596	0	0
1600.7016	-0.00598	0	0
1600.8016	-0.00601	0	0
1600.9016	-0.00603	0	0
1601.0016	-0.00606	0	0
1601.1016	-0.00608	0	0
1601.2016	-0.00611	0	0
1601.3016	-0.00613	0	0
1601.4016	-0.00615	0	0
1601.5016	-0.00618	0	0
1601.6016	-0.0062	0	0
1601.7016	-0.00623	0	0
1601.8016	-0.00625	0	0
1601.9016	-0.00628	0	0
1602.0016	-0.0063	0	0
1602.1016	-0.00633	0	0
1602.2016	-0.00635	0	0
1602.3016	-0.00637	0	0
1602.4016	-0.0064	0	0
1602.5016	-0.00642	0	0
1602.6016	-0.00645	0	0
1602.7016	-0.00647	0	0
1602.8016	-0.0065	0	0
1602.9016	-0.00652	0	0
1603.0016	-0.00654	0	0
1603.1016	-0.00657	0	0
1603.2016	-0.00659	0	0
1603.3016	-0.00662	0	0
1603.4016	-0.00664	0	0
1603.5016	-0.00666	0	0
1603.6016	-0.00669	0	0
1603.7016	-0.00671	0	0
1603.8016	-0.00674	0	0
1603.9016	-0.00676	0	0
1604.0016	-0.00678	0	0
1604.1016	-0.00681	0	0
1604.2016	-0.00683	0	0
1604.3016	-0.00686	0	0
1604.4016	-0.00688	0	0
1604.5016	-0.00691	0	0
1604.6016	-0.00693	0	0
1604.7016	-0.00695	0	0
1604.8016	-0.00698	0	0
1604.9016	-0.007	0	0
1605.00161	-0.00702	0	0
1605.10161	-0.00705	0	0
1605.20161	-0.00707	0	0
1605.30161	-0.0071	0	0
1605.40161	-0.00712	0	0
1605.50161	-0.00714	0	0
1605.60161	-0.00717	0	0
1605.70161	-0.00719	0	0
1605.80161	-0.00722	0	0
1605.90161	-0.00724	0	0
1606.00161	-0.00726	0	0
1606.10161	-0.00729	0	0
1606.20161	-0.00731	0	0
1606.30161	-0.00733	0	0
1606.40161	-0.00736	0	0
1606.50161	-0.00738	0	0
1606.60161	-0.00741	0	0
1606.70161	-0.00743	0	0
1606.80161	-0.00745	0	0
1606.90161	-0.00748	0	0
1607.00161	-0.0075	0	0
1607.10161	-0.00752	0	0
1607.20161	-0.00755	0	0
1607.30161	-0.00757	0	0
1607.40161	-0.00759	0	0
1607.50161	-0.00762	0	0
1607.60161	-0.00764	0	0
1607.70161	-0.00766	0	0
1607.80161	-0.00769	0	0
1607.90161	-0.00771	0	0
1608.00161	-0.00773	0	0
1608.10161	-0.00776	0	0
1608.20161	-0.00778	0	0
1608.30161	-0.0078	0	0
1608.40161	-0.00783	0	0
1608.50161	-0.00785	0	0
1608.60161	-0.00787	0	0
1608.70161	-0.0079	0	0
1608.80161	-0.00792	0	0
1608.90161	-0.00794	0	0
1609.00161	-0.00797	0	0
1609.10161	-0.00799	0	0
1609.20161	-0.00801	0	0
1609.30161	-0.00804	0	0
1609.40161	-0.00806	0	0
1609.50161	-0.00808	0	0
1609.60161	-0.00811	0	0
1609.70161	-0.00813	0	0
1609.80161	-0.00815	0	0
1609.90161	-0.00818	0	0
1610.00161	-0.0082	0	0
1610.10161	-0.00822	0	0
1610.20161	-0.00825	0	0
1610.30161	-0.00827	0	0
1610.40161	-0.00829	0	0
1610.50161	-0.00831	0	0
1610.60161	-0.00834	0	0
1610.70161	-0.00836	0	0
1610.80161	-0.00838	0	0
1610.90161	-0.00841	0	0
1611.00161	-0.00843	0	0
1611.10161	-0.00845	0	0
1611.20161	-0.00847	0	0
1611.30161	-0.0085	0	0
1611.40161	-0.00852	0	0
1611.50161	-0.00854	0	0
1611.60161	-0.00857	0	0
1611.70161	-0.00859	0	0
1611.80161	-0.00861	0	0
1611.90161	-0.00863	0	0
1612.00161	-0.00866	0	0
1612.10161	-0.00868	0	0
1612.20161	-0.0087	0	0
1612.30161	-0.00872	0	0
1612.40161	-0.00875	0	0
1612.50161	-0.00877	0	0
1612.60161	-0.00879	0	0
1612.70161	-0.00881	0	0
1612.80161	-0.00884	0	0
1612.90161	-0.00886	0	0
1613.00161	-0.00888	0	0
1613.10161	-0.0089	0	0
1613.20161	-0.00893	0	0
1613.30161	-0.00895	0	0
1613.40161	-0.00897	0	0
1613.50161	-0.00899	0	0
1613.60161	-0.00902	0	0
1613.70161	-0.00904	0	0
1613.80161	-0.00906	0	0
1613.90161	-0.00908	0	0
1614.00161	-0.0091	0	0
1614.10161	-0.00913	0	0
1614.20161	-0.00915	0	0
1614.30161	-0.00917	0	0
1614.40161	-0.00919	0	0
1614.50161	-0.00922	0	0
1614.60161	-0.00924	0	0
1614.70161	-0.00926	0	0
1614.80161	-0.00928	0	0
1614.90161	-0.0093	0	0
1615.00162	-0.00933	0	0
1615.10162	-0.00935	0	0
1615.20162	-0.00937	0	0
1615.30162	-0.00939	0	0
1615.40162	-0.00941	0	0
1615.50162	-0.00943	0	0
1615.60162	-0.00946	0	0
1615.70162	-0.00948	0	0
1615.80162	-0.0095	0	0
1615.90162	-0.00952	0	0
1616.00162	-0.00954	0	0
1616.10162	-0.00957	0	0
1616.20162	-0.00959	0	0
1616.30162	-0.00961	0	0
1616.40162	-0.00963	0	0
1616.50162	-0.00965	0	0
1616.60162	-0.00967	0	0
1616.70162	-0.0097	0	0
1616.80162	-0.00972	0	0
1616.90162	-0.00974	0	0
1617.00162	-0.00976	0	0
1617.10162	-0.00978	0	0
1617.20162	-0.0098	0	0
1617.30162	-0.00982	0	0
1617.40162	-0.00985	0	0
1617.50162	-0.00987	0	0
1617.60162	-0.00989	0	0
1617.70162	-0.00991	0	0
1617.80162	-0.00993	0	0
1617.90162	-0.00995	0	0
1618.00162	-0.00997	0	0
1618.10162	-0.01	0	0
1618.20162	-0.01002	0	0
1618.30162	-0.01004	0	0
1618.40162	-0.01006	0	0
1618.50162	-0.01008	0	0
1618.60162	-0.0101	0	0
1618.70162	-0.01012	0	0
1618.80162	-0.01014	0	0
1618.90162	-0.01016	0	0
1619.00162	-0.01019	0	0
1619.10162	-0.01021	0	0
1619.20162	-0.01023	0	0
1619.30162	-0.01025	0	0
1619.40162	-0.01027	0	0
1619.50162	-0.01029	0	0
1619.60162	-0.01031	0	0
1619.70162	-0.01033	0	0
1619.80162	-0.01035	0	0
1619.90162	-0.01037	0	0
1620.00162	-0.01039	0	0
1620.10162	-0.01041	0	0
1620.20162	-0.01044	0	0
1620.30162	-0.01046	0	0
1620.40162	-0.01048	0	0
1620.50162	-0.0105	0	0
1620.60162	-0.01052	0	0
1620.70162	-0.01054	0	0
1620.80162	-0.01056	0	0
1620.90162	-0.01058	0	0
1621.00162	-0.0106	0	0
1621.10162	-0.01062	0	0
1621.20162	-0.01064	0	0
1621.30162	-0.01066	0	0
1621.40162	-0.01068	0	0
1621.50162	-0.0107	0	0
1621.60162	-0.01072	0	0
1621.70162	-0.01074	0	0
1621.80162	-0.01076	0	0
1621.90162	-0.01078	0	0
1622.00162	-0.0108	0	0
1622.10162	-0.01082	0	0
1622.20162	-0.01084	0	0
1622.30162	-0.01086	0	0
1622.40162	-0.01088	0	0
1622.50162	-0.0109	0	0
1622.60162	-0.01092	0	0
1622.70162	-0.01094	0	0
1622.80162	-0.01096	0	0
1622.90162	-0.01098	0	0
1623.00162	-0.011	0	0
1623.10162	-0.01102	0	0
1623.20162	-0.01104	0	0
1623.30162	-0.01106	0	0
1623.40162	-0.01108	0	0
1623.50162	-0.0111	0	0
1623.60162	-0.01112	0	0
1623.70162	-0.01114	0	0
1623.80162	-0.01116	0	0
1623.90162	-0.01118	0	0
1624.00162	-0.0112	0	0
1624.10162	-0.01122	0	0
1624.20162	-0.01124	0	0
1624.30162	-0.01126	0	0
1624.40162	-0.01128	0	0
1624.50162	-0.0113	0	0
1624.60162	-0.01132	0	0
1624.70162	-0.01134	0	0
1624.80162	-0.01136	0	0
1624.90162	-0.01138	0	0
1625.00163	-0.0114	0	0
1625.10163	-0.01142	0	0
1625.20163	-0.01143	0	0
1625.30163	-0.01145	0	0
1625.40163	-0.01147	0	0
1625.50163	-0.01149	0	0
1625.60163	-0.01151	0	0
1625.70163	-0.01153	0	0
1625.80163	-0.01155	0	0
1625.90163	-0.01157	0	0
1626.00163	-0.01159	0	0
1626.10163	-0.01161	0	0
1626.20163	-0.01163	0	0
1626.30163	-0.01165	0	0
1626.40163	-0.01166	0	0
1626.50163	-0.01168	0	0
1626.60163	-0.0117	0	0
1626.70163	-0.01172	0	0
1626.80163	-0.01174	0	0
1626.90163	-0.01176	0	0
1627.00163	-0.01178	0	0
1627.10163	-0.0118	0	0
1627.20163	-0.01181	0	0
1627.30163	-0.01183	0	0
1627.40163	-0.01185	0	0
1627.50163	-0.01187	0	0
1627.60163	-0.01189	0	0
1627.70163	-0.01191	0	0
1627.80163	-0.01193	0	0
1627.90163	-0.01194	0	0
1628.00163	-0.01196	0	0
1628.10163	-0.01198	0	0
1628.20163	-0.012	0	0
1628.30163	-0.01202	0	0
1628.40163	-0.01204	0	0
1628.50163	-0.01205	0	0
1628.60163	-0.01207	0	0
1628.70163	-0.01209	0	0
1628.80163	-0.01211	0	0
1628.90163	-0.01213	0	0
1629.00163	-0.01215	0	0
1629.10163	-0.01216	0	0
1629.20163	-0.01218	0	0
1629.30163	-0.0122	0	0
1629.40163	-0.01222	0	0
1629.50163	-0.01224	0	0
1629.60163	-0.01225	0	0
1629.70163	-0.01227	0	0
1629.80163	-0.01229	0	0
1629.90163	-0.01231	0	0
1630.00163	-0.01233	0	0
1630.10163	-0.01234	0	0
1630.20163	-0.01236	0	0
1630.30163	-0.01238	0	0
1630.40163	-0.0124	0	0
1630.50163	-0.01241	0	0
1630.60163	-0.01243	0	0
1630.70163	-0.01245	0	0
1630.80163	-0.01247	0	0
1630.90163	-0.01248	0	0
1631.00163	-0.0125	0	0
1631.10163	-0.01252	0	0
1631.20163	-0.01254	0	0
1631.30163	-0.01255	0	0
1631.40163	-0.01257	0	0
1631.50163	-0.01259	0	0
1631.60163	-0.01261	0	0
1631.70163	-0.01262	0	0
1631.80163	-0.01264	0	0
1631.90163	-0.01266	0	0
1632.00163	-0.01267	0	0
1632.10163	-0.01269	0	0
1632.20163	-0.01271	0	0
1632.30163	-0.01273	0	0
1632.40163	-0.01274	0	0
1632.50163	-0.01276	0	0
1632.60163	-0.01278	0	0
1632.70163	-0.01279	0	0
1632.80163	-0.01281	0	0
1632.90163	-0.01283	0	0
1633.00163	-0.01284	0	0
1633.10163	-0.01286	0	0
1633.20163	-0.01288	0	0
1633.30163	-0.01289	0	0
1633.40163	-0.01291	0	0
1633.50163	-0.01293	0	0
1633.60163	-0.01294	0	0
1633.70163	-0.01296	0	0
1633.80163	-0.01298	0	0
1633.90163	-0.01299	0	0
1634.00163	-0.01301	0	0
1634.10163	-0.01303	0	0
1634.20163	-0.01304	0	0
1634.30163	-0.01306	0	0
1634.40163	-0.01308	0	0
1634.50163	-0.01309	0	0
1634.60163	-0.01311	0	0
1634.70163	-0.01312	0	0
1634.80163	-0.01314	0	0
1634.90163	-0.01316	0	0
1635.00164	-0.01317	0	0
1635.10164	-0.01319	0	0
1635.20164	-0.01321	0	0
1635.30164	-0.01322	0	0
1635.40164	-0.01324	0	0
1635.50164	-0.01325	0	0
1635.60164	-0.01327	0	0
1635.70164	-0.01328	0	0
1635.80164	-0.0133	0	0
1635.90164	-0.01332	0	0
1636.00164	-0.01333	0	0
1636.10164	-0.01335	0	0
1636.20164	-0.01336	0	0
1636.30164	-0.01338	0	0
1636.40164	-0.0134	0	0
1636.50164	-0.01341	0	0
1636.60164	-0.01343	0	0
1636.70164	-0.01344	0	0
1636.80164	-0.01346	0	0
1636.90164	-0.01347	0	0
1637.00164	-0.01349	0	0
1637.10164	-0.0135	0	0
1637.20164	-0.01352	0	0
1637.30164	-0.01353	0	0
1637.40164	-0.01355	0	0
1637.50164	-0.01356	0	0
1637.60164	-0.01358	0	0
1637.70164	-0.0136	0	0
1637.80164	-0.01361	0	0
1637.90164	-0.01363	0	0
1638.00164	-0.01364	0	0
1638.10164	-0.01366	0	0
1638.20164	-0.01367	0	0
1638.30164	-0.01369	0	0
1638.40164	-0.0137	0	0
1638.50164	-0.01372	0	0
1638.60164	-0.01373	0	0
1638.70164	-0.01374	0	0
1638.80164	-0.01376	0	0
1638.90164	-0.01377	0	0
1639.00164	-0.01379	0	0
1639.10164	-0.0138	0	0
1639.20164	-0.01382	0	0
1639.30164	-0.01383	0	0
1639.40164	-0.01385	0	0
1639.50164	-0.01386	0	0
1639.60164	-0.01388	0	0
1639.70164	-0.01389	0	0
1639.80164	-0.01391	0	0
1639.90164	-0.01392	0	0
1640.00164	-0.01393	0	0
1640.10164	-0.01395	0	0
1640.20164	-0.01396	0	0
1640.30164	-0.01398	0	0
1640.40164	-0.01399	0	0
1640.50164	-0.01401	0	0
1640.60164	-0.01402	0	0
1640.70164	-0.01403	0	0
1640.80164	-0.01405	0	0
1640.90164	-0.01406	0	0
1641.00164	-0.01408	0	0
1641.10164	-0.01409	0	0
1641.20164	-0.0141	0	0
1641.30164	-0.01412	0	0
1641.40164	-0.01413	0	0
1641.50164	-0.01414	0	0
1641.60164	-0.01416	0	0
1641.70164	-0.01417	0	0
1641.80164	-0.01419	0	0
1641.90164	-0.0142	0	0
1642.00164	-0.01421	0	0
1642.10164	-0.01423	0	0
1642.20164	-0.01424	0	0
1642.30164	-0.01425	0	0
1642.40164	-0.01427	0	0
1642.50164	-0.01428	0	0
1642.60164	-0.01429	0	0
1642.70164	-0.01431	0	0
1642.80164	-0.01432	0	0
1642.90164	-0.01433	0	0
1643.00164	-0.01435	0	0
1643.10164	-0.01436	0	0
1643.20164	-0.01437	0	0
1643.30164	-0.01439	0	0
1643.40164	-0.0144	0	0
1643.50164	-0.01441	0	0
1643.60164	-0.01443	0	0
1643.70164	-0.01444	0	0
1643.80164	-0.01445	0	0
1643.90164	-0.01446	0	0
1644.00164	-0.01448	0	0
1644.10164	-0.01449	0	0
1644.20164	-0.0145	0	0
1644.30164	-0.01451	0	0
1644.40164	-0.01453	0	0
1644.50164	-0.01454	0	0
1644.60164	-0.01455	0	0
1644.70164	-0.01457	0	0
1644.80164	-0.01458	0	0
1644.90164	-0.01459	0	0
1645.00165	-0.0146	0	0
1645.10165	-0.01462	0	0
1645.20165	-0.01463	0	0
1645.30165	-0.01464	0	0
1645.40165	-0.01465	0	0
1645.50165	-0.01466	0	0
1645.60165	-0.01468	0	0
1645.70165	-0.01469	0	0
1645.80165	-0.0147	0	0
1645.90165	-0.01471	0	0
1646.00165	-0.01473	0	0
1646.10165	-0.01474	0	0
1646.20165	-0.01475	0	0
1646.30165	-0.01476	0	0
1646.40165	-0.01477	0	0
1646.50165	-0.01478	0	0
1646.60165	-0.0148	0	0
1646.70165	-0.01481	0	0
1646.80165	-0.01482	0	0
1646.90165	-0.01483	0	0
1647.00165	-0.01484	0	0
1647.10165	-0.01486	0	0
1647.20165	-0.01487	0	0
1647.30165	-0.01488	0	0
1647.40165	-0.01489	0	0
1647.50165	-0.0149	0	0
1647.60165	-0.01491	0	0
1647.70165	-0.01492	0	0
1647.80165	-0.01494	0	0
1647.90165	-0.01495	0	0
1648.00165	-0.01496	0	0
1648.10165	-0.01497	0	0
1648.20165	-0.01498	0	0
1648.30165	-0.01499	0	0
1648.40165	-0.015	0	0
1648.50165	-0.01501	0	0
1648.60165	-0.01502	0	0
1648.70165	-0.01504	0	0
1648.80165	-0.01505	0	0
1648.90165	-0.01506	0	0
1649.00165	-0.01507	0	0
1649.10165	-0.01508	0	0
1649.20165	-0.01509	0	0
1649.30165	-0.0151	0	0
1649.40165	-0.01511	0	0
1649.50165	-0.01512	0	0
1649.60165	-0.01513	0	0
1649.70165	-0.01514	0	0
1649.80165	-0.01515	0	0
1649.90165	-0.01516	0	0
1650.00165	-0.01518	0	0
1650.10165	-0.01519	0	0
1650.20165	-0.0152	0	0
1650.30165	-0.01521	0	0
1650.40165	-0.01522	0	0
1650.50165	-0.01523	0	0
1650.60165	-0.01524	0	0
1650.70165	-0.01525	0	0
1650.80165	-0.01526	0	0
1650.90165	-0.01527	0	0
1651.00165	-0.01528	0	0
1651.10165	-0.01529	0	0
1651.20165	-0.0153	0	0
1651.30165	-0.01531	0	0
1651.40165	-0.01532	0	0
1651.50165	-0.01533	0	0
1651.60165	-0.01534	0	0
1651.70165	-0.01535	0	0
1651.80165	-0.01536	0	0
1651.90165	-0.01537	0	0
1652.00165	-0.01538	0	0
1652.10165	-0.01539	0	0
1652.20165	-0.0154	0	0
1652.30165	-0.01541	0	0
1652.40165	-0.01541	0	0
1652.50165	-0.01542	0	0
1652.60165	-0.01543	0	0
1652.70165	-0.01544	0	0
1652.80165	-0.01545	0	0
1652.90165	-0.01546	0	0
1653.00165	-0.01547	0	0
1653.10165	-0.01548	0	0
1653.20165	-0.01549	0	0
1653.30165	-0.0155	0	0
1653.40165	-0.01551	0	0
1653.50165	-0.01552	0	0
1653.60165	-0.01553	0	0
1653.70165	-0.01553	0	0
1653.80165	-0.01554	0	0
1653.90165	-0.01555	0	0
1654.00165	-0.01556	0	0
1654.10165	-0.01557	0	0
1654.20165	-0.01558	0	0
1654.30165	-0.01559	0	0
1654.40165	-0.0156	0	0
1654.50165	-0.01561	0	0
1654.60165	-0.01561	0	0
1654.70165	-0.01562	0	0
1654.80165	-0.01563	0	0
1654.90165	-0.01564	0	0
1655.00166	-0.01565	0	0
1655.10166	-0.01566	0	0
1655.20166	-0.01566	0	0
1655.30166	-0.01567	0	0
1655.40166	-0.01568	0	0
1655.50166	-0.01569	0	0
1655.60166	-0.0157	0	0
1655.70166	-0.01571	0	0
1655.80166	-0.01571	0	0
1655.90166	-0.01572	0	0
1656.00166	-0.01573	0	0
1656.10166	-0.01574	0	0
1656.20166	-0.01575	0	0
1656.30166	-0.01575	0	0
1656.40166	-0.01576	0	0
1656.50166	-0.01577	0	0
1656.60166	-0.01578	0	0
1656.70166	-0.01579	0	0
1656.80166	-0.01579	0	0
1656.90166	-0.0158	0	0
1657.00166	-0.01581	0	0
1657.10166	-0.01582	0	0
1657.20166	-0.01582	0	0
1657.30166	-0.01583	0	0
1657.40166	-0.01584	0	0
1657.50166	-0.01585	0	0
1657.60166	-0.01585	0	0
1657.70166	-0.01586	0	0
1657.80166	-0.01587	0	0
1657.90166	-0.01588	0	0
1658.00166	-0.01588	0	0
1658.10166	-0.01589	0	0
1658.20166	-0.0159	0	0
1658.30166	-0.0159	0	0
1658.40166	-0.01591	0	0
1658.50166	-0.01592	0	0
1658.60166	-0.01593	0	0
1658.70166	-0.01593	0	0
1658.80166	-0.01594	0	0
1658.90166	-0.01595	0	0
1659.00166	-0.01595	0	0
1659.10166	-0.01596	0	0
1659.20166	-0.01597	0	0
1659.30166	-0.01597	0	0
1659.40166	-0.01598	0	0
1659.50166	-0.01599	0	0
1659.60166	-0.01599	0	0
1659.70166	-0.016	0	0
1659.80166	-0.01601	0	0
1659.90166	-0.01601	0	0
1660.00166	-0.01602	0	0
1660.10166	-0.01603	0	0
1660.20166	-0.01603	0	0
1660.30166	-0.01604	0	0
1660.40166	-0.01604	0	0
1660.50166	-0.01605	0	0
1660.60166	-0.01606	0	0
1660.70166	-0.01606	0	0
1660.80166	-0.01607	0	0
1660.90166	-0.01607	0	0
1661.00166	-0.01608	0	0
1661.10166	-0.01609	0	0
1661.20166	-0.01609	0	0
1661.30166	-0.0161	0	0
1661.40166	-0.0161	0	0
1661.50166	-0.01611	0	0
1661.60166	-0.01612	0	0
1661.70166	-0.01612	0	0
1661.80166	-0.01613	0	0
1661.90166	-0.01613	0	0
1662.00166	-0.01614	0	0
1662.10166	-0.01614	0	0
1662.20166	-0.01615	0	0
1662.30166	-0.01616	0	0
1662.40166	-0.01616	0	0
1662.50166	-0.01617	0	0
1662.60166	-0.01617	0	0
1662.70166	-0.01618	0	0
1662.80166	-0.01618	0	0
1662.90166	-0.01619	0	0
1663.00166	-0.01619	0	0
1663.10166	-0.0162	0	0
1663.20166	-0.0162	0	0
1663.30166	-0.01621	0	0
1663.40166	-0.01621	0	0
1663.50166	-0.01622	0	0
1663.60166	-0.01622	0	0
1663.70166	-0.01623	0	0
1663.80166	-0.01623	0	0
1663.90166	-0.01624	0	0
1664.00166	-0.01624	0	0
1664.10166	-0.01625	0	0
1664.20166	-0.01625	0	0
1664.30166	-0.01626	0	0
1664.40166	-0.01626	0	0
1664.50166	-0.01626	0	0
1664.60166	-0.01627	0	0
1664.70166	-0.01627	0	0
1664.80166	-0.01628	0	0
1664.90166	-0.01628	0	0
1665.00167	-0.01629	0	0
1665.10167	-0.01629	0	0
1665.20167	-0.0163	0	0
1665.30167	-0.0163	0	0
1665.40167	-0.0163	0	0
1665.50167	-0.01631	0	0
1665.60167	-0.01631	0	0
1665.70167	-0.01632	0	0
1665.80167	-0.01632	0	0
1665.90167	-0.01632	0	0
1666.00167	-0.01633	0	0
1666.10167	-0.01633	0	0
1666.20167	-0.01634	0	0
1666.30167	-0.01634	0	0
1666.40167	-0.01634	0	0
1666.50167	-0.01635	0	0
1666.60167	-0.01635	0	0
1666.70167	-0.01635	0	0
1666.80167	-0.01636	0	0
1666.90167	-0.01636	0	0
1667.00167	-0.01637	0	0
1667.10167	-0.01637	0	0
1667.20167	-0.01637	0	0
1667.30167	-0.01638	0	0
1667.40167	-0.01638	0	0
1667.50167	-0.01638	0	0
1667.60167	-0.01639	0	0
1667.70167	-0.01639	0	0
1667.80167	-0.01639	0	0
1667.90167	-0.0164	0	0
1668.00167	-0.0164	0	0
1668.10167	-0.0164	0	0
1668.20167	-0.0164	0	0
1668.30167	-0.01641	0	0
1668.40167	-0.01641	0	0
1668.50167	-0.01641	0	0
1668.60167	-0.01642	0	0
1668.70167	-0.01642	0	0
1668.80167	-0.01642	0	0
1668.90167	-0.01642	0	0
1669.00167	-0.01643	0	0
1669.10167	-0.01643	0	0
1669.20167	-0.01643	0	0
1669.30167	-0.01644	0	0
1669.40167	-0.01644	0	0
1669.50167	-0.01644	0	0
1669.60167	-0.01644	0	0
1669.70167	-0.01644	0	0
1669.80167	-0.01645	0	0
1669.90167	-0.01645	0	0
1670.00167	-0.01645	0	0
1670.10167	-0.01645	0	0
1670.20167	-0.01646	0	0
1670.30167	-0.01646	0	0
1670.40167	-0.01646	0	0
1670.50167	-0.01646	0	0
1670.60167	-0.01646	0	0
1670.70167	-0.01647	0	0
1670.80167	-0.01647	0	0
1670.90167	-0.01647	0	0
1671.00167	-0.01647	0	0
1671.10167	-0.01647	0	0
1671.20167	-0.01648	0	0
1671.30167	-0.01648	0	0
1671.40167	-0.01648	0	0
1671.50167	-0.01648	0	0
1671.60167	-0.01648	0	0
1671.70167	-0.01648	0	0
1671.80167	-0.01649	0	0
1671.90167	-0.01649	0	0
1672.00167	-0.01649	0	0
1672.10167	-0.01649	0	0
1672.20167	-0.01649	0	0
1672.30167	-0.01649	0	0
1672.40167	-0.01649	0	0
1672.50167	-0.0165	0	0
1672.60167	-0.0165	0	0
1672.70167	-0.0165	0	0
1672.80167	-0.0165	0	0
1672.90167	-0.0165	0	0
1673.00167	-0.0165	0	0
1673.10167	-0.0165	0	0
1673.20167	-0.0165	0	0
1673.30167	-0.0165	0	0
1673.40167	-0.01651	0	0
1673.50167	-0.01651	0	0
1673.60167	-0.01651	0	0
1673.70167	-0.01651	0	0
1673.80167	-0.01651	0	0
1673.90167	-0.01651	0	0
1674.00167	-0.01651	0	0
1674.10167	-0.01651	0	0
1674.20167	-0.01651	0	0
1674.30167	-0.01651	0	0
1674.40167	-0.01651	0	0
1674.50167	-0.01651	0	0
1674.60167	-0.01651	0	0
1674.70167	-0.01651	0	0
1674.80167	-0.01651	0	0
1674.90167	-0.01651	0	0
1675.00168	-0.01651	0	0
1675.10168	-0.01651	0	0
1675.20168	-0.01651	0	0
1675.30168	-0.01652	0	0
1675.40168	-0.01652	0	0
1675.50168	-0.01652	0	0
1675.60168	-0.01652	0	0
1675.70168	-0.01652	0	0
1675.80168	-0.01652	0	0
1675.90168	-0.01652	0	0
1676.00168	-0.01651	0	0
1676.10168	-0.01651	0	0
1676.20168	-0.01651	0	0
1676.30168	-0.01651	0	0
1676.40168	-0.01651	0	0
1676.50168	-0.01651	0	0
1676.60168	-0.01651	0	0
1676.70168	-0.01651	0	0
1676.80168	-0.01651	0	0
1676.90168	-0.01651	0	0
1677.00168	-0.01651	0	0
1677.10168	-0.01651	0	0
1677.20168	-0.01651	0	0
1677.30168	-0.01651	0	0
1677.40168	-0.01651	0	0
1677.50168	-0.01651	0	0
1677.60168	-0.01651	0	0
1677.70168	-0.01651	0	0
1677.80168	-0.01651	0	0
1677.90168	-0.0165	0	0
1678.00168	-0.0165	0	0
1678.10168	-0.0165	0	0
1678.20168	-0.0165	0	0
1678.30168	-0.0165	0	0
1678.40168	-0.0165	0	0
1678.50168	-0.0165	0	0
1678.60168	-0.0165	0	0
1678.70168	-0.0165	0	0
1678.80168	-0.01649	0	0
1678.90168	-0.01649	0	0
1679.00168	-0.01649	0	0
1679.10168	-0.01649	0	0
1679.20168	-0.01649	0	0
1679.30168	-0.01649	0	0
1679.40168	-0.01649	0	0
1679.50168	-0.01649	0	0
1679.60168	-0.01648	0	0
1679.70168	-0.01648	0	0
1679.80168	-0.01648	0	0
1679.90168	-0.01648	0	0
1680.00168	-0.01648	0	0
1680.10168	-0.01648	0	0
1680.20168	-0.01647	0	0
1680.30168	-0.01647	0	0
1680.40168	-0.01647	0	0
1680.50168	-0.01647	0	0
1680.60168	-0.01647	0	0
1680.70168	-0.01646	0	0
1680.80168	-0.01646	0	0
1680.90168	-0.01646	0	0
1681.00168	-0.01646	0	0
1681.10168	-0.01646	0	0
1681.20168	-0.01645	0	0
1681.30168	-0.01645	0	0
1681.40168	-0.01645	0	0
1681.50168	-0.01645	0	0
1681.60168	-0.01644	0	0
1681.70168	-0.01644	0	0
1681.80168	-0.01644	0	0
1681.90168	-0.01644	0	0
1682.00168	-0.01643	0	0
1682.10168	-0.01643	0	0
1682.20168	-0.01643	0	0
1682.30168	-0.01643	0	0
1682.40168	-0.01642	0	0
1682.50168	-0.01642	0	0
1682.60168	-0.01642	0	0
1682.70168	-0.01642	0	0
1682.80168	-0.01641	0	0
1682.90168	-0.01641	0	0
1683.00168	-0.01641	0	0
1683.10168	-0.0164	0	0
1683.20168	-0.0164	0	0
1683.30168	-0.0164	0	0
1683.40168	-0.0164	0	0
1683.50168	-0.01639	0	0
1683.60168	-0.01639	0	0
1683.70168	-0.01639	0	0
1683.80168	-0.01638	0	0
1683.90168	-0.01638	0	0
1684.00168	-0.01638	0	0
1684.10168	-0.01637	0	0
1684.20168	-0.01637	0	0
1684.30168	-0.01637	0	0
1684.40168	-0.01636	0	0
1684.50168	-0.01636	0	0
1684.60168	-0.01636	0	0
1684.70168	-0.01635	0	0
1684.80168	-0.01635	0	0
1684.90168	-0.01635	0	0
1685.00169	-0.01634	0	0
1685.10169	-0.01634	0	0
1685.20169	-0.01633	0	0
1685.30169	-0.01633	0	0
1685.40169	-0.01633	0	0
1685.50169	-0.01632	0	0
1685.60169	-0.01632	0	0
1685.70169	-0.01632	0	0
1685.80169	-0.01631	0	0
1685.90169	-0.01631	0	0
1686.00169	-0.0163	0	0
1686.10169	-0.0163	0	0
1686.20169	-0.0163	0	0
1686.30169	-0.01629	0	0
1686.40169	-0.01629	0	0
1686.50169	-0.01628	0	0
1686.60169	-0.01628	0	0
1686.70169	-0.01627	0	0
1686.80169	-0.01627	0	0
1686.90169	-0.01627	0	0
1687.00169	-0.01626	0	0
1687.10169	-0.01626	0	0
1687.20169	-0.01625	0	0
1687.30169	-0.01625	0	0
1687.40169	-0.01624	0	0
1687.50169	-0.01624	0	0
1687.60169	-0.01623	0	0
1687.70169	-0.01623	0	0
1687.80169	-0.01623	0	0
1687.90169	-0.01622	0	0
1688.00169	-0.01622	0	0
1688.10169	-0.01621	0	0
1688.20169	-0.01621	0	0
1688.30169	-0.0162	0	0
1688.40169	-0.0162	0	0
1688.50169	-0.01619	0	0
1688.60169	-0.01619	0	0
1688.70169	-0.01618	0	0
1688.80169	-0.01618	0	0
1688.90169	-0.01617	0	0
1689.00169	-0.01617	0	0
1689.10169	-0.01616	0	0
1689.20169	-0.01616	0	0
1689.30169	-0.01615	0	0
1689.40169	-0.01615	0	0
1689.50169	-0.01614	0	0
1689.60169	-0.01613	0	0
1689.70169	-0.01613	0	0
1689.80169	-0.01612	0	0
1689.90169	-0.01612	0	0
1690.00169	-0.01611	0	0
1690.10169	-0.01611	0	0
1690.20169	-0.0161	0	0
1690.30169	-0.0161	0	0
1690.40169	-0.01609	0	0
1690.50169	-0.01609	0	0
1690.60169	-0.01608	0	0
1690.70169	-0.01607	0	0
1690.80169	-0.01607	0	0
1690.90169	-0.01606	0	0
1691.00169	-0.01606	0	0
1691.10169	-0.01605	0	0
1691.20169	-0.01605	0	0
1691.30169	-0.01604	0	0
1691.40169	-0.01603	0	0
1691.50169	-0.01603	0	0
1691.60169	-0.01602	0	0
1691.70169	-0.01602	0	0
1691.80169	-0.01601	0	0
1691.90169	-0.016	0	0
1692.00169	-0.016	0	0
1692.10169	-0.01599	0	0
1692.20169	-0.01598	0	0
1692.30169	-0.01598	0	0
1692.40169	-0.01597	0	0
1692.50169	-0.01597	0	0
1692.60169	-0.01596	0	0
1692.70169	-0.01595	0	0
1692.80169	-0.01595	0	0
1692.90169	-0.01594	0	0
1693.00169	-0.01593	0	0
1693.10169	-0.01593	0	0
1693.20169	-0.01592	0	0
1693.30169	-0.01591	0	0
1693.40169	-0.01591	0	0
1693.50169	-0.0159	0	0
1693.60169	-0.01589	0	0
1693.70169	-0.01589	0	0
1693.80169	-0.01588	0	0
1693.90169	-0.01587	0	0
1694.00169	-0.01587	0	0
1694.10169	-0.01586	0	0
1694.20169	-0.01585	0	0
1694.30169	-0.01585	0	0
1694.40169	-0.01584	0	0
1694.50169	-0.01583	0	0
1694.60169	-0.01582	0	0
1694.70169	-0.01582	0	0
1694.80169	-0.01581	0	0
1694.90169	-0.0158	0	0
1695.0017	-0.0158	0	0
1695.1017	-0.01579	0	0
1695.2017	-0.01578	0	0
1695.3017	-0.01577	0	0
1695.4017	-0.01577	0	0
1695.5017	-0.01576	0	0
1695.6017	-0.01575	0	0
1695.7017	-0.01574	0	0
1695.8017	-0.01574	0	0
1695.9017	-0.01573	0	0
1696.0017	-0.01572	0	0
1696.1017	-0.01571	0	0
1696.2017	-0.01571	0	0
1696.3017	-0.0157	0	0
1696.4017	-0.01569	0	0
1696.5017	-0.01568	0	0
1696.6017	-0.01568	0	0
1696.7017	-0.01567	0	0
1696.8017	-0.01566	0	0
1696.9017	-0.01565	0	0
1697.0017	-0.01565	0	0
1697.1017	-0.01564	0	0
1697.2017	-0.01563	0	0
1697.3017	-0.01562	0	0
1697.4017	-0.01561	0	0
1697.5017	-0.01561	0	0
1697.6017	-0.0156	0	0
1697.7017	-0.01559	0	0
1697.8017	-0.01558	0	0
1697.9017	-0.01557	0	0
1698.0017	-0.01557	0	0
1698.1017	-0.01556	0	0
1698.2017	-0.01555	0	0
1698.3017	-0.01554	0	0
1698.4017	-0.01553	0	0
1698.5017	-0.01552	0	0
1698.6017	-0.01552	0	0
1698.7017	-0.01551	0	0
1698.8017	-0.0155	0	0
1698.9017	-0.01549	0	0
1699.0017	-0.01548	0	0
1699.1017	-0.01547	0	0
1699.2017	-0.01547	0	0
1699.3017	-0.01546	0	0
1699.4017	-0.01545	0	0
1699.5017	-0.01544	0	0
1699.6017	-0.01543	0	0
1699.7017	-0.01542	0	0
1699.8017	-0.01541	0	0
1699.9017	-0.0154	0	0
1700.0017	-0.0154	0	0
1700.1017	-0.01539	0	0
1700.2017	-0.01538	0	0
1700.3017	-0.01537	0	0
1700.4017	-0.01536	0	0
1700.5017	-0.01535	0	0
1700.6017	-0.01534	0	0
1700.7017	-0.01533	0	0
1700.8017	-0.01532	0	0
1700.9017	-0.01532	0	0
1701.0017	-0.01531	0	0
1701.1017	-0.0153	0	0
1701.2017	-0.01529	0	0
1701.3017	-0.01528	0	0
1701.4017	-0.01527	0	0
1701.5017	-0.01526	0	0
1701.6017	-0.01525	0	0
1701.7017	-0.01524	0	0
1701.8017	-0.01523	0	0
1701.9017	-0.01522	0	0
1702.0017	-0.01521	0	0
1702.1017	-0.0152	0	0
1702.2017	-0.0152	0	0
1702.3017	-0.01519	0	0
1702.4017	-0.01518	0	0
1702.5017	-0.01517	0	0
1702.6017	-0.01516	0	0
1702.7017	-0.01515	0	0
1702.8017	-0.01514	0	0
1702.9017	-0.01513	0	0
1703.0017	-0.01512	0	0
1703.1017	-0.01511	0	0
1703.2017	-0.0151	0	0
1703.3017	-0.01509	0	0
1703.4017	-0.01508	0	0
1703.5017	-0.01507	0	0
1703.6017	-0.01506	0	0
1703.7017	-0.01505	0	0
1703.8017	-0.01504	0	0
1703.9017	-0.01503	0	0
1704.0017	-0.01502	0	0
1704.1017	-0.01501	0	0
1704.2017	-0.015	0	0
1704.3017	-0.01499	0	0
1704.4017	-0.01498	0	0
1704.5017	-0.01497	0	0
1704.6017	-0.01496	0	0
1704.7017	-0.01495	0	0
1704.8017	-0.01494	0	0
1704.9017	-0.01493	0	0
1705.00171	-0.01492	0	0
1705.10171	-0.01491	0	0
1705.20171	-0.0149	0	0
1705.30171	-0.01489	0	0
1705.40171	-0.01488	0	0
1705.50171	-0.01487	0	0
1705.60171	-0.01486	0	0
1705.70171	-0.01485	0	0
1705.80171	-0.01484	0	0
1705.90171	-0.01483	0	0
1706.00171	-0.01482	0	0
1706.10171	-0.0148	0	0
1706.20171	-0.01479	0	0
1706.30171	-0.01478	0	0
1706.40171	-0.01477	0	0
1706.50171	-0.01476	0	0
1706.60171	-0.01475	0	0
1706.70171	-0.01474	0	0
1706.80171	-0.01473	0	0
1706.90171	-0.01472	0	0
1707.00171	-0.01471	0	0
1707.10171	-0.0147	0	0
1707.20171	-0.01469	0	0
1707.30171	-0.01468	0	0
1707.40171	-0.01467	0	0
1707.50171	-0.01465	0	0
1707.60171	-0.01464	0	0
1707.70171	-0.01463	0	0
1707.80171	-0.01462	0	0
1707.90171	-0.01461	0	0
1708.00171	-0.0146	0	0
1708.10171	-0.01459	0	0
1708.20171	-0.01458	0	0
1708.30171	-0.01457	0	0
1708.40171	-0.01456	0	0
1708.50171	-0.01454	0	0
1708.60171	-0.01453	0	0
1708.70171	-0.01452	0	0
1708.80171	-0.01451	0	0
1708.90171	-0.0145	0	0
1709.00171	-0.01449	0	0
1709.10171	-0.01448	0	0
1709.20171	-0.01446	0	0
1709.30171	-0.01445	0	0
1709.40171	-0.01444	0	0
1709.50171	-0.01443	0	0
1709.60171	-0.01442	0	0
1709.70171	-0.01441	0	0
1709.80171	-0.0144	0	0
1709.90171	-0.01438	0	0
1710.00171	-0.01437	0	0
1710.10171	-0.01436	0	0
1710.20171	-0.01435	0	0
1710.30171	-0.01434	0	0
1710.40171	-0.01433	0	0
1710.50171	-0.01432	0	0
1710.60171	-0.0143	0	0
1710.70171	-0.01429	0	0
1710.80171	-0.01428	0	0
1710.90171	-0.01427	0	0
1711.00171	-0.01426	0	0
1711.10171	-0.01424	0	0
1711.20171	-0.01423	0	0
1711.30171	-0.01422	0	0
1711.40171	-0.01421	0	0
1711.50171	-0.0142	0	0
1711.60171	-0.01419	0	0
1711.70171	-0.01417	0	0
1711.80171	-0.01416	0	0
1711.90171	-0.01415	0	0
1712.00171	-0.01414	0	0
1712.10171	-0.01413	0	0
1712.20171	-0.01411	0	0
1712.30171	-0.0141	0	0
1712.40171	-0.01409	0	0
1712.50171	-0.01408	0	0
1712.60171	-0.01406	0	0
1712.70171	-0.01405	0	0
1712.80171	-0.01404	0	0
1712.90171	-0.01403	0	0
1713.00171	-0.01402	0	0
1713.10171	-0.014	0	0
1713.20171	-0.01399	0	0
1713.30171	-0.01398	0	0
1713.40171	-0.01397	0	0
1713.50171	-0.01395	0	0
1713.60171	-0.01394	0	0
1713.70171	-0.01393	0	0
1713.80171	-0.01392	0	0
1713.90171	-0.0139	0	0
1714.00171	-0.01389	0	0
1714.10171	-0.01388	0	0
1714.20171	-0.01387	0	0
1714.30171	-0.01385	0	0
1714.40171	-0.01384	0	0
1714.50171	-0.01383	0	0
1714.60171	-0.01382	0	0
1714.70171	-0.0138	0	0
1714.80171	-0.01379	0	0
1714.90171	-0.01378	0	0
1715.00172	-0.01377	0	0
1715.10172	-0.01375	0	0
1715.20172	-0.01374	0	0
1715.30172	-0.01373	0	0
1715.40172	-0.01371	0	0
1715.50172	-0.0137	0	0
1715.60172	-0.01369	0	0
1715.70172	-0.01368	0	0
1715.80172	-0.01366	0	0
1715.90172	-0.01365	0	0
1716.00172	-0.01364	0	0
1716.10172	-0.01362	0	0
1716.20172	-0.01361	0	0
1716.30172	-0.0136	0	0
1716.40172	-0.01359	0	0
1716.50172	-0.01357	0	0
1716.60172	-0.01356	0	0
1716.70172	-0.01355	0	0
1716.80172	-0.01353	0	0
1716.90172	-0.01352	0	0
1717.00172	-0.01351	0	0
1717.10172	-0.01349	0	0
1717.20172	-0.01348	0	0
1717.30172	-0.01347	0	0
1717.40172	-0.01345	0	0
1717.50172	-0.01344	0	0
1717.60172	-0.01343	0	0
1717.70172	-0.01342	0	0
1717.80172	-0.0134	0	0
1717.90172	-0.01339	0	0
1718.00172	-0.01338	0	0
1718.10172	-0.01336	0	0
1718.20172	-0.01335	0	0
1718.30172	-0.01334	0	0
1718.40172	-0.01332	0	0
1718.50172	-0.01331	0	0
1718.60172	-0.0133	0	0
1718.70172	-0.01328	0	0
1718.80172	-0.01327	0	0
1718.90172	-0.01325	0	0
1719.00172	-0.01324	0	0
1719.10172	-0.01323	0	0
1719.20172	-0.01321	0	0
1719.30172	-0.0132	0	0
1719.40172	-0.01319	0	0
1719.50172	-0.01317	0	0
1719.60172	-0.01316	0	0
1719.70172	-0.01315	0	0
1719.80172	-0.01313	0	0
1719.90172	-0.01312	0	0
1720.00172	-0.01311	0	0
1720.10172	-0.01309	0	0
1720.20172	-0.01308	0	0
1720.30172	-0.01306	0	0
1720.40172	-0.01305	0	0
1720.50172	-0.01304	0	0
1720.60172	-0.01302	0	0
1720.70172	-0.01301	0	0
1720.80172	-0.013	0	0
1720.90172	-0.01298	0	0
1721.00172	-0.01297	0	0
1721.10172	-0.01295	0	0
1721.20172	-0.01294	0	0
1721.30172	-0.01293	0	0
1721.40172	-0.01291	0	0
1721.50172	-0.0129	0	0
1721.60172	-0.01288	0	0
1721.70172	-0.01287	0	0
1721.80172	-0.01286	0	0
1721.90172	-0.01284	0	0
1722.00172	-0.01283	0	0
1722.10172	-0.01281	0	0
1722.20172	-0.0128	0	0
1722.30172	-0.01279	0	0
1722.40172	-0.01277	0	0
1722.50172	-0.01276	0	0
1722.60172	-0.01274	0	0
1722.70172	-0.01273	0	0
1722.80172	-0.01272	0	0
1722.90172	-0.0127	0	0
1723.00172	-0.01269	0	0
1723.10172	-0.01267	0	0
1723.20172	-0.01266	0	0
1723.30172	-0.01264	0	0
1723.40172	-0.01263	0	0
1723.50172	-0.01262	0	0
1723.60172	-0.0126	0	0
1723.70172	-0.01259	0	0
1723.80172	-0.01257	0	0
1723.90172	-0.01256	0	0
1724.00172	-0.01255	0	0
1724.10172	-0.01253	0	0
1724.20172	-0.01252	0	0
1724.30172	-0.0125	0	0
1724.40172	-0.01249	0	0
1724.50172	-0.01247	0	0
1724.60172	-0.01246	0	0
1724.70172	-0.01244	0	0
1724.80172	-0.01243	0	0
1724.90172	-0.01242	0	0
1725.00173	-0.0124	0	0
1725.10173	-0.01239	0	0
1725.20173	-0.01237	0	0
1725.30173	-0.01236	0	0
1725.40173	-0.01234	0	0
1725.50173	-0.01233	0	0
1725.60173	-0.01231	0	0
1725.70173	-0.0123	0	0
1725.80173	-0.01228	0	0
1725.90173	-0.01227	0	0
1726.00173	-0.01226	0	0
1726.10173	-0.01224	0	0
1726.20173	-0.01223	0	0
1726.30173	-0.01221	0	0
1726.40173	-0.0122	0	0
1726.50173	-0.01218	0	0
1726.60173	-0.01217	0	0
1726.70173	-0.01215	0	0
1726.80173	-0.01214	0	0
1726.90173	-0.01212	0	0
1727.00173	-0.01211	0	0
1727.10173	-0.01209	0	0
1727.20173	-0.01208	0	0
1727.30173	-0.01206	0	0
1727.40173	-0.01205	0	0
1727.50173	-0.01204	0	0
1727.60173	-0.01202	0	0
1727.70173	-0.01201	0	0
1727.80173	-0.01199	0	0
1727.90173	-0.01198	0	0
1728.00173	-0.01196	0	0
1728.10173	-0.01195	0	0
1728.20173	-0.01193	0	0
1728.30173	-0.01192	0	0
1728.40173	-0.0119	0	0
1728.50173	-0.01189	0	0
1728.60173	-0.01187	0	0
1728.70173	-0.01186	0	0
1728.80173	-0.01184	0	0
1728.90173	-0.01183	0	0
1729.00173	-0.01181	0	0
1729.10173	-0.0118	0	0
1729.20173	-0.01178	0	0
1729.30173	-0.01177	0	0
1729.40173	-0.01175	0	0
1729.50173	-0.01174	0	0
1729.60173	-0.01172	0	0
1729.70173	-0.01171	0	0
1729.80173	-0.01169	0	0
1729.90173	-0.01168	0	0
1730.00173	-0.01166	0	0
1730.10173	-0.01165	0	0
1730.20173	-0.01163	0	0
1730.30173	-0.01162	0	0
1730.40173	-0.0116	0	0
1730.50173	-0.01159	0	0
1730.60173	-0.01157	0	0
1730.70173	-0.01156	0	0
1730.80173	-0.01154	0	0
1730.90173	-0.01153	0	0
1731.00173	-0.01151	0	0
1731.10173	-0.0115	0	0
1731.20173	-0.01148	0	0
1731.30173	-0.01147	0	0
1731.40173	-0.01145	0	0
1731.50173	-0.01143	0	0
1731.60173	-0.01142	0	0
1731.70173	-0.0114	0	0
1731.80173	-0.01139	0	0
1731.90173	-0.01137	0	0
1732.00173	-0.01136	0	0
1732.10173	-0.01134	0	0
1732.20173	-0.01133	0	0
1732.30173	-0.01131	0	0
1732.40173	-0.0113	0	0
1732.50173	-0.01128	0	0
1732.60173	-0.01127	0	0
1732.70173	-0.01125	0	0
1732.80173	-0.01124	0	0
1732.90173	-0.01122	0	0
1733.00173	-0.01121	0	0
1733.10173	-0.01119	0	0
1733.20173	-0.01118	0	0
1733.30173	-0.01116	0	0
1733.40173	-0.01114	0	0
1733.50173	-0.01113	0	0
1733.60173	-0.01111	0	0
1733.70173	-0.0111	0	0
1733.80173	-0.01108	0	0
1733.90173	-0.01107	0	0
1734.00173	-0.01105	0	0
1734.10173	-0.01104	0	0
1734.20173	-0.01102	0	0
1734.30173	-0.01101	0	0
1734.40173	-0.01099	0	0
1734.50173	-0.01098	0	0
1734.60173	-0.01096	0	0
1734.70173	-0.01094	0	0
1734.80173	-0.01093	0	0
1734.90173	-0.01091	0	0
1735.00174	-0.0109	0	0
1735.10174	-0.01088	0	0
1735.20174	-0.01087	0	0
1735.30174	-0.01085	0	0
1735.40174	-0.01084	0	0
1735.50174	-0.01082	0	0
1735.60174	-0.0108	0	0
1735.70174	-0.01079	0	0
1735.80174	-0.01077	0	0
1735.90174	-0.01076	0	0
1736.00174	-0.01074	0	0
1736.10174	-0.01073	0	0
1736.20174	-0.01071	0	0
1736.30174	-0.0107	0	0
1736.40174	-0.01068	0	0
1736.50174	-0.01067	0	0
1736.60174	-0.01065	0	0
1736.70174	-0.01063	0	0
1736.80174	-0.01062	0	0
1736.90174	-0.0106	0	0
1737.00174	-0.01059	0	0
1737.10174	-0.01057	0	0
1737.20174	-0.01056	0	0
1737.30174	-0.01054	0	0
1737.40174	-0.01053	0	0
1737.50174	-0.01051	0	0
1737.60174	-0.01049	0	0
1737.70174	-0.01048	0	0
1737.80174	-0.01046	0	0
1737.90174	-0.01045	0	0
1738.00174	-0.01043	0	0
1738.10174	-0.01042	0	0
1738.20174	-0.0104	0	0
1738.30174	-0.01038	0	0
1738.40174	-0.01037	0	0
1738.50174	-0.01035	0	0
1738.60174	-0.01034	0	0
1738.70174	-0.01032	0	0
1738.80174	-0.01031	0	0
1738.90174	-0.01029	0	0
1739.00174	-0.01028	0	0
1739.10174	-0.01026	0	0
1739.20174	-0.01024	0	0
1739.30174	-0.01023	0	0
1739.40174	-0.01021	0	0
1739.50174	-0.0102	0	0
1739.60174	-0.01018	0	0
1739.70174	-0.01017	0	0
1739.80174	-0.01015	0	0
1739.90174	-0.01013	0	0
1740.00174	-0.01012	0	0
1740.10174	-0.0101	0	0
1740.20174	-0.01009	0	0
1740.30174	-0.01007	0	0
1740.40174	-0.01006	0	0
1740.50174	-0.01004	0	0
1740.60174	-0.01002	0	0
1740.70174	-0.01001	0	0
1740.80174	-0.00999	0	0
1740.90174	-0.00998	0	0
1741.00174	-0.00996	0	0
1741.10174	-0.00995	0	0
1741.20174	-0.00993	0	0
1741.30174	-0.00991	0	0
1741.40174	-0.0099	0	0
1741.50174	-0.00988	0	0
1741.60174	-0.00987	0	0
1741.70174	-0.00985	0	0
1741.80174	-0.00984	0	0
1741.90174	-0.00982	0	0
1742.00174	-0.0098	0	0
1742.10174	-0.00979	0	0
1742.20174	-0.00977	0	0
1742.30174	-0.00976	0	0
1742.40174	-0.00974	0	0
1742.50174	-0.00973	0	0
1742.60174	-0.00971	0	0
1742.70174	-0.00969	0	0
1742.80174	-0.00968	0	0
1742.90174	-0.00966	0	0
1743.00174	-0.00965	0	0
1743.10174	-0.00963	0	0
1743.20174	-0.00962	0	0
1743.30174	-0.0096	0	0
1743.40174	-0.00958	0	0
1743.50174	-0.00957	0	0
1743.60174	-0.00955	0	0
1743.70174	-0.00954	0	0
1743.80174	-0.00952	0	0
1743.90174	-0.00951	0	0
1744.00174	-0.00949	0	0
1744.10174	-0.00948	0	0
1744.20174	-0.00946	0	0
1744.30174	-0.00944	0	0
1744.40174	-0.00943	0	0
1744.50174	-0.00941	0	0
1744.60174	-0.0094	0	0
1744.70174	-0.00938	0	0
1744.80174	-0.00937	0	0
1744.90174	-0.00935	0	0
1745.00175	-0.00933	0	0
1745.10175	-0.00932	0	0
1745.20175	-0.0093	0	0
1745.30175	-0.00929	0	0
1745.40175	-0.00927	0	0
1745.50175	-0.00926	0	0
1745.60175	-0.00924	0	0
1745.70175	-0.00922	0	0
1745.80175	-0.00921	0	0
1745.90175	-0.00919	0	0
1746.00175	-0.00918	0	0
1746.10175	-0.00916	0	0
1746.20175	-0.00915	0	0
1746.30175	-0.00913	0	0
1746.40175	-0.00911	0	0
1746.50175	-0.0091	0	0
1746.60175	-0.00908	0	0
1746.70175	-0.00907	0	0
1746.80175	-0.00905	0	0
1746.90175	-0.00904	0	0
1747.00175	-0.00902	0	0
1747.10175	-0.00901	0	0
1747.20175	-0.00899	0	0
1747.30175	-0.00897	0	0
1747.40175	-0.00896	0	0
1747.50175	-0.00894	0	0
1747.60175	-0.00893	0	0
1747.70175	-0.00891	0	0
1747.80175	-0.0089	0	0
1747.90175	-0.00888	0	0
1748.00175	-0.00886	0	0
1748.10175	-0.00885	0	0
1748.20175	-0.00883	0	0
1748.30175	-0.00882	0	0
1748.40175	-0.0088	0	0
1748.50175	-0.00879	0	0
1748.60175	-0.00877	0	0
1748.70175	-0.00876	0	0
1748.80175	-0.00874	0	0
1748.90175	-0.00872	0	0
1749.00175	-0.00871	0	0
1749.10175	-0.00869	0	0
1749.20175	-0.00868	0	0
1749.30175	-0.00866	0	0
1749.40175	-0.00865	0	0
1749.50175	-0.00863	0	0
1749.60175	-0.00862	0	0
1749.70175	-0.0086	0	0
1749.80175	-0.00858	0	0
1749.90175	-0.00857	0	0
1750.00175	-0.00855	0	0
1750.10175	-0.00854	0	0
1750.20175	-0.00852	0	0
1750.30175	-0.00851	0	0
1750.40175	-0.00849	0	0
1750.50175	-0.00848	0	0
1750.60175	-0.00846	0	0
1750.70175	-0.00845	0	0
1750.80175	-0.00843	0	0
1750.90175	-0.00841	0	0
1751.00175	-0.0084	0	0
1751.10175	-0.00838	0	0
1751.20175	-0.00837	0	0
1751.30175	-0.00835	0	0
1751.40175	-0.00834	0	0
1751.50175	-0.00832	0	0
1751.60175	-0.00831	0	0
1751.70175	-0.00829	0	0
1751.80175	-0.00828	0	0
1751.90175	-0.00826	0	0
1752.00175	-0.00825	0	0
1752.10175	-0.00823	0	0
1752.20175	-0.00821	0	0
1752.30175	-0.0082	0	0
1752.40175	-0.00818	0	0
1752.50175	-0.00817	0	0
1752.60175	-0.00815	0	0
1752.70175	-0.00814	0	0
1752.80175	-0.00812	0	0
1752.90175	-0.00811	0	0
1753.00175	-0.00809	0	0
1753.10175	-0.00808	0	0
1753.20175	-0.00806	0	0
1753.30175	-0.00805	0	0
1753.40175	-0.00803	0	0
1753.50175	-0.00802	0	0
1753.60175	-0.008	0	0
1753.70175	-0.00799	0	0
1753.80175	-0.00797	0	0
1753.90175	-0.00796	0	0
1754.00175	-0.00794	0	0
1754.10175	-0.00792	0	0
1754.20175	-0.00791	0	0
1754.30175	-0.00789	0	0
1754.40175	-0.00788	0	0
1754.50175	-0.00786	0	0
1754.60175	-0.00785	0	0
1754.70175	-0.00783	0	0
1754.80175	-0.00782	0	0
1754.90175	-0.0078	0	0
1755.00176	-0.00779	0	0
1755.10176	-0.00777	0	0
1755.20176	-0.00776	0	0
1755.30176	-0.00774	0	0
1755.40176	-0.00773	0	0
1755.50176	-0.00771	0	0
1755.60176	-0.0077	0	0
1755.70176	-0.00768	0	0
1755.80176	-0.00767	0	0
1755.90176	-0.00765	0	0
1756.00176	-0.00764	0	0
1756.10176	-0.00762	0	0
1756.20176	-0.00761	0	0
1756.30176	-0.00759	0	0
1756.40176	-0.00758	0	0
1756.50176	-0.00756	0	0
1756.60176	-0.00755	0	0
1756.70176	-0.00753	0	0
1756.80176	-0.00752	0	0
1756.90176	-0.0075	0	0
1757.00176	-0.00749	0	0
1757.10176	-0.00747	0	0
1757.20176	-0.00746	0	0
1757.30176	-0.00744	0	0
1757.40176	-0.00743	0	0
1757.50176	-0.00741	0	0
1757.60176	-0.0074	0	0
1757.70176	-0.00738	0	0
1757.80176	-0.00737	0	0
1757.90176	-0.00735	0	0
1758.00176	-0.00734	0	0
1758.10176	-0.00733	0	0
1758.20176	-0.00731	0	0
1758.30176	-0.0073	0	0
1758.40176	-0.00728	0	0
1758.50176	-0.00727	0	0
1758.60176	-0.00725	0	0
1758.70176	-0.00724	0	0
1758.80176	-0.00722	0	0
1758.90176	-0.00721	0	0
1759.00176	-0.00719	0	0
1759.10176	-0.00718	0	0
1759.20176	-0.00716	0	0
1759.30176	-0.00715	0	0
1759.40176	-0.00713	0	0
1759.50176	-0.00712	0	0
1759.60176	-0.00711	0	0
1759.70176	-0.00709	0	0
1759.80176	-0.00708	0	0
1759.90176	-0.00706	0	0
1760.00176	-0.00705	0	0
1760.10176	-0.00703	0	0
1760.20176	-0.00702	0	0
1760.30176	-0.007	0	0
1760.40176	-0.00699	0	0
1760.50176	-0.00697	0	0
1760.60176	-0.00696	0	0
1760.70176	-0.00695	0	0
1760.80176	-0.00693	0	0
1760.90176	-0.00692	0	0
1761.00176	-0.0069	0	0
1761.10176	-0.00689	0	0
1761.20176	-0.00687	0	0
1761.30176	-0.00686	0	0
1761.40176	-0.00684	0	0
1761.50176	-0.00683	0	0
1761.60176	-0.00682	0	0
1761.70176	-0.0068	0	0
1761.80176	-0.00679	0	0
1761.90176	-0.00677	0	0
1762.00176	-0.00676	0	0
1762.10176	-0.00674	0	0
1762.20176	-0.00673	0	0
1762.30176	-0.00672	0	0
1762.40176	-0.0067	0	0
1762.50176	-0.00669	0	0
1762.60176	-0.00667	0	0
1762.70176	-0.00666	0	0
1762.80176	-0.00665	0	0
1762.90176	-0.00663	0	0
1763.00176	-0.00662	0	0
1763.10176	-0.0066	0	0
1763.20176	-0.00659	0	0
1763.30176	-0.00658	0	0
1763.40176	-0.00656	0	0
1763.50176	-0.00655	0	0
1763.60176	-0.00653	0	0
1763.70176	-0.00652	0	0
1763.80176	-0.00651	0	0
1763.90176	-0.00649	0	0
1764.00176	-0.00648	0	0
1764.10176	-0.00646	0	0
1764.20176	-0.00645	0	0
1764.30176	-0.00644	0	0
1764.40176	-0.00642	0	0
1764.50176	-0.00641	0	0
1764.60176	-0.00639	0	0
1764.70176	-0.00638	0	0
1764.80176	-0.00637	0	0
1764.90176	-0.00635	0	0
1765.00177	-0.00634	0	0
1765.10177	-0.00633	0	0
1765.20177	-0.00631	0	0
1765.30177	-0.0063	0	0
1765.40177	-0.00628	0	0
1765.50177	-0.00627	0	0
1765.60177	-0.00626	0	0
1765.70177	-0.00624	0	0
1765.80177	-0.00623	0	0
1765.90177	-0.00622	0	0
1766.00177	-0.0062	0	0
1766.10177	-0.00619	0	0
1766.20177	-0.00617	0	0
1766.30177	-0.00616	0	0
1766.40177	-0.00615	0	0
1766.50177	-0.00613	0	0
1766.60177	-0.00612	0	0
1766.70177	-0.00611	0	0
1766.80177	-0.00609	0	0
1766.90177	-0.00608	0	0
1767.00177	-0.00607	0	0
1767.10177	-0.00605	0	0
1767.20177	-0.00604	0	0
1767.30177	-0.00603	0	0
1767.40177	-0.00601	0	0
1767.50177	-0.006	0	0
1767.60177	-0.00599	0	0
1767.70177	-0.00597	0	0
1767.80177	-0.00596	0	0
1767.90177	-0.00595	0	0
1768.00177	-0.00593	0	0
1768.10177	-0.00592	0	0
1768.20177	-0.00591	0	0
1768.30177	-0.00589	0	0
1768.40177	-0.00588	0	0
1768.50177	-0.00587	0	0
1768.60177	-0.00585	0	0
1768.70177	-0.00584	0	0
1768.80177	-0.00583	0	0
1768.90177	-0.00582	0	0
1769.00177	-0.0058	0	0
1769.10177	-0.00579	0	0
1769.20177	-0.00578	0	0
1769.30177	-0.00576	0	0
1769.40177	-0.00575	0	0
1769.50177	-0.00574	0	0
1769.60177	-0.00572	0	0
1769.70177	-0.00571	0	0
1769.80177	-0.0057	0	0
1769.90177	-0.00569	0	0
1770.00177	-0.00567	0	0
1770.10177	-0.00566	0	0
1770.20177	-0.00565	0	0
1770.30177	-0.00563	0	0
1770.40177	-0.00562	0	0
1770.50177	-0.00561	0	0
1770.60177	-0.0056	0	0
1770.70177	-0.00558	0	0
1770.80177	-0.00557	0	0
1770.90177	-0.00556	0	0
1771.00177	-0.00555	0	0
1771.10177	-0.00553	0	0
1771.20177	-0.00552	0	0
1771.30177	-0.00551	0	0
1771.40177	-0.0055	0	0
1771.50177	-0.00548	0	0
1771.60177	-0.00547	0	0
1771.70177	-0.00546	0	0
1771.80177	-0.00545	0	0
1771.90177	-0.00543	0	0
1772.00177	-0.00542	0	0
1772.10177	-0.00541	0	0
1772.20177	-0.0054	0	0
1772.30177	-0.00538	0	0
1772.40177	-0.00537	0	0
1772.50177	-0.00536	0	0
1772.60177	-0.00535	0	0
1772.70177	-0.00533	0	0
1772.80177	-0.00532	0	0
1772.90177	-0.00531	0	0
1773.00177	-0.0053	0	0
1773.10177	-0.00528	0	0
1773.20177	-0.00527	0	0
1773.30177	-0.00526	0	0
1773.40177	-0.00525	0	0
1773.50177	-0.00524	0	0
1773.60177	-0.00522	0	0
1773.70177	-0.00521	0	0
1773.80177	-0.0052	0	0
1773.90177	-0.00519	0	0
1774.00177	-0.00518	0	0
1774.10177	-0.00516	0	0
1774.20177	-0.00515	0	0
1774.30177	-0.00514	0	0
1774.40177	-0.00513	0	0
1774.50177	-0.00512	0	0
1774.60177	-0.0051	0	0
1774.70177	-0.00509	0	0
1774.80177	-0.00508	0	0
1774.90177	-0.00507	0	0
1775.00178	-0.00506	0	0
1775.10178	-0.00505	0	0
1775.20178	-0.00503	0	0
1775.30178	-0.00502	0	0
1775.40178	-0.00501	0	0
1775.50178	-0.005	0	0
1775.60178	-0.00499	0	0
1775.70178	-0.00498	0	0
1775.80178	-0.00496	0	0
1775.90178	-0.00495	0	0
1776.00178	-0.00494	0	0
1776.10178	-0.00493	0	0
1776.20178	-0.00492	0	0
1776.30178	-0.00491	0	0
1776.40178	-0.0049	0	0
1776.50178	-0.00488	0	0
1776.60178	-0.00487	0	0
1776.70178	-0.00486	0	0
1776.80178	-0.00485	0	0
1776.90178	-0.00484	0	0
1777.00178	-0.00483	0	0
1777.10178	-0.00482	0	0
1777.20178	-0.0048	0	0
1777.30178	-0.00479	0	0
1777.40178	-0.00478	0	0
1777.50178	-0.00477	0	0
1777.60178	-0.00476	0	0
1777.70178	-0.00475	0	0
1777.80178	-0.00474	0	0
1777.90178	-0.00473	0	0
1778.00178	-0.00472	0	0
1778.10178	-0.0047	0	0
1778.20178	-0.00469	0	0
1778.30178	-0.00468	0	0
1778.40178	-0.00467	0	0
1778.50178	-0.00466	0	0
1778.60178	-0.00465	0	0
1778.70178	-0.00464	0	0
1778.80178	-0.00463	0	0
1778.90178	-0.00462	0	0
1779.00178	-0.00461	0	0
1779.10178	-0.0046	0	0
1779.20178	-0.00459	0	0
1779.30178	-0.00457	0	0
1779.40178	-0.00456	0	0
1779.50178	-0.00455	0	0
1779.60178	-0.00454	0	0
1779.70178	-0.00453	0	0
1779.80178	-0.00452	0	0
1779.90178	-0.00451	0	0
1780.00178	-0.0045	0	0
1780.10178	-0.00449	0	0
1780.20178	-0.00448	0	0
1780.30178	-0.00447	0	0
1780.40178	-0.00446	0	0
1780.50178	-0.00445	0	0
1780.60178	-0.00444	0	0
1780.70178	-0.00443	0	0
1780.80178	-0.00442	0	0
1780.90178	-0.00441	0	0
1781.00178	-0.0044	0	0
1781.10178	-0.00439	0	0
1781.20178	-0.00438	0	0
1781.30178	-0.00437	0	0
1781.40178	-0.00436	0	0
1781.50178	-0.00435	0	0
1781.60178	-0.00434	0	0
1781.70178	-0.00433	0	0
1781.80178	-0.00432	0	0
1781.90178	-0.00431	0	0
1782.00178	-0.0043	0	0
1782.10178	-0.00429	0	0
1782.20178	-0.00428	0	0
1782.30178	-0.00427	0	0
1782.40178	-0.00426	0	0
1782.50178	-0.00425	0	0
1782.60178	-0.00424	0	0
1782.70178	-0.00423	0	0
1782.80178	-0.00422	0	0
1782.90178	-0.00421	0	0
1783.00178	-0.0042	0	0
1783.10178	-0.00419	0	0
1783.20178	-0.00418	0	0
1783.30178	-0.00417	0	0
1783.40178	-0.00416	0	0
1783.50178	-0.00415	0	0
1783.60178	-0.00414	0	0
1783.70178	-0.00413	0	0
1783.80178	-0.00412	0	0
1783.90178	-0.00411	0	0
1784.00178	-0.0041	0	0
1784.10178	-0.00409	0	0
1784.20178	-0.00408	0	0
1784.30178	-0.00407	0	0
1784.40178	-0.00406	0	0
1784.50178	-0.00406	0	0
1784.60178	-0.00405	0	0
1784.70178	-0.00404	0	0
1784.80178	-0.00403	0	0
1784.90178	-0.00402	0	0
1785.00179	-0.00401	0	0
1785.10179	-0.004	0	0
1785.20179	-0.00399	0	0
1785.30179	-0.00398	0	0
1785.40179	-0.00397	0	0
1785.50179	-0.00396	0	0
1785.60179	-0.00395	0	0
1785.70179	-0.00395	0	0
1785.80179	-0.00394	0	0
1785.90179	-0.00393	0	0
1786.00179	-0.00392	0	0
1786.10179	-0.00391	0	0
1786.20179	-0.0039	0	0
1786.30179	-0.00389	0	0
1786.40179	-0.00388	0	0
1786.50179	-0.00388	0	0
1786.60179	-0.00387	0	0
1786.70179	-0.00386	0	0
1786.80179	-0.00385	0	0
1786.90179	-0.00384	0	0
1787.00179	-0.00383	0	0
1787.10179	-0.00382	0	0
1787.20179	-0.00382	0	0
1787.30179	-0.00381	0	0
1787.40179	-0.0038	0	0
1787.50179	-0.00379	0	0
1787.60179	-0.00378	0	0
1787.70179	-0.00377	0	0
1787.80179	-0.00376	0	0
1787.90179	-0.00376	0	0
1788.00179	-0.00375	0	0
1788.10179	-0.00374	0	0
1788.20179	-0.00373	0	0
1788.30179	-0.00372	0	0
1788.40179	-0.00372	0	0
1788.50179	-0.00371	0	0
1788.60179	-0.0037	0	0
1788.70179	-0.00369	0	0
1788.80179	-0.00368	0	0
1788.90179	-0.00368	0	0
1789.00179	-0.00367	0	0
1789.10179	-0.00366	0	0
1789.20179	-0.00365	0	0
1789.30179	-0.00364	0	0
1789.40179	-0.00364	0	0
1789.50179	-0.00363	0	0
1789.60179	-0.00362	0	0
1789.70179	-0.00361	0	0
1789.80179	-0.0036	0	0
1789.90179	-0.0036	0	0
1790.00179	-0.00359	0	0
1790.10179	-0.00358	0	0
1790.20179	-0.00357	0	0
1790.30179	-0.00357	0	0
1790.40179	-0.00356	0	0
1790.50179	-0.00355	0	0
1790.60179	-0.00354	0	0
1790.70179	-0.00354	0	0
1790.80179	-0.00353	0	0
1790.90179	-0.00352	0	0
1791.00179	-0.00351	0	0
1791.10179	-0.00351	0	0
1791.20179	-0.0035	0	0
1791.30179	-0.00349	0	0
1791.40179	-0.00349	0	0
1791.50179	-0.00348	0	0
1791.60179	-0.00347	0	0
1791.70179	-0.00346	0	0
1791.80179	-0.00346	0	0
1791.90179	-0.00345	0	0
1792.00179	-0.00344	0	0
1792.10179	-0.00344	0	0
1792.20179	-0.00343	0	0
1792.30179	-0.00342	0	0
1792.40179	-0.00341	0	0
1792.50179	-0.00341	0	0
1792.60179	-0.0034	0	0
1792.70179	-0.00339	0	0
1792.80179	-0.00339	0	0
1792.90179	-0.00338	0	0
1793.00179	-0.00337	0	0
1793.10179	-0.00337	0	0
1793.20179	-0.00336	0	0
1793.30179	-0.00335	0	0
1793.40179	-0.00335	0	0
1793.50179	-0.00334	0	0
1793.60179	-0.00333	0	0
1793.70179	-0.00333	0	0
1793.80179	-0.00332	0	0
1793.90179	-0.00331	0	0
1794.00179	-0.00331	0	0
1794.10179	-0.0033	0	0
1794.20179	-0.0033	0	0
1794.30179	-0.00329	0	0
1794.40179	-0.00328	0	0
1794.50179	-0.00328	0	0
1794.60179	-0.00327	0	0
1794.70179	-0.00326	0	0
1794.80179	-0.00326	0	0
1794.90179	-0.00325	0	0
1795.0018	-0.00325	0	0
1795.1018	-0.00324	0	0
1795.2018	-0.00323	0	0
1795.3018	-0.00323	0	0
1795.4018	-0.00322	0	0
1795.5018	-0.00322	0	0
1795.6018	-0.00321	0	0
1795.7018	-0.0032	0	0
1795.8018	-0.0032	0	0
1795.9018	-0.00319	0	0
1796.0018	-0.00319	0	0
1796.1018	-0.00318	0	0
1796.2018	-0.00318	0	0
1796.3018	-0.00317	0	0
1796.4018	-0.00316	0	0
1796.5018	-0.00316	0	0
1796.6018	-0.00315	0	0
1796.7018	-0.00315	0	0
1796.8018	-0.00314	0	0
1796.9018	-0.00314	0	0
1797.0018	-0.00313	0	0
1797.1018	-0.00313	0	0
1797.2018	-0.00312	0	0
1797.3018	-0.00312	0	0
1797.4018	-0.00311	0	0
1797.5018	-0.00311	0	0
1797.6018	-0.0031	0	0
1797.7018	-0.0031	0	0
1797.8018	-0.00309	0	0
1797.9018	-0.00308	0	0
1798.0018	-0.00308	0	0
1798.1018	-0.00307	0	0
1798.2018	-0.00307	0	0
1798.3018	-0.00306	0	0
1798.4018	-0.00306	0	0
1798.5018	-0.00305	0	0
1798.6018	-0.00305	0	0
1798.7018	-0.00305	0	0
1798.8018	-0.00304	0	0
1798.9018	-0.00304	0	0
1799.0018	-0.00303	0	0
1799.1018	-0.00303	0	0
1799.2018	-0.00302	0	0
1799.3018	-0.00302	0	0
1799.4018	-0.00301	0	0
1799.5018	-0.00301	0	0
1799.6018	-0.003	0	0
1799.7018	-0.003	0	0
1799.8018	-0.00299	0	0
1799.9018	-0.00299	0	0
1800.0018	-0.00299	0	0
1800.1018	-0.00298	0	0
1800.2018	-0.00298	0	0
1800.3018	-0.00297	0	0
1800.4018	-0.00297	0	0
1800.5018	-0.00296	0	0
1800.6018	-0.00296	0	0
1800.7018	-0.00296	0	0
1800.8018	-0.00295	0	0
1800.9018	-0.00295	0	0
1801.0018	-0.00294	0	0
1801.1018	-0.00294	0	0
1801.2018	-0.00294	0	0
1801.3018	-0.00293	0	0
1801.4018	-0.00293	0	0
1801.5018	-0.00292	0	0
1801.6018	-0.00292	0	0
1801.7018	-0.00292	0	0
1801.8018	-0.00291	0	0
1801.9018	-0.00291	0	0
1802.0018	-0.0029	0	0
1802.1018	-0.0029	0	0
1802.2018	-0.0029	0	0
1802.3018	-0.00289	0	0
1802.4018	-0.00289	0	0
1802.5018	-0.00289	0	0
1802.6018	-0.00288	0	0
1802.7018	-0.00288	0	0
1802.8018	-0.00288	0	0
1802.9018	-0.00287	0	0
1803.0018	-0.00287	0	0
1803.1018	-0.00287	0	0
1803.2018	-0.00286	0	0
1803.3018	-0.00286	0	0
1803.4018	-0.00286	0	0
1803.5018	-0.00285	0	0
1803.6018	-0.00285	0	0
1803.7018	-0.00285	0	0
1803.8018	-0.00284	0	0
1803.9018	-0.00284	0	0
1804.0018	-0.00284	0	0
1804.1018	-0.00283	0	0
1804.2018	-0.00283	0	0
1804.3018	-0.00283	0	0
1804.4018	-0.00283	0	0
1804.5018	-0.00282	0	0
1804.6018	-0.00282	0	0
1804.7018	-0.00282	0	0
1804.8018	-0.00282	0	0
1804.9018	-0.00281	0	0
1805.00181	-0.00281	0	0
1805.10181	-0.00281	0	0
1805.20181	-0.0028	0	0
1805.30181	-0.0028	0	0
1805.40181	-0.0028	0	0
1805.50181	-0.0028	0	0
1805.60181	-0.00279	0	0
1805.70181	-0.00279	0	0
1805.80181	-0.00279	0	0
1805.90181	-0.00279	0	0
1806.00181	-0.00278	0	0
1806.10181	-0.00278	0	0
1806.20181	-0.00278	0	0
1806.30181	-0.00278	0	0
1806.40181	-0.00278	0	0
1806.50181	-0.00277	0	0
1806.60181	-0.00277	0	0
1806.70181	-0.00277	0	0
1806.80181	-0.00277	0	0
1806.90181	-0.00277	0	0
1807.00181	-0.00276	0	0
1807.10181	-0.00276	0	0
1807.20181	-0.00276	0	0
1807.30181	-0.00276	0	0
1807.40181	-0.00276	0	0
1807.50181	-0.00275	0	0
1807.60181	-0.00275	0	0
1807.70181	-0.00275	0	0
1807.80181	-0.00275	0	0
1807.90181	-0.00275	0	0
1808.00181	-0.00275	0	0
1808.10181	-0.00274	0	0
1808.20181	-0.00274	0	0
1808.30181	-0.00274	0	0
1808.40181	-0.00274	0	0
1808.50181	-0.00274	0	0
1808.60181	-0.00274	0	0
1808.70181	-0.00274	0	0
1808.80181	-0.00273	0	0
1808.90181	-0.00273	0	0
1809.00181	-0.00273	0	0
1809.10181	-0.00273	0	0
1809.20181	-0.00273	0	0
1809.30181	-0.00273	0	0
1809.40181	-0.00273	0	0
1809.50181	-0.00273	0	0
1809.60181	-0.00273	0	0
1809.70181	-0.00272	0	0
1809.80181	-0.00272	0	0
1809.90181	-0.00272	0	0
1810.00181	-0.00272	0	0
1810.10181	-0.00272	0	0
1810.20181	-0.00272	0	0
1810.30181	-0.00272	0	0
1810.40181	-0.00272	0	0
1810.50181	-0.00272	0	0
1810.60181	-0.00272	0	0
1810.70181	-0.00272	0	0
1810.80181	-0.00272	0	0
1810.90181	-0.00272	0	0
1811.00181	-0.00271	0	0
1811.10181	-0.00271	0	0
1811.20181	-0.00271	0	0
1811.30181	-0.00271	0	0
1811.40181	-0.00271	0	0
1811.50181	-0.00271	0	0
1811.60181	-0.00271	0	0
1811.70181	-0.00271	0	0
1811.80181	-0.00271	0	0
1811.90181	-0.00271	0	0
1812.00181	-0.00271	0	0
1812.10181	-0.00271	0	0
1812.20181	-0.00271	0	0
1812.30181	-0.00271	0	0
1812.40181	-0.00271	0	0
1812.50181	-0.00271	0	0
1812.60181	-0.00271	0	0
1812.70181	-0.00271	0	0
1812.80181	-0.00271	0	0
1812.90181	-0.00271	0	0
1813.00181	-0.00271	0	0
1813.10181	-0.00271	0	0
1813.20181	-0.00271	0	0
1813.30181	-0.00271	0	0
1813.40181	-0.00271	0	0
1813.50181	-0.00271	0	0
1813.60181	-0.00271	0	0
1813.70181	-0.00271	0	0
1813.80181	-0.00271	0	0
1813.90181	-0.00272	0	0
1814.00181	-0.00272	0	0
1814.10181	-0.00272	0	0
1814.20181	-0.00272	0	0
1814.30181	-0.00272	0	0
1814.40181	-0.00272	0	0
1814.50181	-0.00272	0	0
1814.60181	-0.00272	0	0
1814.70181	-0.00272	0	0
1814.80181	-0.00272	0	0
1814.90181	-0.00272	0	0
1815.00182	-0.00272	0	0
1815.10182	-0.00272	0	0
1815.20182	-0.00273	0	0
1815.30182	-0.00273	0	0
1815.40182	-0.00273	0	0
1815.50182	-0.00273	0	0
1815.60182	-0.00273	0	0
1815.70182	-0.00273	0	0
1815.80182	-0.00273	0	0
1815.90182	-0.00273	0	0
1816.00182	-0.00273	0	0
1816.10182	-0.00274	0	0
1816.20182	-0.00274	0	0
1816.30182	-0.00274	0	0
1816.40182	-0.00274	0	0
1816.50182	-0.00274	0	0
1816.60182	-0.00274	0	0
1816.70182	-0.00274	0	0
1816.80182	-0.00275	0	0
1816.90182	-0.00275	0	0
1817.00182	-0.00275	0	0
1817.10182	-0.00275	0	0
1817.20182	-0.00275	0	0
1817.30182	-0.00275	0	0
1817.40182	-0.00276	0	0
1817.50182	-0.00276	0	0
1817.60182	-0.00276	0	0
1817.70182	-0.00276	0	0
1817.80182	-0.00276	0	0
1817.90182	-0.00277	0	0
1818.00182	-0.00277	0	0
1818.10182	-0.00277	0	0
1818.20182	-0.00277	0	0
1818.30182	-0.00277	0	0
1818.40182	-0.00278	0	0
1818.50182	-0.00278	0	0
1818.60182	-0.00278	0	0
1818.70182	-0.00278	0	0
1818.80182	-0.00278	0	0
1818.90182	-0.00279	0	0
1819.00182	-0.00279	0	0
1819.10182	-0.00279	0	0
1819.20182	-0.00279	0	0
1819.30182	-0.0028	0	0
1819.40182	-0.0028	0	0
1819.50182	-0.0028	0	0
1819.60182	-0.0028	0	0
1819.70182	-0.00281	0	0
1819.80182	-0.00281	0	0
1819.90182	-0.00281	0	0
1820.00182	-0.00281	0	0
1820.10182	-0.00282	0	0
1820.20182	-0.00282	0	0
1820.30182	-0.00282	0	0
1820.40182	-0.00283	0	0
1820.50182	-0.00283	0	0
1820.60182	-0.00283	0	0
1820.70182	-0.00283	0	0
1820.80182	-0.00284	0	0
1820.90182	-0.00284	0	0
1821.00182	-0.00284	0	0
1821.10182	-0.00285	0	0
1821.20182	-0.00285	0	0
1821.30182	-0.00285	0	0
1821.40182	-0.00286	0	0
1821.50182	-0.00286	0	0
1821.60182	-0.00286	0	0
1821.70182	-0.00287	0	0
1821.80182	-0.00287	0	0
1821.90182	-0.00287	0	0
1822.00182	-0.00288	0	0
1822.10182	-0.00288	0	0
1822.20182	-0.00288	0	0
1822.30182	-0.00289	0	0
1822.40182	-0.00289	0	0
1822.50182	-0.00289	0	0
1822.60182	-0.0029	0	0
1822.70182	-0.0029	0	0
1822.80182	-0.00291	0	0
1822.90182	-0.00291	0	0
1823.00182	-0.00291	0	0
1823.10182	-0.00292	0	0
1823.20182	-0.00292	0	0
1823.30182	-0.00292	0	0
1823.40182	-0.00293	0	0
1823.50182	-0.00293	0	0
1823.60182	-0.00294	0	0
1823.70182	-0.00294	0	0
1823.80182	-0.00294	0	0
1823.90182	-0.00295	0	0
1824.00182	-0.00295	0	0
1824.10182	-0.00296	0	0
1824.20182	-0.00296	0	0
1824.30182	-0.00296	0	0
1824.40182	-0.00297	0	0
1824.50182	-0.00297	0	0
1824.60182	-0.00298	0	0
1824.70182	-0.00298	0	0
1824.80182	-0.00299	0	0
1824.90182	-0.00299	0	0
1825.00183	-0.003	0	0
1825.10183	-0.003	0	0
1825.20183	-0.003	0	0
1825.30183	-0.00301	0	0
1825.40183	-0.00301	0	0
1825.50183	-0.00302	0	0
1825.60183	-0.00302	0	0
1825.70183	-0.00303	0	0
1825.80183	-0.00303	0	0
1825.90183	-0.00304	0	0
1826.00183	-0.00304	0	0
1826.10183	-0.00305	0	0
1826.20183	-0.00305	0	0
1826.30183	-0.00306	0	0
1826.40183	-0.00306	0	0
1826.50183	-0.00307	0	0
1826.60183	-0.00307	0	0
1826.70183	-0.00308	0	0
1826.80183	-0.00308	0	0
1826.90183	-0.00309	0	0
1827.00183	-0.00309	0	0
1827.10183	-0.0031	0	0
1827.20183	-0.0031	0	0
1827.30183	-0.00311	0	0
1827.40183	-0.00311	0	0
1827.50183	-0.00312	0	0
1827.60183	-0.00312	0	0
1827.70183	-0.00313	0	0
1827.80183	-0.00314	0	0
1827.90183	-0.00314	0	0
1828.00183	-0.00315	0	0
1828.10183	-0.00315	0	0
1828.20183	-0.00316	0	0
1828.30183	-0.00316	0	0
1828.40183	-0.00317	0	0
1828.50183	-0.00317	0	0
1828.60183	-0.00318	0	0
1828.70183	-0.00319	0	0
1828.80183	-0.00319	0	0
1828.90183	-0.0032	0	0
1829.00183	-0.0032	0	0
1829.10183	-0.00321	0	0
1829.20183	-0.00322	0	0
1829.30183	-0.00322	0	0
1829.40183	-0.00323	0	0
1829.50183	-0.00323	0	0
1829.60183	-0.00324	0	0
1829.70183	-0.00325	0	0
1829.80183	-0.00325	0	0
1829.90183	-0.00326	0	0
1830.00183	-0.00326	0	0
1830.10183	-0.00327	0	0
1830.20183	-0.00328	0	0
1830.30183	-0.00328	0	0
1830.40183	-0.00329	0	0
1830.50183	-0.0033	0	0
1830.60183	-0.0033	0	0
1830.70183	-0.00331	0	0
1830.80183	-0.00331	0	0
1830.90183	-0.00332	0	0
1831.00183	-0.00333	0	0
1831.10183	-0.00333	0	0
1831.20183	-0.00334	0	0
1831.30183	-0.00335	0	0
1831.40183	-0.00335	0	0
1831.50183	-0.00336	0	0
1831.60183	-0.00337	0	0
1831.70183	-0.00337	0	0
1831.80183	-0.00338	0	0
1831.90183	-0.00339	0	0
1832.00183	-0.0034	0	0
1832.10183	-0.0034	0	0
1832.20183	-0.00341	0	0
1832.30183	-0.00342	0	0
1832.40183	-0.00342	0	0
1832.50183	-0.00343	0	0
1832.60183	-0.00344	0	0
1832.70183	-0.00344	0	0
1832.80183	-0.00345	0	0
1832.90183	-0.00346	0	0
1833.00183	-0.00347	0	0
1833.10183	-0.00347	0	0
1833.20183	-0.00348	0	0
1833.30183	-0.00349	0	0
1833.40183	-0.00349	0	0
1833.50183	-0.0035	0	0
1833.60183	-0.00351	0	0
1833.70183	-0.00352	0	0
1833.80183	-0.00352	0	0
1833.90183	-0.00353	0	0
1834.00183	-0.00354	0	0
1834.10183	-0.00355	0	0
1834.20183	-0.00355	0	0
1834.30183	-0.00356	0	0
1834.40183	-0.00357	0	0
1834.50183	-0.00358	0	0
1834.60183	-0.00359	0	0
1834.70183	-0.00359	0	0
1834.80183	-0.0036	0	0
1834.90183	-0.00361	0	0
1835.00184	-0.00362	0	0
1835.10184	-0.00362	0	0
1835.20184	-0.00363	0	0
1835.30184	-0.00364	0	0
1835.40184	-0.00365	0	0
1835.50184	-0.00366	0	0
1835.60184	-0.00366	0	0
1835.70184	-0.00367	0	0
1835.80184	-0.00368	0	0
1835.90184	-0.00369	0	0
1836.00184	-0.0037	0	0
1836.10184	-0.00371	0	0
1836.20184	-0.00371	0	0
1836.30184	-0.00372	0	0
1836.40184	-0.00373	0	0
1836.50184	-0.00374	0	0
1836.60184	-0.00375	0	0
1836.70184	-0.00376	0	0
1836.80184	-0.00376	0	0
1836.90184	-0.00377	0	0
1837.00184	-0.00378	0	0
1837.10184	-0.00379	0	0
1837.20184	-0.0038	0	0
1837.30184	-0.00381	0	0
1837.40184	-0.00382	0	0
1837.50184	-0.00382	0	0
1837.60184	-0.00383	0	0
1837.70184	-0.00384	0	0
1837.80184	-0.00385	0	0
1837.90184	-0.00386	0	0
1838.00184	-0.00387	0	0
1838.10184	-0.00388	0	0
1838.20184	-0.00389	0	0
1838.30184	-0.00389	0	0
1838.40184	-0.0039	0	0
1838.50184	-0.00391	0	0
1838.60184	-0.00392	0	0
1838.70184	-0.00393	0	0
1838.80184	-0.00394	0	0
1838.90184	-0.00395	0	0
1839.00184	-0.00396	0	0
1839.10184	-0.00397	0	0
1839.20184	-0.00398	0	0
1839.30184	-0.00399	0	0
1839.40184	-0.00399	0	0
1839.50184	-0.004	0	0
1839.60184	-0.00401	0	0
1839.70184	-0.00402	0	0
1839.80184	-0.00403	0	0
1839.90184	-0.00404	0	0
1840.00184	-0.00405	0	0
1840.10184	-0.00406	0	0
1840.20184	-0.00407	0	0
1840.30184	-0.00408	0	0
1840.40184	-0.00409	0	0
1840.50184	-0.0041	0	0
1840.60184	-0.00411	0	0
1840.70184	-0.00412	0	0
1840.80184	-0.00413	0	0
1840.90184	-0.00414	0	0
1841.00184	-0.00415	0	0
1841.10184	-0.00416	0	0
1841.20184	-0.00417	0	0
1841.30184	-0.00418	0	0
1841.40184	-0.00419	0	0
1841.50184	-0.0042	0	0
1841.60184	-0.00421	0	0
1841.70184	-0.00422	0	0
1841.80184	-0.00423	0	0
1841.90184	-0.00424	0	0
1842.00184	-0.00425	0	0
1842.10184	-0.00426	0	0
1842.20184	-0.00427	0	0
1842.30184	-0.00428	0	0
1842.40184	-0.00429	0	0
1842.50184	-0.0043	0	0
1842.60184	-0.00431	0	0
1842.70184	-0.00432	0	0
1842.80184	-0.00433	0	0
1842.90184	-0.00434	0	0
1843.00184	-0.00435	0	0
1843.10184	-0.00436	0	0
1843.20184	-0.00437	0	0
1843.30184	-0.00438	0	0
1843.40184	-0.00439	0	0
1843.50184	-0.0044	0	0
1843.60184	-0.00441	0	0
1843.70184	-0.00442	0	0
1843.80184	-0.00443	0	0
1843.90184	-0.00444	0	0
1844.00184	-0.00445	0	0
1844.10184	-0.00446	0	0
1844.20184	-0.00447	0	0
1844.30184	-0.00449	0	0
1844.40184	-0.0045	0	0
1844.50184	-0.00451	0	0
1844.60184	-0.00452	0	0
1844.70184	-0.00453	0	0
1844.80184	-0.00454	0	0
1844.90184	-0.00455	0	0
1845.00185	-0.00456	0	0
1845.10185	-0.00457	0	0
1845.20185	-0.00458	0	0
1845.30185	-0.00459	0	0
1845.40185	-0.0046	0	0
1845.50185	-0.00462	0	0
1845.60185	-0.00463	0	0
1845.70185	-0.00464	0	0
1845.80185	-0.00465	0	0
1845.90185	-0.00466	0	0
1846.00185	-0.00467	0	0
1846.10185	-0.00468	0	0
1846.20185	-0.00469	0	0
1846.30185	-0.00471	0	0
1846.40185	-0.00472	0	0
1846.50185	-0.00473	0	0
1846.60185	-0.00474	0	0
1846.70185	-0.00475	0	0
1846.80185	-0.00476	0	0
1846.90185	-0.00477	0	0
1847.00185	-0.00479	0	0
1847.10185	-0.0048	0	0
1847.20185	-0.00481	0	0
1847.30185	-0.00482	0	0
1847.40185	-0.00483	0	0
1847.50185	-0.00484	0	0
1847.60185	-0.00485	0	0
1847.70185	-0.00487	0	0
1847.80185	-0.00488	0	0
1847.90185	-0.00489	0	0
1848.00185	-0.0049	0	0
1848.10185	-0.00491	0	0
1848.20185	-0.00492	0	0
1848.30185	-0.00494	0	0
1848.40185	-0.00495	0	0
1848.50185	-0.00496	0	0
1848.60185	-0.00497	0	0
1848.70185	-0.00498	0	0
1848.80185	-0.005	0	0
1848.90185	-0.00501	0	0
1849.00185	-0.00502	0	0
1849.10185	-0.00503	0	0
1849.20185	-0.00504	0	0
1849.30185	-0.00506	0	0
1849.40185	-0.00507	0	0
1849.50185	-0.00508	0	0
1849.60185	-0.00509	0	0
1849.70185	-0.0051	0	0
1849.80185	-0.00512	0	0
1849.90185	-0.00513	0	0
1850.00185	-0.00514	0	0
1850.10185	-0.00515	0	0
1850.20185	-0.00517	0	0
1850.30185	-0.00518	0	0
1850.40185	-0.00519	0	0
1850.50185	-0.0052	0	0
1850.60185	-0.00522	0	0
1850.70185	-0.00523	0	0
1850.80185	-0.00524	0	0
1850.90185	-0.00525	0	0
1851.00185	-0.00527	0	0
1851.10185	-0.00528	0	0
1851.20185	-0.00529	0	0
1851.30185	-0.0053	0	0
1851.40185	-0.00532	0	0
1851.50185	-0.00533	0	0
1851.60185	-0.00534	0	0
1851.70185	-0.00535	0	0
1851.80185	-0.00537	0	0
1851.90185	-0.00538	0	0
1852.00185	-0.00539	0	0
1852.10185	-0.0054	0	0
1852.20185	-0.00542	0	0
1852.30185	-0.00543	0	0
1852.40185	-0.00544	0	0
1852.50185	-0.00546	0	0
1852.60185	-0.00547	0	0
1852.70185	-0.00548	0	0
1852.80185	-0.00549	0	0
1852.90185	-0.00551	0	0
1853.00185	-0.00552	0	0
1853.10185	-0.00553	0	0
1853.20185	-0.00555	0	0
1853.30185	-0.00556	0	0
1853.40185	-0.00557	0	0
1853.50185	-0.00559	0	0
1853.60185	-0.0056	0	0
1853.70185	-0.00561	0	0
1853.80185	-0.00563	0	0
1853.90185	-0.00564	0	0
1854.00185	-0.00565	0	0
1854.10185	-0.00566	0	0
1854.20185	-0.00568	0	0
1854.30185	-0.00569	0	0
1854.40185	-0.0057	0	0
1854.50185	-0.00572	0	0
1854.60185	-0.00573	0	0
1854.70185	-0.00574	0	0
1854.80185	-0.00576	0	0
1854.90185	-0.00577	0	0
1855.00186	-0.00578	0	0
1855.10186	-0.0058	0	0
1855.20186	-0.00581	0	0
1855.30186	-0.00583	0	0
1855.40186	-0.00584	0	0
1855.50186	-0.00585	0	0
1855.60186	-0.00587	0	0
1855.70186	-0.00588	0	0
1855.80186	-0.00589	0	0
1855.90186	-0.00591	0	0
1856.00186	-0.00592	0	0
1856.10186	-0.00593	0	0
1856.20186	-0.00595	0	0
1856.30186	-0.00596	0	0
1856.40186	-0.00598	0	0
1856.50186	-0.00599	0	0
1856.60186	-0.006	0	0
1856.70186	-0.00602	0	0
1856.80186	-0.00603	0	0
1856.90186	-0.00604	0	0
1857.00186	-0.00606	0	0
1857.10186	-0.00607	0	0
1857.20186	-0.00609	0	0
1857.30186	-0.0061	0	0
1857.40186	-0.00611	0	0
1857.50186	-0.00613	0	0
1857.60186	-0.00614	0	0
1857.70186	-0.00616	0	0
1857.80186	-0.00617	0	0
1857.90186	-0.00618	0	0
1858.00186	-0.0062	0	0
1858.10186	-0.00621	0	0
1858.20186	-0.00623	0	0
1858.30186	-0.00624	0	0
1858.40186	-0.00626	0	0
1858.50186	-0.00627	0	0
1858.60186	-0.00628	0	0
1858.70186	-0.0063	0	0
1858.80186	-0.00631	0	0
1858.90186	-0.00633	0	0
1859.00186	-0.00634	0	0
1859.10186	-0.00635	0	0
1859.20186	-0.00637	0	0
1859.30186	-0.00638	0	0
1859.40186	-0.0064	0	0
1859.50186	-0.00641	0	0
1859.60186	-0.00643	0	0
1859.70186	-0.00644	0	0
1859.80186	-0.00646	0	0
1859.90186	-0.00647	0	0
1860.00186	-0.00648	0	0
1860.10186	-0.0065	0	0
1860.20186	-0.00651	0	0
1860.30186	-0.00653	0	0
1860.40186	-0.00654	0	0
1860.50186	-0.00656	0	0
1860.60186	-0.00657	0	0
1860.70186	-0.00659	0	0
1860.80186	-0.0066	0	0
1860.90186	-0.00662	0	0
1861.00186	-0.00663	0	0
1861.10186	-0.00664	0	0
1861.20186	-0.00666	0	0
1861.30186	-0.00667	0	0
1861.40186	-0.00669	0	0
1861.50186	-0.0067	0	0
1861.60186	-0.00672	0	0
1861.70186	-0.00673	0	0
1861.80186	-0.00675	0	0
1861.90186	-0.00676	0	0
1862.00186	-0.00678	0	0
1862.10186	-0.00679	0	0
1862.20186	-0.00681	0	0
1862.30186	-0.00682	0	0
1862.40186	-0.00684	0	0
1862.50186	-0.00685	0	0
1862.60186	-0.00687	0	0
1862.70186	-0.00688	0	0
1862.80186	-0.0069	0	0
1862.90186	-0.00691	0	0
1863.00186	-0.00693	0	0
1863.10186	-0.00694	0	0
1863.20186	-0.00696	0	0
1863.30186	-0.00697	0	0
1863.40186	-0.00699	0	0
1863.50186	-0.007	0	0
1863.60186	-0.00702	0	0
1863.70186	-0.00703	0	0
1863.80186	-0.00705	0	0
1863.90186	-0.00706	0	0
1864.00186	-0.00708	0	0
1864.10186	-0.00709	0	0
1864.20186	-0.00711	0	0
1864.30186	-0.00712	0	0
1864.40186	-0.00714	0	0
1864.50186	-0.00715	0	0
1864.60186	-0.00717	0	0
1864.70186	-0.00719	0	0
1864.80186	-0.0072	0	0
1864.90186	-0.00722	0	0
1865.00187	-0.00723	0	0
1865.10187	-0.00725	0	0
1865.20187	-0.00726	0	0
1865.30187	-0.00728	0	0
1865.40187	-0.00729	0	0
1865.50187	-0.00731	0	0
1865.60187	-0.00732	0	0
1865.70187	-0.00734	0	0
1865.80187	-0.00735	0	0
1865.90187	-0.00737	0	0
1866.00187	-0.00739	0	0
1866.10187	-0.0074	0	0
1866.20187	-0.00742	0	0
1866.30187	-0.00743	0	0
1866.40187	-0.00745	0	0
1866.50187	-0.00746	0	0
1866.60187	-0.00748	0	0
1866.70187	-0.00749	0	0
1866.80187	-0.00751	0	0
1866.90187	-0.00753	0	0
1867.00187	-0.00754	0	0
1867.10187	-0.00756	0	0
1867.20187	-0.00757	0	0
1867.30187	-0.00759	0	0
1867.40187	-0.0076	0	0
1867.50187	-0.00762	0	0
1867.60187	-0.00764	0	0
1867.70187	-0.00765	0	0
1867.80187	-0.00767	0	0
1867.90187	-0.00768	0	0
1868.00187	-0.0077	0	0
1868.10187	-0.00771	0	0
1868.20187	-0.00773	0	0
1868.30187	-0.00775	0	0
1868.40187	-0.00776	0	0
1868.50187	-0.00778	0	0
1868.60187	-0.00779	0	0
1868.70187	-0.00781	0	0
1868.80187	-0.00782	0	0
1868.90187	-0.00784	0	0
1869.00187	-0.00786	0	0
1869.10187	-0.00787	0	0
1869.20187	-0.00789	0	0
1869.30187	-0.0079	0	0
1869.40187	-0.00792	0	0
1869.50187	-0.00794	0	0
1869.60187	-0.00795	0	0
1869.70187	-0.00797	0	0
1869.80187	-0.00798	0	0
1869.90187	-0.008	0	0
1870.00187	-0.00802	0	0
1870.10187	-0.00803	0	0
1870.20187	-0.00805	0	0
1870.30187	-0.00806	0	0
1870.40187	-0.00808	0	0
1870.50187	-0.0081	0	0
1870.60187	-0.00811	0	0
1870.70187	-0.00813	0	0
1870.80187	-0.00814	0	0
1870.90187	-0.00816	0	0
1871.00187	-0.00818	0	0
1871.10187	-0.00819	0	0
1871.20187	-0.00821	0	0
1871.30187	-0.00822	0	0
1871.40187	-0.00824	0	0
1871.50187	-0.00826	0	0
1871.60187	-0.00827	0	0
1871.70187	-0.00829	0	0
1871.80187	-0.00831	0	0
1871.90187	-0.00832	0	0
1872.00187	-0.00834	0	0
1872.10187	-0.00835	0	0
1872.20187	-0.00837	0	0
1872.30187	-0.00839	0	0
1872.40187	-0.0084	0	0
1872.50187	-0.00842	0	0
1872.60187	-0.00844	0	0
1872.70187	-0.00845	0	0
1872.80187	-0.00847	0	0
1872.90187	-0.00848	0	0
1873.00187	-0.0085	0	0
1873.10187	-0.00852	0	0
1873.20187	-0.00853	0	0
1873.30187	-0.00855	0	0
1873.40187	-0.00857	0	0
1873.50187	-0.00858	0	0
1873.60187	-0.0086	0	0
1873.70187	-0.00862	0	0
1873.80187	-0.00863	0	0
1873.90187	-0.00865	0	0
1874.00187	-0.00866	0	0
1874.10187	-0.00868	0	0
1874.20187	-0.0087	0	0
1874.30187	-0.00871	0	0
1874.40187	-0.00873	0	0
1874.50187	-0.00875	0	0
1874.60187	-0.00876	0	0
1874.70187	-0.00878	0	0
1874.80187	-0.0088	0	0
1874.90187	-0.00881	0	0
1875.00188	-0.00883	0	0
1875.10188	-0.00885	0	0
1875.20188	-0.00886	0	0
1875.30188	-0.00888	0	0
1875.40188	-0.00889	0	0
1875.50188	-0.00891	0	0
1875.60188	-0.00893	0	0
1875.70188	-0.00894	0	0
1875.80188	-0.00896	0	0
1875.90188	-0.00898	0	0
1876.00188	-0.00899	0	0
1876.10188	-0.00901	0	0
1876.20188	-0.00903	0	0
1876.30188	-0.00904	0	0
1876.40188	-0.00906	0	0
1876.50188	-0.00908	0	0
1876.60188	-0.00909	0	0
1876.70188	-0.00911	0	0
1876.80188	-0.00913	0	0
1876.90188	-0.00914	0	0
1877.00188	-0.00916	0	0
1877.10188	-0.00918	0	0
1877.20188	-0.00919	0	0
1877.30188	-0.00921	0	0
1877.40188	-0.00923	0	0
1877.50188	-0.00924	0	0
1877.60188	-0.00926	0	0
1877.70188	-0.00928	0	0
1877.80188	-0.00929	0	0
1877.90188	-0.00931	0	0
1878.00188	-0.00933	0	0
1878.10188	-0.00934	0	0
1878.20188	-0.00936	0	0
1878.30188	-0.00938	0	0
1878.40188	-0.00939	0	0
1878.50188	-0.00941	0	0
1878.60188	-0.00943	0	0
1878.70188	-0.00944	0	0
1878.80188	-0.00946	0	0
1878.90188	-0.00948	0	0
1879.00188	-0.00949	0	0
1879.10188	-0.00951	0	0
1879.20188	-0.00953	0	0
1879.30188	-0.00954	0	0
1879.40188	-0.00956	0	0
1879.50188	-0.00958	0	0
1879.60188	-0.00959	0	0
1879.70188	-0.00961	0	0
1879.80188	-0.00963	0	0
1879.90188	-0.00964	0	0
1880.00188	-0.00966	0	0
1880.10188	-0.00968	0	0
1880.20188	-0.00969	0	0
1880.30188	-0.00971	0	0
1880.40188	-0.00973	0	0
1880.50188	-0.00974	0	0
1880.60188	-0.00976	0	0
1880.70188	-0.00978	0	0
1880.80188	-0.00979	0	0
1880.90188	-0.00981	0	0
1881.00188	-0.00983	0	0
1881.10188	-0.00984	0	0
1881.20188	-0.00986	0	0
1881.30188	-0.00988	0	0
1881.40188	-0.00989	0	0
1881.50188	-0.00991	0	0
1881.60188	-0.00993	0	0
1881.70188	-0.00994	0	0
1881.80188	-0.00996	0	0
1881.90188	-0.00998	0	0
1882.00188	-0.00999	0	0
1882.10188	-0.01001	0	0
1882.20188	-0.01003	0	0
1882.30188	-0.01004	0	0
1882.40188	-0.01006	0	0
1882.50188	-0.01008	0	0
1882.60188	-0.0101	0	0
1882.70188	-0.01011	0	0
1882.80188	-0.01013	0	0
1882.90188	-0.01015	0	0
1883.00188	-0.01016	0	0
1883.10188	-0.01018	0	0
1883.20188	-0.0102	0	0
1883.30188	-0.01021	0	0
1883.40188	-0.01023	0	0
1883.50188	-0.01025	0	0
1883.60188	-0.01026	0	0
1883.70188	-0.01028	0	0
1883.80188	-0.0103	0	0
1883.90188	-0.01031	0	0
1884.00188	-0.01033	0	0
1884.10188	-0.01035	0	0
1884.20188	-0.01036	0	0
1884.30188	-0.01038	0	0
1884.40188	-0.0104	0	0
1884.50188	-0.01041	0	0
1884.60188	-0.01043	0	0
1884.70188	-0.01045	0	0
1884.80188	-0.01046	0	0
1884.90188	-0.01048	0	0
1885.00189	-0.0105	0	0
1885.10189	-0.01051	0	0
1885.20189	-0.01053	0	0
1885.30189	-0.01055	0	0
1885.40189	-0.01056	0	0
1885.50189	-0.01058	0	0
1885.60189	-0.0106	0	0
1885.70189	-0.01061	0	0
1885.80189	-0.01063	0	0
1885.90189	-0.01065	0	0
1886.00189	-0.01067	0	0
1886.10189	-0.01068	0	0
1886.20189	-0.0107	0	0
1886.30189	-0.01072	0	0
1886.40189	-0.01073	0	0
1886.50189	-0.01075	0	0
1886.60189	-0.01077	0	0
1886.70189	-0.01078	0	0
1886.80189	-0.0108	0	0
1886.90189	-0.01082	0	0
1887.00189	-0.01083	0	0
1887.10189	-0.01085	0	0
1887.20189	-0.01087	0	0
1887.30189	-0.01088	0	0
1887.40189	-0.0109	0	0
1887.50189	-0.01092	0	0
1887.60189	-0.01093	0	0
1887.70189	-0.01095	0	0
1887.80189	-0.01097	0	0
1887.90189	-0.01098	0	0
1888.00189	-0.011	0	0
1888.10189	-0.01102	0	0
1888.20189	-0.01103	0	0
1888.30189	-0.01105	0	0
1888.40189	-0.01107	0	0
1888.50189	-0.01108	0	0
1888.60189	-0.0111	0	0
1888.70189	-0.01112	0	0
1888.80189	-0.01113	0	0
1888.90189	-0.01115	0	0
1889.00189	-0.01117	0	0
1889.10189	-0.01118	0	0
1889.20189	-0.0112	0	0
1889.30189	-0.01122	0	0
1889.40189	-0.01123	0	0
1889.50189	-0.01125	0	0
1889.60189	-0.01127	0	0
1889.70189	-0.01128	0	0
1889.80189	-0.0113	0	0
1889.90189	-0.01131	0	0
1890.00189	-0.01133	0	0
1890.10189	-0.01135	0	0
1890.20189	-0.01136	0	0
1890.30189	-0.01138	0	0
1890.40189	-0.0114	0	0
1890.50189	-0.01141	0	0
1890.60189	-0.01143	0	0
1890.70189	-0.01145	0	0
1890.80189	-0.01146	0	0
1890.90189	-0.01148	0	0
1891.00189	-0.0115	0	0
1891.10189	-0.01151	0	0
1891.20189	-0.01153	0	0
1891.30189	-0.01155	0	0
1891.40189	-0.01156	0	0
1891.50189	-0.01158	0	0
1891.60189	-0.0116	0	0
1891.70189	-0.01161	0	0
1891.80189	-0.01163	0	0
1891.90189	-0.01165	0	0
1892.00189	-0.01166	0	0
1892.10189	-0.01168	0	0
1892.20189	-0.01169	0	0
1892.30189	-0.01171	0	0
1892.40189	-0.01173	0	0
1892.50189	-0.01174	0	0
1892.60189	-0.01176	0	0
1892.70189	-0.01178	0	0
1892.80189	-0.01179	0	0
1892.90189	-0.01181	0	0
1893.00189	-0.01183	0	0
1893.10189	-0.01184	0	0
1893.20189	-0.01186	0	0
1893.30189	-0.01187	0	0
1893.40189	-0.01189	0	0
1893.50189	-0.01191	0	0
1893.60189	-0.01192	0	0
1893.70189	-0.01194	0	0
1893.80189	-0.01196	0	0
1893.90189	-0.01197	0	0
1894.00189	-0.01199	0	0
1894.10189	-0.012	0	0
1894.20189	-0.01202	0	0
1894.30189	-0.01204	0	0
1894.40189	-0.01205	0	0
1894.50189	-0.01207	0	0
1894.60189	-0.01209	0	0
1894.70189	-0.0121	0	0
1894.80189	-0.01212	0	0
1894.90189	-0.01213	0	0
1895.0019	-0.01215	0	0
1895.1019	-0.01217	0	0
1895.2019	-0.01218	0	0
1895.3019	-0.0122	0	0
1895.4019	-0.01221	0	0
1895.5019	-0.01223	0	0
1895.6019	-0.01225	0	0
1895.7019	-0.01226	0	0
1895.8019	-0.01228	0	0
1895.9019	-0.0123	0	0
1896.0019	-0.01231	0	0
1896.1019	-0.01233	0	0
1896.2019	-0.01234	0	0
1896.3019	-0.01236	0	0
1896.4019	-0.01238	0	0
1896.5019	-0.01239	0	0
1896.6019	-0.01241	0	0
1896.7019	-0.01242	0	0
1896.8019	-0.01244	0	0
1896.9019	-0.01245	0	0
1897.0019	-0.01247	0	0
1897.1019	-0.01249	0	0
1897.2019	-0.0125	0	0
1897.3019	-0.01252	0	0
1897.4019	-0.01253	0	0
1897.5019	-0.01255	0	0
1897.6019	-0.01257	0	0
1897.7019	-0.01258	0	0
1897.8019	-0.0126	0	0
1897.9019	-0.01261	0	0
1898.0019	-0.01263	0	0
1898.1019	-0.01265	0	0
1898.2019	-0.01266	0	0
1898.3019	-0.01268	0	0
1898.4019	-0.01269	0	0
1898.5019	-0.01271	0	0
1898.6019	-0.01272	0	0
1898.7019	-0.01274	0	0
1898.8019	-0.01276	0	0
1898.9019	-0.01277	0	0
1899.0019	-0.01279	0	0
1899.1019	-0.0128	0	0
1899.2019	-0.01282	0	0
1899.3019	-0.01283	0	0
1899.4019	-0.01285	0	0
1899.5019	-0.01286	0	0
1899.6019	-0.01288	0	0
1899.7019	-0.0129	0	0
1899.8019	-0.01291	0	0
1899.9019	-0.01293	0	0
1900.0019	-0.01294	0	0
1900.1019	-0.01296	0	0
1900.2019	-0.01297	0	0
1900.3019	-0.01299	0	0
1900.4019	-0.013	0	0
1900.5019	-0.01302	0	0
1900.6019	-0.01304	0	0
1900.7019	-0.01305	0	0
1900.8019	-0.01307	0	0
1900.9019	-0.01308	0	0
1901.0019	-0.0131	0	0
1901.1019	-0.01311	0	0
1901.2019	-0.01313	0	0
1901.3019	-0.01314	0	0
1901.4019	-0.01316	0	0
1901.5019	-0.01317	0	0
1901.6019	-0.01319	0	0
1901.7019	-0.0132	0	0
1901.8019	-0.01322	0	0
1901.9019	-0.01323	0	0
1902.0019	-0.01325	0	0
1902.1019	-0.01326	0	0
1902.2019	-0.01328	0	0
1902.3019	-0.01329	0	0
1902.4019	-0.01331	0	0
1902.5019	-0.01332	0	0
1902.6019	-0.01334	0	0
1902.7019	-0.01335	0	0
1902.8019	-0.01337	0	0
1902.9019	-0.01339	0	0
1903.0019	-0.0134	0	0
1903.1019	-0.01342	0	0
1903.2019	-0.01343	0	0
1903.3019	-0.01344	0	0
1903.4019	-0.01346	0	0
1903.5019	-0.01347	0	0
1903.6019	-0.01349	0	0
1903.7019	-0.0135	0	0
1903.8019	-0.01352	0	0
1903.9019	-0.01353	0	0
1904.0019	-0.01355	0	0
1904.1019	-0.01356	0	0
1904.2019	-0.01358	0	0
1904.3019	-0.01359	0	0
1904.4019	-0.01361	0	0
1904.5019	-0.01362	0	0
1904.6019	-0.01364	0	0
1904.7019	-0.01365	0	0
1904.8019	-0.01367	0	0
1904.9019	-0.01368	0	0
1905.00191	-0.0137	0	0
1905.10191	-0.01371	0	0
1905.20191	-0.01373	0	0
1905.30191	-0.01374	0	0
1905.40191	-0.01375	0	0
1905.50191	-0.01377	0	0
1905.60191	-0.01378	0	0
1905.70191	-0.0138	0	0
1905.80191	-0.01381	0	0
1905.90191	-0.01383	0	0
1906.00191	-0.01384	0	0
1906.10191	-0.01386	0	0
1906.20191	-0.01387	0	0
1906.30191	-0.01388	0	0
1906.40191	-0.0139	0	0
1906.50191	-0.01391	0	0
1906.60191	-0.01393	0	0
1906.70191	-0.01394	0	0
1906.80191	-0.01396	0	0
1906.90191	-0.01397	0	0
1907.00191	-0.01398	0	0
1907.10191	-0.014	0	0
1907.20191	-0.01401	0	0
1907.30191	-0.01403	0	0
1907.40191	-0.01404	0	0
1907.50191	-0.01406	0	0
1907.60191	-0.01407	0	0
1907.70191	-0.01408	0	0
1907.80191	-0.0141	0	0
1907.90191	-0.01411	0	0
1908.00191	-0.01413	0	0
1908.10191	-0.01414	0	0
1908.20191	-0.01415	0	0
1908.30191	-0.01417	0	0
1908.40191	-0.01418	0	0
1908.50191	-0.0142	0	0
1908.60191	-0.01421	0	0
1908.70191	-0.01422	0	0
1908.80191	-0.01424	0	0
1908.90191	-0.01425	0	0
1909.00191	-0.01426	0	0
1909.10191	-0.01428	0	0
1909.20191	-0.01429	0	0
1909.30191	-0.01431	0	0
1909.40191	-0.01432	0	0
1909.50191	-0.01433	0	0
1909.60191	-0.01435	0	0
1909.70191	-0.01436	0	0
1909.80191	-0.01437	0	0
1909.90191	-0.01439	0	0
1910.00191	-0.0144	0	0
1910.10191	-0.01442	0	0
1910.20191	-0.01443	0	0
1910.30191	-0.01444	0	0
1910.40191	-0.01446	0	0
1910.50191	-0.01447	0	0
1910.60191	-0.01448	0	0
1910.70191	-0.0145	0	0
1910.80191	-0.01451	0	0
1910.90191	-0.01452	0	0
1911.00191	-0.01454	0	0
1911.10191	-0.01455	0	0
1911.20191	-0.01456	0	0
1911.30191	-0.01458	0	0
1911.40191	-0.01459	0	0
1911.50191	-0.0146	0	0
1911.60191	-0.01461	0	0
1911.70191	-0.01463	0	0
1911.80191	-0.01464	0	0
1911.90191	-0.01465	0	0
1912.00191	-0.01467	0	0
1912.10191	-0.01468	0	0
1912.20191	-0.01469	0	0
1912.30191	-0.01471	0	0
1912.40191	-0.01472	0	0
1912.50191	-0.01473	0	0
1912.60191	-0.01475	0	0
1912.70191	-0.01476	0	0
1912.80191	-0.01477	0	0
1912.90191	-0.01478	0	0
1913.00191	-0.0148	0	0
1913.10191	-0.01481	0	0
1913.20191	-0.01482	0	0
1913.30191	-0.01483	0	0
1913.40191	-0.01485	0	0
1913.50191	-0.01486	0	0
1913.60191	-0.01487	0	0
1913.70191	-0.01489	0	0
1913.80191	-0.0149	0	0
1913.90191	-0.01491	0	0
1914.00191	-0.01492	0	0
1914.10191	-0.01494	0	0
1914.20191	-0.01495	0	0
1914.30191	-0.01496	0	0
1914.40191	-0.01497	0	0
1914.50191	-0.01499	0	0
1914.60191	-0.015	0	0
1914.70191	-0.01501	0	0
1914.80191	-0.01502	0	0
1914.90191	-0.01503	0	0
1915.00192	-0.01505	0	0
1915.10192	-0.01506	0	0
1915.20192	-0.01507	0	0
1915.30192	-0.01508	0	0
1915.40192	-0.0151	0	0
1915.50192	-0.01511	0	0
1915.60192	-0.01512	0	0
1915.70192	-0.01513	0	0
1915.80192	-0.01514	0	0
1915.90192	-0.01516	0	0
1916.00192	-0.01517	0	0
1916.10192	-0.01518	0	0
1916.20192	-0.01519	0	0
1916.30192	-0.0152	0	0
1916.40192	-0.01522	0	0
1916.50192	-0.01523	0	0
1916.60192	-0.01524	0	0
1916.70192	-0.01525	0	0
1916.80192	-0.01526	0	0
1916.90192	-0.01527	0	0
1917.00192	-0.01529	0	0
1917.10192	-0.0153	0	0
1917.20192	-0.01531	0	0
1917.30192	-0.01532	0	0
1917.40192	-0.01533	0	0
1917.50192	-0.01534	0	0
1917.60192	-0.01536	0	0
1917.70192	-0.01537	0	0
1917.80192	-0.01538	0	0
1917.90192	-0.01539	0	0
1918.00192	-0.0154	0	0
1918.10192	-0.01541	0	0
1918.20192	-0.01542	0	0
1918.30192	-0.01543	0	0
1918.40192	-0.01545	0	0
1918.50192	-0.01546	0	0
1918.60192	-0.01547	0	0
1918.70192	-0.01548	0	0
1918.80192	-0.01549	0	0
1918.90192	-0.0155	0	0
1919.00192	-0.01551	0	0
1919.10192	-0.01552	0	0
1919.20192	-0.01553	0	0
1919.30192	-0.01555	0	0
1919.40192	-0.01556	0	0
1919.50192	-0.01557	0	0
1919.60192	-0.01558	0	0
1919.70192	-0.01559	0	0
1919.80192	-0.0156	0	0
1919.90192	-0.01561	0	0
1920.00192	-0.01562	0	0
1920.10192	-0.01563	0	0
1920.20192	-0.01564	0	0
1920.30192	-0.01565	0	0
1920.40192	-0.01566	0	0
1920.50192	-0.01567	0	0
1920.60192	-0.01569	0	0
1920.70192	-0.0157	0	0
1920.80192	-0.01571	0	0
1920.90192	-0.01572	0	0
1921.00192	-0.01573	0	0
1921.10192	-0.01574	0	0
1921.20192	-0.01575	0	0
1921.30192	-0.01576	0	0
1921.40192	-0.01577	0	0
1921.50192	-0.01578	0	0
1921.60192	-0.01579	0	0
1921.70192	-0.0158	0	0
1921.80192	-0.01581	0	0
1921.90192	-0.01582	0	0
1922.00192	-0.01583	0	0
1922.10192	-0.01584	0	0
1922.20192	-0.01585	0	0
1922.30192	-0.01586	0	0
1922.40192	-0.01587	0	0
1922.50192	-0.01588	0	0
1922.60192	-0.01589	0	0
1922.70192	-0.0159	0	0
1922.80192	-0.01591	0	0
1922.90192	-0.01592	0	0
1923.00192	-0.01593	0	0
1923.10192	-0.01594	0	0
1923.20192	-0.01595	0	0
1923.30192	-0.01596	0	0
1923.40192	-0.01597	0	0
1923.50192	-0.01598	0	0
1923.60192	-0.01599	0	0
1923.70192	-0.016	0	0
1923.80192	-0.01601	0	0
1923.90192	-0.01601	0	0
1924.00192	-0.01602	0	0
1924.10192	-0.01603	0	0
1924.20192	-0.01604	0	0
1924.30192	-0.01605	0	0
1924.40192	-0.01606	0	0
1924.50192	-0.01607	0	0
1924.60192	-0.01608	0	0
1924.70192	-0.01609	0	0
1924.80192	-0.0161	0	0
1924.90192	-0.01611	0	0
1925.00193	-0.01612	0	0
1925.10193	-0.01613	0	0
1925.20193	-0.01613	0	0
1925.30193	-0.01614	0	0
1925.40193	-0.01615	0	0
1925.50193	-0.01616	0	0
1925.60193	-0.01617	0	0
1925.70193	-0.01618	0	0
1925.80193	-0.01619	0	0
1925.90193	-0.0162	0	0
1926.00193	-0.0162	0	0
1926.10193	-0.01621	0	0
1926.20193	-0.01622	0	0
1926.30193	-0.01623	0	0
1926.40193	-0.01624	0	0
1926.50193	-0.01625	0	0
1926.60193	-0.01626	0	0
1926.70193	-0.01626	0	0
1926.80193	-0.01627	0	0
1926.90193	-0.01628	0	0
1927.00193	-0.01629	0	0
1927.10193	-0.0163	0	0
1927.20193	-0.01631	0	0
1927.30193	-0.01631	0	0
1927.40193	-0.01632	0	0
1927.50193	-0.01633	0	0
1927.60193	-0.01634	0	0
1927.70193	-0.01635	0	0
1927.80193	-0.01635	0	0
1927.90193	-0.01636	0	0
1928.00193	-0.01637	0	0
1928.10193	-0.01638	0	0
1928.20193	-0.01639	0	0
1928.30193	-0.01639	0	0
1928.40193	-0.0164	0	0
1928.50193	-0.01641	0	0
1928.60193	-0.01642	0	0
1928.70193	-0.01643	0	0
1928.80193	-0.01643	0	0
1928.90193	-0.01644	0	0
1929.00193	-0.01645	0	0
1929.10193	-0.01646	0	0
1929.20193	-0.01646	0	0
1929.30193	-0.01647	0	0
1929.40193	-0.01648	0	0
1929.50193	-0.01649	0	0
1929.60193	-0.01649	0	0
1929.70193	-0.0165	0	0
1929.80193	-0.01651	0	0
1929.90193	-0.01651	0	0
1930.00193	-0.01652	0	0
1930.10193	-0.01653	0	0
1930.20193	-0.01654	0	0
1930.30193	-0.01654	0	0
1930.40193	-0.01655	0	0
1930.50193	-0.01656	0	0
1930.60193	-0.01656	0	0
1930.70193	-0.01657	0	0
1930.80193	-0.01658	0	0
1930.90193	-0.01658	0	0
1931.00193	-0.01659	0	0
1931.10193	-0.0166	0	0
1931.20193	-0.0166	0	0
1931.30193	-0.01661	0	0
1931.40193	-0.01662	0	0
1931.50193	-0.01662	0	0
1931.60193	-0.01663	0	0
1931.70193	-0.01664	0	0
1931.80193	-0.01664	0	0
1931.90193	-0.01665	0	0
1932.00193	-0.01666	0	0
1932.10193	-0.01666	0	0
1932.20193	-0.01667	0	0
1932.30193	-0.01668	0	0
1932.40193	-0.01668	0	0
1932.50193	-0.01669	0	0
1932.60193	-0.01669	0	0
1932.70193	-0.0167	0	0
1932.80193	-0.01671	0	0
1932.90193	-0.01671	0	0
1933.00193	-0.01672	0	0
1933.10193	-0.01672	0	0
1933.20193	-0.01673	0	0
1933.30193	-0.01674	0	0
1933.40193	-0.01674	0	0
1933.50193	-0.01675	0	0
1933.60193	-0.01675	0	0
1933.70193	-0.01676	0	0
1933.80193	-0.01676	0	0
1933.90193	-0.01677	0	0
1934.00193	-0.01678	0	0
1934.10193	-0.01678	0	0
1934.20193	-0.01679	0	0
1934.30193	-0.01679	0	0
1934.40193	-0.0168	0	0
1934.50193	-0.0168	0	0
1934.60193	-0.01681	0	0
1934.70193	-0.01681	0	0
1934.80193	-0.01682	0	0
1934.90193	-0.01682	0	0
1935.00194	-0.01683	0	0
1935.10194	-0.01683	0	0
1935.20194	-0.01684	0	0
1935.30194	-0.01684	0	0
1935.40194	-0.01685	0	0
1935.50194	-0.01685	0	0
1935.60194	-0.01686	0	0
1935.70194	-0.01686	0	0
1935.80194	-0.01687	0	0
1935.90194	-0.01687	0	0
1936.00194	-0.01688	0	0
1936.10194	-0.01688	0	0
1936.20194	-0.01689	0	0
1936.30194	-0.01689	0	0
1936.40194	-0.0169	0	0
1936.50194	-0.0169	0	0
1936.60194	-0.01691	0	0
1936.70194	-0.01691	0	0
1936.80194	-0.01691	0	0
1936.90194	-0.01692	0	0
1937.00194	-0.01692	0	0
1937.10194	-0.01693	0	0
1937.20194	-0.01693	0	0
1937.30194	-0.01694	0	0
1937.40194	-0.01694	0	0
1937.50194	-0.01694	0	0
1937.60194	-0.01695	0	0
1937.70194	-0.01695	0	0
1937.80194	-0.01696	0	0
1937.90194	-0.01696	0	0
1938.00194	-0.01696	0	0
1938.10194	-0.01697	0	0
1938.20194	-0.01697	0	0
1938.30194	-0.01697	0	0
1938.40194	-0.01698	0	0
1938.50194	-0.01698	0	0
1938.60194	-0.01699	0	0
1938.70194	-0.01699	0	0
1938.80194	-0.01699	0	0
1938.90194	-0.017	0	0
1939.00194	-0.017	0	0
1939.10194	-0.017	0	0
1939.20194	-0.01701	0	0
1939.30194	-0.01701	0	0
1939.40194	-0.01701	0	0
1939.50194	-0.01702	0	0
1939.60194	-0.01702	0	0
1939.70194	-0.01702	0	0
1939.80194	-0.01703	0	0
1939.90194	-0.01703	0	0
1940.00194	-0.01703	0	0
1940.10194	-0.01703	0	0
1940.20194	-0.01704	0	0
1940.30194	-0.01704	0	0
1940.40194	-0.01704	0	0
1940.50194	-0.01705	0	0
1940.60194	-0.01705	0	0
1940.70194	-0.01705	0	0
1940.80194	-0.01705	0	0
1940.90194	-0.01706	0	0
1941.00194	-0.01706	0	0
1941.10194	-0.01706	0	0
1941.20194	-0.01706	0	0
1941.30194	-0.01707	0	0
1941.40194	-0.01707	0	0
1941.50194	-0.01707	0	0
1941.60194	-0.01707	0	0
1941.70194	-0.01707	0	0
1941.80194	-0.01708	0	0
1941.90194	-0.01708	0	0
1942.00194	-0.01708	0	0
1942.10194	-0.01708	0	0
1942.20194	-0.01709	0	0
1942.30194	-0.01709	0	0
1942.40194	-0.01709	0	0
1942.50194	-0.01709	0	0
1942.60194	-0.01709	0	0
1942.70194	-0.01709	0	0
1942.80194	-0.0171	0	0
1942.90194	-0.0171	0	0
1943.00194	-0.0171	0	0
1943.10194	-0.0171	0	0
1943.20194	-0.0171	0	0
1943.30194	-0.0171	0	0
1943.40194	-0.01711	0	0
1943.50194	-0.01711	0	0
1943.60194	-0.01711	0	0
1943.70194	-0.01711	0	0
1943.80194	-0.01711	0	0
1943.90194	-0.01711	0	0
1944.00194	-0.01711	0	0
1944.10194	-0.01711	0	0
1944.20194	-0.01711	0	0
1944.30194	-0.01712	0	0
1944.40194	-0.01712	0	0
1944.50194	-0.01712	0	0
1944.60194	-0.01712	0	0
1944.70194	-0.01712	0	0
1944.80194	-0.01712	0	0
1944.90194	-0.01712	0	0
1945.00195	-0.01712	0	0
1945.10195	-0.01712	0	0
1945.20195	-0.01712	0	0
1945.30195	-0.01712	0	0
1945.40195	-0.01712	0	0
1945.50195	-0.01712	0	0
1945.60195	-0.01712	0	0
1945.70195	-0.01712	0	0
1945.80195	-0.01712	0	0
1945.90195	-0.01713	0	0
1946.00195	-0.01713	0	0
1946.10195	-0.01713	0	0
1946.20195	-0.01713	0	0
1946.30195	-0.01713	0	0
1946.40195	-0.01713	0	0
1946.50195	-0.01713	0	0
1946.60195	-0.01713	0	0
1946.70195	-0.01713	0	0
1946.80195	-0.01713	0	0
1946.90195	-0.01712	0	0
1947.00195	-0.01712	0	0
1947.10195	-0.01712	0	0
1947.20195	-0.01712	0	0
1947.30195	-0.01712	0	0
1947.40195	-0.01712	0	0
1947.50195	-0.01712	0	0
1947.60195	-0.01712	0	0
1947.70195	-0.01712	0	0
1947.80195	-0.01712	0	0
1947.90195	-0.01712	0	0
1948.00195	-0.01712	0	0
1948.10195	-0.01712	0	0
1948.20195	-0.01712	0	0
1948.30195	-0.01712	0	0
1948.40195	-0.01712	0	0
1948.50195	-0.01711	0	0
1948.60195	-0.01711	0	0
1948.70195	-0.01711	0	0
1948.80195	-0.01711	0	0
1948.90195	-0.01711	0	0
1949.00195	-0.01711	0	0
1949.10195	-0.01711	0	0
1949.20195	-0.01711	0	0
1949.30195	-0.0171	0	0
1949.40195	-0.0171	0	0
1949.50195	-0.0171	0	0
1949.60195	-0.0171	0	0
1949.70195	-0.0171	0	0
1949.80195	-0.0171	0	0
1949.90195	-0.0171	0	0
1950.00195	-0.01709	0	0
1950.10195	-0.01709	0	0
1950.20195	-0.01709	0	0
1950.30195	-0.01709	0	0
1950.40195	-0.01709	0	0
1950.50195	-0.01708	0	0
1950.60195	-0.01708	0	0
1950.70195	-0.01708	0	0
1950.80195	-0.01708	0	0
1950.90195	-0.01708	0	0
1951.00195	-0.01707	0	0
1951.10195	-0.01707	0	0
1951.20195	-0.01707	0	0
1951.30195	-0.01707	0	0
1951.40195	-0.01706	0	0
1951.50195	-0.01706	0	0
1951.60195	-0.01706	0	0
1951.70195	-0.01706	0	0
1951.80195	-0.01705	0	0
1951.90195	-0.01705	0	0
1952.00195	-0.01705	0	0
1952.10195	-0.01705	0	0
1952.20195	-0.01704	0	0
1952.30195	-0.01704	0	0
1952.40195	-0.01704	0	0
1952.50195	-0.01703	0	0
1952.60195	-0.01703	0	0
1952.70195	-0.01703	0	0
1952.80195	-0.01703	0	0
1952.90195	-0.01702	0	0
1953.00195	-0.01702	0	0
1953.10195	-0.01702	0	0
1953.20195	-0.01701	0	0
1953.30195	-0.01701	0	0
1953.40195	-0.01701	0	0
1953.50195	-0.017	0	0
1953.60195	-0.017	0	0
1953.70195	-0.017	0	0
1953.80195	-0.01699	0	0
1953.90195	-0.01699	0	0
1954.00195	-0.01698	0	0
1954.10195	-0.01698	0	0
1954.20195	-0.01698	0	0
1954.30195	-0.01697	0	0
1954.40195	-0.01697	0	0
1954.50195	-0.01696	0	0
1954.60195	-0.01696	0	0
1954.70195	-0.01696	0	0
1954.80195	-0.01695	0	0
1954.90195	-0.01695	0	0
1955.00196	-0.01694	0	0
1955.10196	-0.01694	0	0
1955.20196	-0.01694	0	0
1955.30196	-0.01693	0	0
1955.40196	-0.01693	0	0
1955.50196	-0.01692	0	0
1955.60196	-0.01692	0	0
1955.70196	-0.01691	0	0
1955.80196	-0.01691	0	0
1955.90196	-0.0169	0	0
1956.00196	-0.0169	0	0
1956.10196	-0.01689	0	0
1956.20196	-0.01689	0	0
1956.30196	-0.01688	0	0
1956.40196	-0.01688	0	0
1956.50196	-0.01687	0	0
1956.60196	-0.01687	0	0
1956.70196	-0.01686	0	0
1956.80196	-0.01686	0	0
1956.90196	-0.01685	0	0
1957.00196	-0.01685	0	0
1957.10196	-0.01684	0	0
1957.20196	-0.01684	0	0
1957.30196	-0.01683	0	0
1957.40196	-0.01683	0	0
1957.50196	-0.01682	0	0
1957.60196	-0.01682	0	0
1957.70196	-0.01681	0	0
1957.80196	-0.01681	0	0
1957.90196	-0.0168	0	0
1958.00196	-0.01679	0	0
1958.10196	-0.01679	0	0
1958.20196	-0.01678	0	0
1958.30196	-0.01678	0	0
1958.40196	-0.01677	0	0
1958.50196	-0.01676	0	0
1958.60196	-0.01676	0	0
1958.70196	-0.01675	0	0
1958.80196	-0.01675	0	0
1958.90196	-0.01674	0	0
1959.00196	-0.01673	0	0
1959.10196	-0.01673	0	0
1959.20196	-0.01672	0	0
1959.30196	-0.01672	0	0
1959.40196	-0.01671	0	0
1959.50196	-0.0167	0	0
1959.60196	-0.0167	0	0
1959.70196	-0.01669	0	0
1959.80196	-0.01668	0	0
1959.90196	-0.01668	0	0
1960.00196	-0.01667	0	0
1960.10196	-0.01666	0	0
1960.20196	-0.01666	0	0
1960.30196	-0.01665	0	0
1960.40196	-0.01664	0	0
1960.50196	-0.01663	0	0
1960.60196	-0.01663	0	0
1960.70196	-0.01662	0	0
1960.80196	-0.01661	0	0
1960.90196	-0.01661	0	0
1961.00196	-0.0166	0	0
1961.10196	-0.01659	0	0
1961.20196	-0.01658	0	0
1961.30196	-0.01658	0	0
1961.40196	-0.01657	0	0
1961.50196	-0.01656	0	0
1961.60196	-0.01655	0	0
1961.70196	-0.01655	0	0
1961.80196	-0.01654	0	0
1961.90196	-0.01653	0	0
1962.00196	-0.01652	0	0
1962.10196	-0.01652	0	0
1962.20196	-0.01651	0	0
1962.30196	-0.0165	0	0
1962.40196	-0.01649	0	0
1962.50196	-0.01648	0	0
1962.60196	-0.01648	0	0
1962.70196	-0.01647	0	0
1962.80196	-0.01646	0	0
1962.90196	-0.01645	0	0
1963.00196	-0.01644	0	0
1963.10196	-0.01643	0	0
1963.20196	-0.01643	0	0
1963.30196	-0.01642	0	0
1963.40196	-0.01641	0	0
1963.50196	-0.0164	0	0
1963.60196	-0.01639	0	0
1963.70196	-0.01638	0	0
1963.80196	-0.01638	0	0
1963.90196	-0.01637	0	0
1964.00196	-0.01636	0	0
1964.10196	-0.01635	0	0
1964.20196	-0.01634	0	0
1964.30196	-0.01633	0	0
1964.40196	-0.01632	0	0
1964.50196	-0.01631	0	0
1964.60196	-0.0163	0	0
1964.70196	-0.01629	0	0
1964.80196	-0.01629	0	0
1964.90196	-0.01628	0	0
1965.00197	-0.01627	0	0
1965.10197	-0.01626	0	0
1965.20197	-0.01625	0	0
1965.30197	-0.01624	0	0
1965.40197	-0.01623	0	0
1965.50197	-0.01622	0	0
1965.60197	-0.01621	0	0
1965.70197	-0.0162	0	0
1965.80197	-0.01619	0	0
1965.90197	-0.01618	0	0
1966.00197	-0.01617	0	0
1966.10197	-0.01616	0	0
1966.20197	-0.01615	0	0
1966.30197	-0.01614	0	0
1966.40197	-0.01613	0	0
1966.50197	-0.01612	0	0
1966.60197	-0.01611	0	0
1966.70197	-0.0161	0	0
1966.80197	-0.01609	0	0
1966.90197	-0.01608	0	0
1967.00197	-0.01607	0	0
1967.10197	-0.01606	0	0
1967.20197	-0.01605	0	0
1967.30197	-0.01604	0	0
1967.40197	-0.01603	0	0
1967.50197	-0.01602	0	0
1967.60197	-0.01601	0	0
1967.70197	-0.016	0	0
1967.80197	-0.01599	0	0
1967.90197	-0.01597	0	0
1968.00197	-0.01596	0	0
1968.10197	-0.01595	0	0
1968.20197	-0.01594	0	0
1968.30197	-0.01593	0	0
1968.40197	-0.01592	0	0
1968.50197	-0.01591	0	0
1968.60197	-0.0159	0	0
1968.70197	-0.01589	0	0
1968.80197	-0.01588	0	0
1968.90197	-0.01586	0	0
1969.00197	-0.01585	0	0
1969.10197	-0.01584	0	0
1969.20197	-0.01583	0	0
1969.30197	-0.01582	0	0
1969.40197	-0.01581	0	0
1969.50197	-0.0158	0	0
1969.60197	-0.01578	0	0
1969.70197	-0.01577	0	0
1969.80197	-0.01576	0	0
1969.90197	-0.01575	0	0
1970.00197	-0.01574	0	0
1970.10197	-0.01572	0	0
1970.20197	-0.01571	0	0
1970.30197	-0.0157	0	0
1970.40197	-0.01569	0	0
1970.50197	-0.01568	0	0
1970.60197	-0.01566	0	0
1970.70197	-0.01565	0	0
1970.80197	-0.01564	0	0
1970.90197	-0.01563	0	0
1971.00197	-0.01562	0	0
1971.10197	-0.0156	0	0
1971.20197	-0.01559	0	0
1971.30197	-0.01558	0	0
1971.40197	-0.01557	0	0
1971.50197	-0.01555	0	0
1971.60197	-0.01554	0	0
1971.70197	-0.01553	0	0
1971.80197	-0.01551	0	0
1971.90197	-0.0155	0	0
1972.00197	-0.01549	0	0
1972.10197	-0.01548	0	0
1972.20197	-0.01546	0	0
1972.30197	-0.01545	0	0
1972.40197	-0.01544	0	0
1972.50197	-0.01542	0	0
1972.60197	-0.01541	0	0
1972.70197	-0.0154	0	0
1972.80197	-0.01538	0	0
1972.90197	-0.01537	0	0
1973.00197	-0.01536	0	0
1973.10197	-0.01534	0	0
1973.20197	-0.01533	0	0
1973.30197	-0.01532	0	0
1973.40197	-0.0153	0	0
1973.50197	-0.01529	0	0
1973.60197	-0.01528	0	0
1973.70197	-0.01526	0	0
1973.80197	-0.01525	0	0
1973.90197	-0.01523	0	0
1974.00197	-0.01522	0	0
1974.10197	-0.01521	0	0
1974.20197	-0.01519	0	0
1974.30197	-0.01518	0	0
1974.40197	-0.01516	0	0
1974.50197	-0.01515	0	0
1974.60197	-0.01514	0	0
1974.70197	-0.01512	0	0
1974.80197	-0.01511	0	0
1974.90197	-0.01509	0	0
1975.00198	-0.01508	0	0
1975.10198	-0.01506	0	0
1975.20198	-0.01505	0	0
1975.30198	-0.01503	0	0
1975.40198	-0.01502	0	0
1975.50198	-0.01501	0	0
1975.60198	-0.01499	0	0
1975.70198	-0.01498	0	0
1975.80198	-0.01496	0	0
1975.90198	-0.01495	0	0
1976.00198	-0.01493	0	0
1976.10198	-0.01492	0	0
1976.20198	-0.0149	0	0
1976.30198	-0.01489	0	0
1976.40198	-0.01487	0	0
1976.50198	-0.01486	0	0
1976.60198	-0.01484	0	0
1976.70198	-0.01483	0	0
1976.80198	-0.01481	0	0
1976.90198	-0.0148	0	0
1977.00198	-0.01478	0	0
1977.10198	-0.01476	0	0
1977.20198	-0.01475	0	0
1977.30198	-0.01473	0	0
1977.40198	-0.01472	0	0
1977.50198	-0.0147	0	0
1977.60198	-0.01469	0	0
1977.70198	-0.01467	0	0
1977.80198	-0.01465	0	0
1977.90198	-0.01464	0	0
1978.00198	-0.01462	0	0
1978.10198	-0.01461	0	0
1978.20198	-0.01459	0	0
1978.30198	-0.01458	0	0
1978.40198	-0.01456	0	0
1978.50198	-0.01454	0	0
1978.60198	-0.01453	0	0
1978.70198	-0.01451	0	0
1978.80198	-0.01449	0	0
1978.90198	-0.01448	0	0
1979.00198	-0.01446	0	0
1979.10198	-0.01445	0	0
1979.20198	-0.01443	0	0
1979.30198	-0.01441	0	0
1979.40198	-0.0144	0	0
1979.50198	-0.01438	0	0
1979.60198	-0.01436	0	0
1979.70198	-0.01435	0	0
1979.80198	-0.01433	0	0
1979.90198	-0.01431	0	0
1980.00198	-0.01429	0	0
1980.10198	-0.01428	0	0
1980.20198	-0.01426	0	0
1980.30198	-0.01424	0	0
1980.40198	-0.01423	0	0
1980.50198	-0.01421	0	0
1980.60198	-0.01419	0	0
1980.70198	-0.01418	0	0
1980.80198	-0.01416	0	0
1980.90198	-0.01414	0	0
1981.00198	-0.01412	0	0
1981.10198	-0.01411	0	0
1981.20198	-0.01409	0	0
1981.30198	-0.01407	0	0
1981.40198	-0.01405	0	0
1981.50198	-0.01404	0	0
1981.60198	-0.01402	0	0
1981.70198	-0.014	0	0
1981.80198	-0.01398	0	0
1981.90198	-0.01396	0	0
1982.00198	-0.01395	0	0
1982.10198	-0.01393	0	0
1982.20198	-0.01391	0	0
1982.30198	-0.01389	0	0
1982.40198	-0.01387	0	0
1982.50198	-0.01386	0	0
1982.60198	-0.01384	0	0
1982.70198	-0.01382	0	0
1982.80198	-0.0138	0	0
1982.90198	-0.01378	0	0
1983.00198	-0.01377	0	0
1983.10198	-0.01375	0	0
1983.20198	-0.01373	0	0
1983.30198	-0.01371	0	0
1983.40198	-0.01369	0	0
1983.50198	-0.01367	0	0
1983.60198	-0.01365	0	0
1983.70198	-0.01364	0	0
1983.80198	-0.01362	0	0
1983.90198	-0.0136	0	0
1984.00198	-0.01358	0	0
1984.10198	-0.01356	0	0
1984.20198	-0.01354	0	0
1984.30198	-0.01352	0	0
1984.40198	-0.0135	0	0
1984.50198	-0.01348	0	0
1984.60198	-0.01347	0	0
1984.70198	-0.01345	0	0
1984.80198	-0.01343	0	0
1984.90198	-0.01341	0	0
1985.00199	-0.01339	0	0
1985.10199	-0.01337	0	0
1985.20199	-0.01335	0	0
1985.30199	-0.01333	0	0
1985.40199	-0.01331	0	0
1985.50199	-0.01329	0	0
1985.60199	-0.01327	0	0
1985.70199	-0.01325	0	0
1985.80199	-0.01323	0	0
1985.90199	-0.01321	0	0
1986.00199	-0.01319	0	0
1986.10199	-0.01317	0	0
1986.20199	-0.01315	0	0
1986.30199	-0.01313	0	0
1986.40199	-0.01311	0	0
1986.50199	-0.01309	0	0
1986.60199	-0.01307	0	0
1986.70199	-0.01305	0	0
1986.80199	-0.01303	0	0
1986.90199	-0.01301	0	0
1987.00199	-0.01299	0	0
1987.10199	-0.01297	0	0
1987.20199	-0.01295	0	0
1987.30199	-0.01293	0	0
1987.40199	-0.01291	0	0
1987.50199	-0.01289	0	0
1987.60199	-0.01287	0	0
1987.70199	-0.01285	0	0
1987.80199	-0.01283	0	0
1987.90199	-0.01281	0	0
1988.00199	-0.01279	0	0
1988.10199	-0.01277	0	0
1988.20199	-0.01275	0	0
1988.30199	-0.01273	0	0
1988.40199	-0.0127	0	0
1988.50199	-0.01268	0	0
1988.60199	-0.01266	0	0
1988.70199	-0.01264	0	0
1988.80199	-0.01262	0	0
1988.90199	-0.0126	0	0
1989.00199	-0.01258	0	0
1989.10199	-0.01256	0	0
1989.20199	-0.01254	0	0
1989.30199	-0.01251	0	0
1989.40199	-0.01249	0	0
1989.50199	-0.01247	0	0
1989.60199	-0.01245	0	0
1989.70199	-0.01243	0	0
1989.80199	-0.01241	0	0
1989.90199	-0.01239	0	0
1990.00199	-0.01236	0	0
1990.10199	-0.01234	0	0
1990.20199	-0.01232	0	0
1990.30199	-0.0123	0	0
1990.40199	-0.01228	0	0
1990.50199	-0.01226	0	0
1990.60199	-0.01223	0	0
1990.70199	-0.01221	0	0
1990.80199	-0.01219	0	0
1990.90199	-0.01217	0	0
1991.00199	-0.01215	0	0
1991.10199	-0.01212	0	0
1991.20199	-0.0121	0	0
1991.30199	-0.01208	0	0
1991.40199	-0.01206	0	0
1991.50199	-0.01203	0	0
1991.60199	-0.01201	0	0
1991.70199	-0.01199	0	0
1991.80199	-0.01197	0	0
1991.90199	-0.01195	0	0
1992.00199	-0.01192	0	0
1992.10199	-0.0119	0	0
1992.20199	-0.01188	0	0
1992.30199	-0.01186	0	0
1992.40199	-0.01183	0	0
1992.50199	-0.01181	0	0
1992.60199	-0.01179	0	0
1992.70199	-0.01176	0	0
1992.80199	-0.01174	0	0
1992.90199	-0.01172	0	0
1993.00199	-0.0117	0	0
1993.10199	-0.01167	0	0
1993.20199	-0.01165	0	0
1993.30199	-0.01163	0	0
1993.40199	-0.0116	0	0
1993.50199	-0.01158	0	0
1993.60199	-0.01156	0	0
1993.70199	-0.01153	0	0
1993.80199	-0.01151	0	0
1993.90199	-0.01149	0	0
1994.00199	-0.01146	0	0
1994.10199	-0.01144	0	0
1994.20199	-0.01142	0	0
1994.30199	-0.01139	0	0
1994.40199	-0.01137	0	0
1994.50199	-0.01135	0	0
1994.60199	-0.01132	0	0
1994.70199	-0.0113	0	0
1994.80199	-0.01128	0	0
1994.90199	-0.01125	0	0
1995.002	-0.01123	0	0
1995.102	-0.0112	0	0
1995.202	-0.01118	0	0
1995.302	-0.01116	0	0
1995.402	-0.01113	0	0
1995.502	-0.01111	0	0
1995.602	-0.01108	0	0
1995.702	-0.01106	0	0
1995.802	-0.01104	0	0
1995.902	-0.01101	0	0
1996.002	-0.01099	0	0
1996.102	-0.01096	0	0
1996.202	-0.01094	0	0
1996.302	-0.01091	0	0
1996.402	-0.01089	0	0
1996.502	-0.01087	0	0
1996.602	-0.01084	0	0
1996.702	-0.01082	0	0
1996.802	-0.01079	0	0
1996.902	-0.01077	0	0
1997.002	-0.01074	0	0
1997.102	-0.01072	0	0
1997.202	-0.01069	0	0
1997.302	-0.01067	0	0
1997.402	-0.01064	0	0
1997.502	-0.01062	0	0
1997.602	-0.01059	0	0
1997.702	-0.01057	0	0
1997.802	-0.01054	0	0
1997.902	-0.01052	0	0
1998.002	-0.01049	0	0
1998.102	-0.01047	0	0
1998.202	-0.01044	0	0
1998.302	-0.01042	0	0
1998.402	-0.01039	0	0
1998.502	-0.01037	0	0
1998.602	-0.01034	0	0
1998.702	-0.01032	0	0
1998.802	-0.01029	0	0
1998.902	-0.01027	0	0
1999.002	-0.01024	0	0
1999.102	-0.01022	0	0
1999.202	-0.01019	0	0
1999.302	-0.01017	0	0
1999.402	-0.01014	0	0
1999.502	-0.01011	0	0
1999.602	-0.01009	0	0
1999.702	-0.01006	0	0
1999.802	-0.01004	0	0
1999.902	-0.01001	0	0
2000.002	-0.00999	0	0
2000.102	-0.00996	0	0
2000.202	-0.00993	0	0
2000.302	-0.00991	0	0
2000.402	-0.00988	0	0
2000.502	-0.00986	0	0
2000.602	-0.00983	0	0
2000.702	-0.0098	0	0
2000.802	-0.00978	0	0
2000.902	-0.00975	0	0
2001.002	-0.00973	0	0
2001.102	-0.0097	0	0
2001.202	-0.00967	0	0
2001.302	-0.00965	0	0
2001.402	-0.00962	0	0
2001.502	-0.00959	0	0
2001.602	-0.00957	0	0
2001.702	-0.00954	0	0
2001.802	-0.00951	0	0
2001.902	-0.00949	0	0
2002.002	-0.00946	0	0
2002.102	-0.00943	0	0
2002.202	-0.00941	0	0
2002.302	-0.00938	0	0
2002.402	-0.00935	0	0
2002.502	-0.00933	0	0
2002.602	-0.0093	0	0
2002.702	-0.00927	0	0
2002.802	-0.00925	0	0
2002.902	-0.00922	0	0
2003.002	-0.00919	0	0
2003.102	-0.00917	0	0
2003.202	-0.00914	0	0
2003.302	-0.00911	0	0
2003.402	-0.00909	0	0
2003.502	-0.00906	0	0
2003.602	-0.00903	0	0
2003.702	-0.009	0	0
2003.802	-0.00898	0	0
2003.902	-0.00895	0	0
2004.002	-0.00892	0	0
2004.102	-0.00889	0	0
2004.202	-0.00887	0	0
2004.302	-0.00884	0	0
2004.402	-0.00881	0	0
2004.502	-0.00878	0	0
2004.602	-0.00876	0	0
2004.702	-0.00873	0	0
2004.802	-0.0087	0	0
2004.902	-0.00867	0	0
2005.00201	-0.00865	0	0
2005.10201	-0.00862	0	0
2005.20201	-0.00859	0	0
2005.30201	-0.00856	0	0
2005.40201	-0.00854	0	0
2005.50201	-0.00851	0	0
2005.60201	-0.00848	0	0
2005.70201	-0.00845	0	0
2005.80201	-0.00842	0	0
2005.90201	-0.0084	0	0
2006.00201	-0.00837	0	0
2006.10201	-0.00834	0	0
2006.20201	-0.00831	0	0
2006.30201	-0.00828	0	0
2006.40201	-0.00826	0	0
2006.50201	-0.00823	0	0
2006.60201	-0.0082	0	0
2006.70201	-0.00817	0	0
2006.80201	-0.00814	0	0
2006.90201	-0.00811	0	0
2007.00201	-0.00809	0	0
2007.10201	-0.00806	0	0
2007.20201	-0.00803	0	0
2007.30201	-0.008	0	0
2007.40201	-0.00797	0	0
2007.50201	-0.00794	0	0
2007.60201	-0.00791	0	0
2007.70201	-0.00789	0	0
2007.80201	-0.00786	0	0
2007.90201	-0.00783	0	0
2008.00201	-0.0078	0	0
2008.10201	-0.00777	0	0
2008.20201	-0.00774	0	0
2008.30201	-0.00771	0	0
2008.40201	-0.00768	0	0
2008.50201	-0.00766	0	0
2008.60201	-0.00763	0	0
2008.70201	-0.0076	0	0
2008.80201	-0.00757	0	0
2008.90201	-0.00754	0	0
2009.00201	-0.00751	0	0
2009.10201	-0.00748	0	0
2009.20201	-0.00745	0	0
2009.30201	-0.00742	0	0
2009.40201	-0.00739	0	0
2009.50201	-0.00737	0	0
2009.60201	-0.00734	0	0
2009.70201	-0.00731	0	0
2009.80201	-0.00728	0	0
2009.90201	-0.00725	0	0
2010.00201	-0.00722	0	0
2010.10201	-0.00719	0	0
2010.20201	-0.00716	0	0
2010.30201	-0.00713	0	0
2010.40201	-0.0071	0	0
2010.50201	-0.00707	0	0
2010.60201	-0.00704	0	0
2010.70201	-0.00701	0	0
2010.80201	-0.00698	0	0
2010.90201	-0.00695	0	0
2011.00201	-0.00692	0	0
2011.10201	-0.00689	0	0
2011.20201	-0.00686	0	0
2011.30201	-0.00683	0	0
2011.40201	-0.00681	0	0
2011.50201	-0.00678	0	0
2011.60201	-0.00675	0	0
2011.70201	-0.00672	0	0
2011.80201	-0.00669	0	0
2011.90201	-0.00666	0	0
2012.00201	-0.00663	0	0
2012.10201	-0.0066	0	0
2012.20201	-0.00657	0	0
2012.30201	-0.00654	0	0
2012.40201	-0.00651	0	0
2012.50201	-0.00648	0	0
2012.60201	-0.00645	0	0
2012.70201	-0.00642	0	0
2012.80201	-0.00639	0	0
2012.90201	-0.00635	0	0
2013.00201	-0.00632	0	0
2013.10201	-0.00629	0	0
2013.20201	-0.00626	0	0
2013.30201	-0.00623	0	0
2013.40201	-0.0062	0	0
2013.50201	-0.00617	0	0
2013.60201	-0.00614	0	0
2013.70201	-0.00611	0	0
2013.80201	-0.00608	0	0
2013.90201	-0.00605	0	0
2014.00201	-0.00602	0	0
2014.10201	-0.00599	0	0
2014.20201	-0.00596	0	0
2014.30201	-0.00593	0	0
2014.40201	-0.0059	0	0
2014.50201	-0.00587	0	0
2014.60201	-0.00584	0	0
2014.70201	-0.00581	0	0
2014.80201	-0.00578	0	0
2014.90201	-0.00574	0	0
2015.00202	-0.00571	0	0
2015.10202	-0.00568	0	0
2015.20202	-0.00565	0	0
2015.30202	-0.00562	0	0
2015.40202	-0.00559	0	0
2015.50202	-0.00556	0	0
2015.60202	-0.00553	0	0
2015.70202	-0.0055	0	0
2015.80202	-0.00547	0	0
2015.90202	-0.00544	0	0
2016.00202	-0.0054	0	0
2016.10202	-0.00537	0	0
2016.20202	-0.00534	0	0
2016.30202	-0.00531	0	0
2016.40202	-0.00528	0	0
2016.50202	-0.00525	0	0
2016.60202	-0.00522	0	0
2016.70202	-0.00519	0	0
2016.80202	-0.00516	0	0
2016.90202	-0.00512	0	0
2017.00202	-0.00509	0	0
2017.10202	-0.00506	0	0
2017.20202	-0.00503	0	0
2017.30202	-0.005	0	0
2017.40202	-0.00497	0	0
2017.50202	-0.00494	0	0
2017.60202	-0.0049	0	0
2017.70202	-0.00487	0	0
2017.80202	-0.00484	0	0
2017.90202	-0.00481	0	0
2018.00202	-0.00478	0	0
2018.10202	-0.00475	0	0
2018.20202	-0.00471	0	0
2018.30202	-0.00468	0	0
2018.40202	-0.00465	0	0
2018.50202	-0.00462	0	0
2018.60202	-0.00459	0	0
2018.70202	-0.00456	0	0
2018.80202	-0.00452	0	0
2018.90202	-0.00449	0	0
2019.00202	-0.00446	0	0
2019.10202	-0.00443	0	0
2019.20202	-0.0044	0	0
2019.30202	-0.00437	0	0
2019.40202	-0.00433	0	0
2019.50202	-0.0043	0	0
2019.60202	-0.00427	0	0
2019.70202	-0.00424	0	0
2019.80202	-0.00421	0	0
2019.90202	-0.00417	0	0
2020.00202	-0.00414	0	0
2020.10202	-0.00411	0	0
2020.20202	-0.00408	0	0
2020.30202	-0.00405	0	0
2020.40202	-0.00401	0	0
2020.50202	-0.00398	0	0
2020.60202	-0.00395	0	0
2020.70202	-0.00392	0	0
2020.80202	-0.00388	0	0
2020.90202	-0.00385	0	0
2021.00202	-0.00382	0	0
2021.10202	-0.00379	0	0
2021.20202	-0.00376	0	0
2021.30202	-0.00372	0	0
2021.40202	-0.00369	0	0
2021.50202	-0.00366	0	0
2021.60202	-0.00363	0	0
2021.70202	-0.00359	0	0
2021.80202	-0.00356	0	0
2021.90202	-0.00353	0	0
2022.00202	-0.0035	0	0
2022.10202	-0.00346	0	0
2022.20202	-0.00343	0	0
2022.30202	-0.0034	0	0
2022.40202	-0.00337	0	0
2022.50202	-0.00333	0	0
2022.60202	-0.0033	0	0
2022.70202	-0.00327	0	0
2022.80202	-0.00324	0	0
2022.90202	-0.0032	0	0
2023.00202	-0.00317	0	0
2023.10202	-0.00314	0	0
2023.20202	-0.00311	0	0
2023.30202	-0.00307	0	0
2023.40202	-0.00304	0	0
2023.50202	-0.00301	0	0
2023.60202	-0.00298	0	0
2023.70202	-0.00294	0	0
2023.80202	-0.00291	0	0
2023.90202	-0.00288	0	0
2024.00202	-0.00284	0	0
2024.10202	-0.00281	0	0
2024.20202	-0.00278	0	0
2024.30202	-0.00275	0	0
2024.40202	-0.00271	0	0
2024.50202	-0.00268	0	0
2024.60202	-0.00265	0	0
2024.70202	-0.00261	0	0
2024.80202	-0.00258	0	0
2024.90202	-0.00255	0	0
2025.00203	-0.00251	0	0
2025.10203	-0.00248	0	0
2025.20203	-0.00245	0	0
2025.30203	-0.00242	0	0
2025.40203	-0.00238	0	0
2025.50203	-0.00235	0	0
2025.60203	-0.00232	0	0
2025.70203	-0.00228	0	0
2025.80203	-0.00225	0	0
2025.90203	-0.00222	0	0
2026.00203	-0.00218	0	0
2026.10203	-0.00215	0	0
2026.20203	-0.00212	0	0
2026.30203	-0.00208	0	0
2026.40203	-0.00205	0	0
2026.50203	-0.00202	0	0
2026.60203	-0.00198	0	0
2026.70203	-0.00195	0	0
2026.80203	-0.00192	0	0
2026.90203	-0.00188	0	0
2027.00203	-0.00185	0	0
2027.10203	-0.00182	0	0
2027.20203	-0.00178	0	0
2027.30203	-0.00175	0	0
2027.40203	-0.00172	0	0
2027.50203	-0.00168	0	0
2027.60203	-0.00165	0	0
2027.70203	-0.00162	0	0
2027.80203	-0.00158	0	0
2027.90203	-0.00155	0	0
2028.00203	-0.00152	0	0
2028.10203	-0.00148	0	0
2028.20203	-0.00145	0	0
2028.30203	-0.00142	0	0
2028.40203	-0.00138	0	0
2028.50203	-0.00135	0	0
2028.60203	-0.00132	0	0
2028.70203	-0.00128	0	0
2028.80203	-0.00125	0	0
2028.90203	-0.00122	0	0
2029.00203	-0.00118	0	0
2029.10203	-0.00115	0	0
2029.20203	-0.00111	0	0
2029.30203	-0.00108	0	0
2029.40203	-0.00105	0	0
2029.50203	-0.00101	0	0
2029.60203	-9.79957E-4	0	0
2029.70203	-9.4627E-4	0	0
2029.80203	-9.12571E-4	0	0
2029.90203	-8.78859E-4	0	0
2030.00203	-8.45136E-4	0	0
2030.10203	-8.11401E-4	0	0
2030.20203	-7.77654E-4	0	0
2030.30203	-7.43896E-4	0	0
2030.40203	-7.10127E-4	0	0
2030.50203	-6.76346E-4	0	0
2030.60203	-6.42553E-4	0	0
2030.70203	-6.0875E-4	0	0
2030.80203	-5.74936E-4	0	0
2030.90203	-5.41111E-4	0	0
2031.00203	-5.07274E-4	0	0
2031.10203	-4.73428E-4	0	0
2031.20203	-4.3957E-4	0	0
2031.30203	-4.05703E-4	0	0
2031.40203	-3.71825E-4	0	0
2031.50203	-3.37936E-4	0	0
2031.60203	-3.04038E-4	0	0
2031.70203	-2.70129E-4	0	0
2031.80203	-2.36211E-4	0	0
2031.90203	-2.02282E-4	0	0
2032.00203	-1.68344E-4	0	0
2032.10203	-1.34397E-4	0	0
2032.20203	-1.00439E-4	0	0
2032.30203	-6.64729E-5	0	0
2032.40203	-3.24971E-5	0	0
2032.50203	1.48791E-6	0	0
2032.60203	3.54819E-5	0	0
2032.70203	6.94849E-5	0	0
2032.80203	1.03497E-4	0	0
2032.90203	1.37517E-4	0	0
2033.00203	1.71546E-4	0	0
2033.10203	2.05584E-4	0	0
2033.20203	2.3963E-4	0	0
2033.30203	2.73685E-4	0	0
2033.40203	3.07747E-4	0	0
2033.50203	3.41818E-4	0	0
2033.60203	3.75896E-4	0	0
2033.70203	4.09983E-4	0	0
2033.80203	4.44077E-4	0	0
2033.90203	4.78179E-4	0	0
2034.00203	5.12289E-4	0	0
2034.10203	5.46405E-4	0	0
2034.20203	5.80529E-4	0	0
2034.30203	6.14661E-4	0	0
2034.40203	6.48799E-4	0	0
2034.50203	6.82945E-4	0	0
2034.60203	7.17097E-4	0	0
2034.70203	7.51256E-4	0	0
2034.80203	7.85422E-4	0	0
2034.90203	8.19594E-4	0	0
2035.00204	8.53773E-4	0	0
2035.10204	8.87958E-4	0	0
2035.20204	9.22149E-4	0	0
2035.30204	9.56347E-4	0	0
2035.40204	9.9055E-4	0	0
2035.50204	0.00102	0	0
2035.60204	0.00106	0	0
2035.70204	0.00109	0	0
2035.80204	0.00113	0	0
2035.90204	0.00116	0	0
2036.00204	0.0012	0	0
2036.10204	0.00123	0	0
2036.20204	0.00126	0	0
2036.30204	0.0013	0	0
2036.40204	0.00133	0	0
2036.50204	0.00137	0	0
2036.60204	0.0014	0	0
2036.70204	0.00144	0	0
2036.80204	0.00147	0	0
2036.90204	0.0015	0	0
2037.00204	0.00154	0	0
2037.10204	0.00157	0	0
2037.20204	0.00161	0	0
2037.30204	0.00164	0	0
2037.40204	0.00168	0	0
2037.50204	0.00171	0	0
2037.60204	0.00174	0	0
2037.70204	0.00178	0	0
2037.80204	0.00181	0	0
2037.90204	0.00185	0	0
2038.00204	0.00188	0	0
2038.10204	0.00192	0	0
2038.20204	0.00195	0	0
2038.30204	0.00198	0	0
2038.40204	0.00202	0	0
2038.50204	0.00205	0	0
2038.60204	0.00209	0	0
2038.70204	0.00212	0	0
2038.80204	0.00216	0	0
2038.90204	0.00219	0	0
2039.00204	0.00222	0	0
2039.10204	0.00226	0	0
2039.20204	0.00229	0	0
2039.30204	0.00233	0	0
2039.40204	0.00236	0	0
2039.50204	0.0024	0	0
2039.60204	0.00243	0	0
2039.70204	0.00247	0	0
2039.80204	0.0025	0	0
2039.90204	0.00253	0	0
2040.00204	0.00257	0	0
2040.10204	0.0026	0	0
2040.20204	0.00264	0	0
2040.30204	0.00267	0	0
2040.40204	0.00271	0	0
2040.50204	0.00274	0	0
2040.60204	0.00277	0	0
2040.70204	0.00281	0	0
2040.80204	0.00284	0	0
2040.90204	0.00288	0	0
2041.00204	0.00291	0	0
2041.10204	0.00295	0	0
2041.20204	0.00298	0	0
2041.30204	0.00302	0	0
2041.40204	0.00305	0	0
2041.50204	0.00308	0	0
2041.60204	0.00312	0	0
2041.70204	0.00315	0	0
2041.80204	0.00319	0	0
2041.90204	0.00322	0	0
2042.00204	0.00326	0	0
2042.10204	0.00329	0	0
2042.20204	0.00332	0	0
2042.30204	0.00336	0	0
2042.40204	0.00339	0	0
2042.50204	0.00343	0	0
2042.60204	0.00346	0	0
2042.70204	0.0035	0	0
2042.80204	0.00353	0	0
2042.90204	0.00356	0	0
2043.00204	0.0036	0	0
2043.10204	0.00363	0	0
2043.20204	0.00367	0	0
2043.30204	0.0037	0	0
2043.40204	0.00374	0	0
2043.50204	0.00377	0	0
2043.60204	0.00381	0	0
2043.70204	0.00384	0	0
2043.80204	0.00387	0	0
2043.90204	0.00391	0	0
2044.00204	0.00394	0	0
2044.10204	0.00398	0	0
2044.20204	0.00401	0	0
2044.30204	0.00405	0	0
2044.40204	0.00408	0	0
2044.50204	0.00411	0	0
2044.60204	0.00415	0	0
2044.70204	0.00418	0	0
2044.80204	0.00422	0	0
2044.90204	0.00425	0	0
2045.00205	0.00429	0	0
2045.10205	0.00432	0	0
2045.20205	0.00435	0	0
2045.30205	0.00439	0	0
2045.40205	0.00442	0	0
2045.50205	0.00446	0	0
2045.60205	0.00449	0	0
2045.70205	0.00453	0	0
2045.80205	0.00456	0	0
2045.90205	0.00459	0	0
2046.00205	0.00463	0	0
2046.10205	0.00466	0	0
2046.20205	0.0047	0	0
2046.30205	0.00473	0	0
2046.40205	0.00476	0	0
2046.50205	0.0048	0	0
2046.60205	0.00483	0	0
2046.70205	0.00487	0	0
2046.80205	0.0049	0	0
2046.90205	0.00494	0	0
2047.00205	0.00497	0	0
2047.10205	0.005	0	0
2047.20205	0.00504	0	0
2047.30205	0.00507	0	0
2047.40205	0.00511	0	0
2047.50205	0.00514	0	0
2047.60205	0.00517	0	0
2047.70205	0.00521	0	0
2047.80205	0.00524	0	0
2047.90205	0.00528	0	0
2048.00205	0.00531	0	0
2048.10205	0.00534	0	0
2048.20205	0.00538	0	0
2048.30205	0.00541	0	0
2048.40205	0.00545	0	0
2048.50205	0.00548	0	0
2048.60205	0.00551	0	0
2048.70205	0.00555	0	0
2048.80205	0.00558	0	0
2048.90205	0.00562	0	0
2049.00205	0.00565	0	0
2049.10205	0.00568	0	0
2049.20205	0.00572	0	0
2049.30205	0.00575	0	0
2049.40205	0.00579	0	0
2049.50205	0.00582	0	0
2049.60205	0.00585	0	0
2049.70205	0.00589	0	0
2049.80205	0.00592	0	0
2049.90205	0.00596	0	0
2050.00205	0.00599	0	0
2050.10205	0.00602	0	0
2050.20205	0.00606	0	0
2050.30205	0.00609	0	0
2050.40205	0.00613	0	0
2050.50205	0.00616	0	0
2050.60205	0.00619	0	0
2050.70205	0.00623	0	0
2050.80205	0.00626	0	0
2050.90205	0.00629	0	0
2051.00205	0.00633	0	0
2051.10205	0.00636	0	0
2051.20205	0.0064	0	0
2051.30205	0.00643	0	0
2051.40205	0.00646	0	0
2051.50205	0.0065	0	0
2051.60205	0.00653	0	0
2051.70205	0.00656	0	0
2051.80205	0.0066	0	0
2051.90205	0.00663	0	0
2052.00205	0.00667	0	0
2052.10205	0.0067	0	0
2052.20205	0.00673	0	0
2052.30205	0.00677	0	0
2052.40205	0.0068	0	0
2052.50205	0.00683	0	0
2052.60205	0.00687	0	0
2052.70205	0.0069	0	0
2052.80205	0.00693	0	0
2052.90205	0.00697	0	0
2053.00205	0.007	0	0
2053.10205	0.00704	0	0
2053.20205	0.00707	0	0
2053.30205	0.0071	0	0
2053.40205	0.00714	0	0
2053.50205	0.00717	0	0
2053.60205	0.0072	0	0
2053.70205	0.00724	0	0
2053.80205	0.00727	0	0
2053.90205	0.0073	0	0
2054.00205	0.00734	0	0
2054.10205	0.00737	0	0
2054.20205	0.0074	0	0
2054.30205	0.00744	0	0
2054.40205	0.00747	0	0
2054.50205	0.0075	0	0
2054.60205	0.00754	0	0
2054.70205	0.00757	0	0
2054.80205	0.0076	0	0
2054.90205	0.00764	0	0
2055.00206	0.00767	0	0
2055.10206	0.0077	0	0
2055.20206	0.00774	0	0
2055.30206	0.00777	0	0
2055.40206	0.0078	0	0
2055.50206	0.00784	0	0
2055.60206	0.00787	0	0
2055.70206	0.0079	0	0
2055.80206	0.00793	0	0
2055.90206	0.00797	0	0
2056.00206	0.008	0	0
2056.10206	0.00803	0	0
2056.20206	0.00807	0	0
2056.30206	0.0081	0	0
2056.40206	0.00813	0	0
2056.50206	0.00817	0	0
2056.60206	0.0082	0	0
2056.70206	0.00823	0	0
2056.80206	0.00827	0	0
2056.90206	0.0083	0	0
2057.00206	0.00833	0	0
2057.10206	0.00836	0	0
2057.20206	0.0084	0	0
2057.30206	0.00843	0	0
2057.40206	0.00846	0	0
2057.50206	0.0085	0	0
2057.60206	0.00853	0	0
2057.70206	0.00856	0	0
2057.80206	0.00859	0	0
2057.90206	0.00863	0	0
2058.00206	0.00866	0	0
2058.10206	0.00869	0	0
2058.20206	0.00872	0	0
2058.30206	0.00876	0	0
2058.40206	0.00879	0	0
2058.50206	0.00882	0	0
2058.60206	0.00885	0	0
2058.70206	0.00889	0	0
2058.80206	0.00892	0	0
2058.90206	0.00895	0	0
2059.00206	0.00899	0	0
2059.10206	0.00902	0	0
2059.20206	0.00905	0	0
2059.30206	0.00908	0	0
2059.40206	0.00912	0	0
2059.50206	0.00915	0	0
2059.60206	0.00918	0	0
2059.70206	0.00921	0	0
2059.80206	0.00924	0	0
2059.90206	0.00928	0	0
2060.00206	0.00931	0	0
2060.10206	0.00934	0	0
2060.20206	0.00937	0	0
2060.30206	0.00941	0	0
2060.40206	0.00944	0	0
2060.50206	0.00947	0	0
2060.60206	0.0095	0	0
2060.70206	0.00953	0	0
2060.80206	0.00957	0	0
2060.90206	0.0096	0	0
2061.00206	0.00963	0	0
2061.10206	0.00966	0	0
2061.20206	0.0097	0	0
2061.30206	0.00973	0	0
2061.40206	0.00976	0	0
2061.50206	0.00979	0	0
2061.60206	0.00982	0	0
2061.70206	0.00986	0	0
2061.80206	0.00989	0	0
2061.90206	0.00992	0	0
2062.00206	0.00995	0	0
2062.10206	0.00998	0	0
2062.20206	0.01001	0	0
2062.30206	0.01005	0	0
2062.40206	0.01008	0	0
2062.50206	0.01011	0	0
2062.60206	0.01014	0	0
2062.70206	0.01017	0	0
2062.80206	0.01021	0	0
2062.90206	0.01024	0	0
2063.00206	0.01027	0	0
2063.10206	0.0103	0	0
2063.20206	0.01033	0	0
2063.30206	0.01036	0	0
2063.40206	0.0104	0	0
2063.50206	0.01043	0	0
2063.60206	0.01046	0	0
2063.70206	0.01049	0	0
2063.80206	0.01052	0	0
2063.90206	0.01055	0	0
2064.00206	0.01058	0	0
2064.10206	0.01062	0	0
2064.20206	0.01065	0	0
2064.30206	0.01068	0	0
2064.40206	0.01071	0	0
2064.50206	0.01074	0	0
2064.60206	0.01077	0	0
2064.70206	0.0108	0	0
2064.80206	0.01083	0	0
2064.90206	0.01087	0	0
2065.00207	0.0109	0	0
2065.10207	0.01093	0	0
2065.20207	0.01096	0	0
2065.30207	0.01099	0	0
2065.40207	0.01102	0	0
2065.50207	0.01105	0	0
2065.60207	0.01108	0	0
2065.70207	0.01111	0	0
2065.80207	0.01114	0	0
2065.90207	0.01118	0	0
2066.00207	0.01121	0	0
2066.10207	0.01124	0	0
2066.20207	0.01127	0	0
2066.30207	0.0113	0	0
2066.40207	0.01133	0	0
2066.50207	0.01136	0	0
2066.60207	0.01139	0	0
2066.70207	0.01142	0	0
2066.80207	0.01145	0	0
2066.90207	0.01148	0	0
2067.00207	0.01151	0	0
2067.10207	0.01154	0	0
2067.20207	0.01157	0	0
2067.30207	0.0116	0	0
2067.40207	0.01164	0	0
2067.50207	0.01167	0	0
2067.60207	0.0117	0	0
2067.70207	0.01173	0	0
2067.80207	0.01176	0	0
2067.90207	0.01179	0	0
2068.00207	0.01182	0	0
2068.10207	0.01185	0	0
2068.20207	0.01188	0	0
2068.30207	0.01191	0	0
2068.40207	0.01194	0	0
2068.50207	0.01197	0	0
2068.60207	0.012	0	0
2068.70207	0.01203	0	0
2068.80207	0.01206	0	0
2068.90207	0.01209	0	0
2069.00207	0.01212	0	0
2069.10207	0.01215	0	0
2069.20207	0.01218	0	0
2069.30207	0.01221	0	0
2069.40207	0.01224	0	0
2069.50207	0.01227	0	0
2069.60207	0.0123	0	0
2069.70207	0.01233	0	0
2069.80207	0.01236	0	0
2069.90207	0.01239	0	0
2070.00207	0.01242	0	0
2070.10207	0.01245	0	0
2070.20207	0.01248	0	0
2070.30207	0.01251	0	0
2070.40207	0.01254	0	0
2070.50207	0.01257	0	0
2070.60207	0.01259	0	0
2070.70207	0.01262	0	0
2070.80207	0.01265	0	0
2070.90207	0.01268	0	0
2071.00207	0.01271	0	0
2071.10207	0.01274	0	0
2071.20207	0.01277	0	0
2071.30207	0.0128	0	0
2071.40207	0.01283	0	0
2071.50207	0.01286	0	0
2071.60207	0.01289	0	0
2071.70207	0.01292	0	0
2071.80207	0.01295	0	0
2071.90207	0.01298	0	0
2072.00207	0.013	0	0
2072.10207	0.01303	0	0
2072.20207	0.01306	0	0
2072.30207	0.01309	0	0
2072.40207	0.01312	0	0
2072.50207	0.01315	0	0
2072.60207	0.01318	0	0
2072.70207	0.01321	0	0
2072.80207	0.01324	0	0
2072.90207	0.01326	0	0
2073.00207	0.01329	0	0
2073.10207	0.01332	0	0
2073.20207	0.01335	0	0
2073.30207	0.01338	0	0
2073.40207	0.01341	0	0
2073.50207	0.01344	0	0
2073.60207	0.01346	0	0
2073.70207	0.01349	0	0
2073.80207	0.01352	0	0
2073.90207	0.01355	0	0
2074.00207	0.01358	0	0
2074.10207	0.01361	0	0
2074.20207	0.01364	0	0
2074.30207	0.01366	0	0
2074.40207	0.01369	0	0
2074.50207	0.01372	0	0
2074.60207	0.01375	0	0
2074.70207	0.01378	0	0
2074.80207	0.0138	0	0
2074.90207	0.01383	0	0
2075.00208	0.01386	0	0
2075.10208	0.01389	0	0
2075.20208	0.01392	0	0
2075.30208	0.01394	0	0
2075.40208	0.01397	0	0
2075.50208	0.014	0	0
2075.60208	0.01403	0	0
2075.70208	0.01406	0	0
2075.80208	0.01408	0	0
2075.90208	0.01411	0	0
2076.00208	0.01414	0	0
2076.10208	0.01417	0	0
2076.20208	0.01419	0	0
2076.30208	0.01422	0	0
2076.40208	0.01425	0	0
2076.50208	0.01428	0	0
2076.60208	0.0143	0	0
2076.70208	0.01433	0	0
2076.80208	0.01436	0	0
2076.90208	0.01439	0	0
2077.00208	0.01441	0	0
2077.10208	0.01444	0	0
2077.20208	0.01447	0	0
2077.30208	0.01449	0	0
2077.40208	0.01452	0	0
2077.50208	0.01455	0	0
2077.60208	0.01458	0	0
2077.70208	0.0146	0	0
2077.80208	0.01463	0	0
2077.90208	0.01466	0	0
2078.00208	0.01468	0	0
2078.10208	0.01471	0	0
2078.20208	0.01474	0	0
2078.30208	0.01476	0	0
2078.40208	0.01479	0	0
2078.50208	0.01482	0	0
2078.60208	0.01484	0	0
2078.70208	0.01487	0	0
2078.80208	0.0149	0	0
2078.90208	0.01492	0	0
2079.00208	0.01495	0	0
2079.10208	0.01498	0	0
2079.20208	0.015	0	0
2079.30208	0.01503	0	0
2079.40208	0.01506	0	0
2079.50208	0.01508	0	0
2079.60208	0.01511	0	0
2079.70208	0.01513	0	0
2079.80208	0.01516	0	0
2079.90208	0.01519	0	0
2080.00208	0.01521	0	0
2080.10208	0.01524	0	0
2080.20208	0.01527	0	0
2080.30208	0.01529	0	0
2080.40208	0.01532	0	0
2080.50208	0.01534	0	0
2080.60208	0.01537	0	0
2080.70208	0.01539	0	0
2080.80208	0.01542	0	0
2080.90208	0.01545	0	0
2081.00208	0.01547	0	0
2081.10208	0.0155	0	0
2081.20208	0.01552	0	0
2081.30208	0.01555	0	0
2081.40208	0.01557	0	0
2081.50208	0.0156	0	0
2081.60208	0.01563	0	0
2081.70208	0.01565	0	0
2081.80208	0.01568	0	0
2081.90208	0.0157	0	0
2082.00208	0.01573	0	0
2082.10208	0.01575	0	0
2082.20208	0.01578	0	0
2082.30208	0.0158	0	0
2082.40208	0.01583	0	0
2082.50208	0.01585	0	0
2082.60208	0.01588	0	0
2082.70208	0.0159	0	0
2082.80208	0.01593	0	0
2082.90208	0.01595	0	0
2083.00208	0.01598	0	0
2083.10208	0.016	0	0
2083.20208	0.01603	0	0
2083.30208	0.01605	0	0
2083.40208	0.01608	0	0
2083.50208	0.0161	0	0
2083.60208	0.01613	0	0
2083.70208	0.01615	0	0
2083.80208	0.01617	0	0
2083.90208	0.0162	0	0
2084.00208	0.01622	0	0
2084.10208	0.01625	0	0
2084.20208	0.01627	0	0
2084.30208	0.0163	0	0
2084.40208	0.01632	0	0
2084.50208	0.01635	0	0
2084.60208	0.01637	0	0
2084.70208	0.01639	0	0
2084.80208	0.01642	0	0
2084.90208	0.01644	0	0
2085.00209	0.01647	0	0
2085.10209	0.01649	0	0
2085.20209	0.01651	0	0
2085.30209	0.01654	0	0
2085.40209	0.01656	0	0
2085.50209	0.01658	0	0
2085.60209	0.01661	0	0
2085.70209	0.01663	0	0
2085.80209	0.01666	0	0
2085.90209	0.01668	0	0
2086.00209	0.0167	0	0
2086.10209	0.01673	0	0
2086.20209	0.01675	0	0
2086.30209	0.01677	0	0
2086.40209	0.0168	0	0
2086.50209	0.01682	0	0
2086.60209	0.01684	0	0
2086.70209	0.01687	0	0
2086.80209	0.01689	0	0
2086.90209	0.01691	0	0
2087.00209	0.01694	0	0
2087.10209	0.01696	0	0
2087.20209	0.01698	0	0
2087.30209	0.017	0	0
2087.40209	0.01703	0	0
2087.50209	0.01705	0	0
2087.60209	0.01707	0	0
2087.70209	0.0171	0	0
2087.80209	0.01712	0	0
2087.90209	0.01714	0	0
2088.00209	0.01716	0	0
2088.10209	0.01719	0	0
2088.20209	0.01721	0	0
2088.30209	0.01723	0	0
2088.40209	0.01725	0	0
2088.50209	0.01728	0	0
2088.60209	0.0173	0	0
2088.70209	0.01732	0	0
2088.80209	0.01734	0	0
2088.90209	0.01737	0	0
2089.00209	0.01739	0	0
2089.10209	0.01741	0	0
2089.20209	0.01743	0	0
2089.30209	0.01745	0	0
2089.40209	0.01748	0	0
2089.50209	0.0175	0	0
2089.60209	0.01752	0	0
2089.70209	0.01754	0	0
2089.80209	0.01756	0	0
2089.90209	0.01759	0	0
2090.00209	0.01761	0	0
2090.10209	0.01763	0	0
2090.20209	0.01765	0	0
2090.30209	0.01767	0	0
2090.40209	0.01769	0	0
2090.50209	0.01771	0	0
2090.60209	0.01774	0	0
2090.70209	0.01776	0	0
2090.80209	0.01778	0	0
2090.90209	0.0178	0	0
2091.00209	0.01782	0	0
2091.10209	0.01784	0	0
2091.20209	0.01786	0	0
2091.30209	0.01788	0	0
2091.40209	0.01791	0	0
2091.50209	0.01793	0	0
2091.60209	0.01795	0	0
2091.70209	0.01797	0	0
2091.80209	0.01799	0	0
2091.90209	0.01801	0	0
2092.00209	0.01803	0	0
2092.10209	0.01805	0	0
2092.20209	0.01807	0	0
2092.30209	0.01809	0	0
2092.40209	0.01811	0	0
2092.50209	0.01813	0	0
2092.60209	0.01815	0	0
2092.70209	0.01817	0	0
2092.80209	0.01819	0	0
2092.90209	0.01822	0	0
2093.00209	0.01824	0	0
2093.10209	0.01826	0	0
2093.20209	0.01828	0	0
2093.30209	0.0183	0	0
2093.40209	0.01832	0	0
2093.50209	0.01834	0	0
2093.60209	0.01836	0	0
2093.70209	0.01838	0	0
2093.80209	0.0184	0	0
2093.90209	0.01842	0	0
2094.00209	0.01843	0	0
2094.10209	0.01845	0	0
2094.20209	0.01847	0	0
2094.30209	0.01849	0	0
2094.40209	0.01851	0	0
2094.50209	0.01853	0	0
2094.60209	0.01855	0	0
2094.70209	0.01857	0	0
2094.80209	0.01859	0	0
2094.90209	0.01861	0	0
2095.0021	0.01863	0	0
2095.1021	0.01865	0	0
2095.2021	0.01867	0	0
2095.3021	0.01869	0	0
2095.4021	0.01871	0	0
2095.5021	0.01872	0	0
2095.6021	0.01874	0	0
2095.7021	0.01876	0	0
2095.8021	0.01878	0	0
2095.9021	0.0188	0	0
2096.0021	0.01882	0	0
2096.1021	0.01884	0	0
2096.2021	0.01886	0	0
2096.3021	0.01887	0	0
2096.4021	0.01889	0	0
2096.5021	0.01891	0	0
2096.6021	0.01893	0	0
2096.7021	0.01895	0	0
2096.8021	0.01897	0	0
2096.9021	0.01899	0	0
2097.0021	0.019	0	0
2097.1021	0.01902	0	0
2097.2021	0.01904	0	0
2097.3021	0.01906	0	0
2097.4021	0.01908	0	0
2097.5021	0.01909	0	0
2097.6021	0.01911	0	0
2097.7021	0.01913	0	0
2097.8021	0.01915	0	0
2097.9021	0.01916	0	0
2098.0021	0.01918	0	0
2098.1021	0.0192	0	0
2098.2021	0.01922	0	0
2098.3021	0.01924	0	0
2098.4021	0.01925	0	0
2098.5021	0.01927	0	0
2098.6021	0.01929	0	0
2098.7021	0.0193	0	0
2098.8021	0.01932	0	0
2098.9021	0.01934	0	0
2099.0021	0.01936	0	0
2099.1021	0.01937	0	0
2099.2021	0.01939	0	0
2099.3021	0.01941	0	0
2099.4021	0.01942	0	0
2099.5021	0.01944	0	0
2099.6021	0.01946	0	0
2099.7021	0.01947	0	0
2099.8021	0.01949	0	0
2099.9021	0.01951	0	0
2100.0021	0.01952	0	0
2100.1021	0.01954	0	0
2100.2021	0.01956	0	0
2100.3021	0.01957	0	0
2100.4021	0.01959	0	0
2100.5021	0.01961	0	0
2100.6021	0.01962	0	0
2100.7021	0.01964	0	0
2100.8021	0.01966	0	0
2100.9021	0.01967	0	0
2101.0021	0.01969	0	0
2101.1021	0.0197	0	0
2101.2021	0.01972	0	0
2101.3021	0.01974	0	0
2101.4021	0.01975	0	0
2101.5021	0.01977	0	0
2101.6021	0.01978	0	0
2101.7021	0.0198	0	0
2101.8021	0.01981	0	0
2101.9021	0.01983	0	0
2102.0021	0.01985	0	0
2102.1021	0.01986	0	0
2102.2021	0.01988	0	0
2102.3021	0.01989	0	0
2102.4021	0.01991	0	0
2102.5021	0.01992	0	0
2102.6021	0.01994	0	0
2102.7021	0.01995	0	0
2102.8021	0.01997	0	0
2102.9021	0.01998	0	0
2103.0021	0.02	0	0
2103.1021	0.02001	0	0
2103.2021	0.02003	0	0
2103.3021	0.02004	0	0
2103.4021	0.02006	0	0
2103.5021	0.02007	0	0
2103.6021	0.02009	0	0
2103.7021	0.0201	0	0
2103.8021	0.02012	0	0
2103.9021	0.02013	0	0
2104.0021	0.02015	0	0
2104.1021	0.02016	0	0
2104.2021	0.02017	0	0
2104.3021	0.02019	0	0
2104.4021	0.0202	0	0
2104.5021	0.02022	0	0
2104.6021	0.02023	0	0
2104.7021	0.02025	0	0
2104.8021	0.02026	0	0
2104.9021	0.02027	0	0
2105.00211	0.02029	0	0
2105.10211	0.0203	0	0
2105.20211	0.02031	0	0
2105.30211	0.02033	0	0
2105.40211	0.02034	0	0
2105.50211	0.02036	0	0
2105.60211	0.02037	0	0
2105.70211	0.02038	0	0
2105.80211	0.0204	0	0
2105.90211	0.02041	0	0
2106.00211	0.02042	0	0
2106.10211	0.02044	0	0
2106.20211	0.02045	0	0
2106.30211	0.02046	0	0
2106.40211	0.02048	0	0
2106.50211	0.02049	0	0
2106.60211	0.0205	0	0
2106.70211	0.02051	0	0
2106.80211	0.02053	0	0
2106.90211	0.02054	0	0
2107.00211	0.02055	0	0
2107.10211	0.02057	0	0
2107.20211	0.02058	0	0
2107.30211	0.02059	0	0
2107.40211	0.0206	0	0
2107.50211	0.02062	0	0
2107.60211	0.02063	0	0
2107.70211	0.02064	0	0
2107.80211	0.02065	0	0
2107.90211	0.02067	0	0
2108.00211	0.02068	0	0
2108.10211	0.02069	0	0
2108.20211	0.0207	0	0
2108.30211	0.02071	0	0
2108.40211	0.02073	0	0
2108.50211	0.02074	0	0
2108.60211	0.02075	0	0
2108.70211	0.02076	0	0
2108.80211	0.02077	0	0
2108.90211	0.02079	0	0
2109.00211	0.0208	0	0
2109.10211	0.02081	0	0
2109.20211	0.02082	0	0
2109.30211	0.02083	0	0
2109.40211	0.02084	0	0
2109.50211	0.02085	0	0
2109.60211	0.02087	0	0
2109.70211	0.02088	0	0
2109.80211	0.02089	0	0
2109.90211	0.0209	0	0
2110.00211	0.02091	0	0
2110.10211	0.02092	0	0
2110.20211	0.02093	0	0
2110.30211	0.02094	0	0
2110.40211	0.02095	0	0
2110.50211	0.02097	0	0
2110.60211	0.02098	0	0
2110.70211	0.02099	0	0
2110.80211	0.021	0	0
2110.90211	0.02101	0	0
2111.00211	0.02102	0	0
2111.10211	0.02103	0	0
2111.20211	0.02104	0	0
2111.30211	0.02105	0	0
2111.40211	0.02106	0	0
2111.50211	0.02107	0	0
2111.60211	0.02108	0	0
2111.70211	0.02109	0	0
2111.80211	0.0211	0	0
2111.90211	0.02111	0	0
2112.00211	0.02112	0	0
2112.10211	0.02113	0	0
2112.20211	0.02114	0	0
2112.30211	0.02115	0	0
2112.40211	0.02116	0	0
2112.50211	0.02117	0	0
2112.60211	0.02118	0	0
2112.70211	0.02119	0	0
2112.80211	0.0212	0	0
2112.90211	0.02121	0	0
2113.00211	0.02122	0	0
2113.10211	0.02123	0	0
2113.20211	0.02124	0	0
2113.30211	0.02124	0	0
2113.40211	0.02125	0	0
2113.50211	0.02126	0	0
2113.60211	0.02127	0	0
2113.70211	0.02128	0	0
2113.80211	0.02129	0	0
2113.90211	0.0213	0	0
2114.00211	0.02131	0	0
2114.10211	0.02132	0	0
2114.20211	0.02132	0	0
2114.30211	0.02133	0	0
2114.40211	0.02134	0	0
2114.50211	0.02135	0	0
2114.60211	0.02136	0	0
2114.70211	0.02137	0	0
2114.80211	0.02138	0	0
2114.90211	0.02138	0	0
2115.00212	0.02139	0	0
2115.10212	0.0214	0	0
2115.20212	0.02141	0	0
2115.30212	0.02142	0	0
2115.40212	0.02142	0	0
2115.50212	0.02143	0	0
2115.60212	0.02144	0	0
2115.70212	0.02145	0	0
2115.80212	0.02146	0	0
2115.90212	0.02146	0	0
2116.00212	0.02147	0	0
2116.10212	0.02148	0	0
2116.20212	0.02149	0	0
2116.30212	0.02149	0	0
2116.40212	0.0215	0	0
2116.50212	0.02151	0	0
2116.60212	0.02152	0	0
2116.70212	0.02152	0	0
2116.80212	0.02153	0	0
2116.90212	0.02154	0	0
2117.00212	0.02154	0	0
2117.10212	0.02155	0	0
2117.20212	0.02156	0	0
2117.30212	0.02157	0	0
2117.40212	0.02157	0	0
2117.50212	0.02158	0	0
2117.60212	0.02159	0	0
2117.70212	0.02159	0	0
2117.80212	0.0216	0	0
2117.90212	0.02161	0	0
2118.00212	0.02161	0	0
2118.10212	0.02162	0	0
2118.20212	0.02162	0	0
2118.30212	0.02163	0	0
2118.40212	0.02164	0	0
2118.50212	0.02164	0	0
2118.60212	0.02165	0	0
2118.70212	0.02166	0	0
2118.80212	0.02166	0	0
2118.90212	0.02167	0	0
2119.00212	0.02167	0	0
2119.10212	0.02168	0	0
2119.20212	0.02169	0	0
2119.30212	0.02169	0	0
2119.40212	0.0217	0	0
2119.50212	0.0217	0	0
2119.60212	0.02171	0	0
2119.70212	0.02171	0	0
2119.80212	0.02172	0	0
2119.90212	0.02172	0	0
2120.00212	0.02173	0	0
2120.10212	0.02173	0	0
2120.20212	0.02174	0	0
2120.30212	0.02175	0	0
2120.40212	0.02175	0	0
2120.50212	0.02176	0	0
2120.60212	0.02176	0	0
2120.70212	0.02177	0	0
2120.80212	0.02177	0	0
2120.90212	0.02177	0	0
2121.00212	0.02178	0	0
2121.10212	0.02178	0	0
2121.20212	0.02179	0	0
2121.30212	0.02179	0	0
2121.40212	0.0218	0	0
2121.50212	0.0218	0	0
2121.60212	0.02181	0	0
2121.70212	0.02181	0	0
2121.80212	0.02182	0	0
2121.90212	0.02182	0	0
2122.00212	0.02182	0	0
2122.10212	0.02183	0	0
2122.20212	0.02183	0	0
2122.30212	0.02184	0	0
2122.40212	0.02184	0	0
2122.50212	0.02184	0	0
2122.60212	0.02185	0	0
2122.70212	0.02185	0	0
2122.80212	0.02185	0	0
2122.90212	0.02186	0	0
2123.00212	0.02186	0	0
2123.10212	0.02187	0	0
2123.20212	0.02187	0	0
2123.30212	0.02187	0	0
2123.40212	0.02188	0	0
2123.50212	0.02188	0	0
2123.60212	0.02188	0	0
2123.70212	0.02189	0	0
2123.80212	0.02189	0	0
2123.90212	0.02189	0	0
2124.00212	0.02189	0	0
2124.10212	0.0219	0	0
2124.20212	0.0219	0	0
2124.30212	0.0219	0	0
2124.40212	0.02191	0	0
2124.50212	0.02191	0	0
2124.60212	0.02191	0	0
2124.70212	0.02191	0	0
2124.80212	0.02192	0	0
2124.90212	0.02192	0	0
2125.00213	0.02192	0	0
2125.10213	0.02192	0	0
2125.20213	0.02193	0	0
2125.30213	0.02193	0	0
2125.40213	0.02193	0	0
2125.50213	0.02193	0	0
2125.60213	0.02193	0	0
2125.70213	0.02194	0	0
2125.80213	0.02194	0	0
2125.90213	0.02194	0	0
2126.00213	0.02194	0	0
2126.10213	0.02194	0	0
2126.20213	0.02195	0	0
2126.30213	0.02195	0	0
2126.40213	0.02195	0	0
2126.50213	0.02195	0	0
2126.60213	0.02195	0	0
2126.70213	0.02195	0	0
2126.80213	0.02195	0	0
2126.90213	0.02196	0	0
2127.00213	0.02196	0	0
2127.10213	0.02196	0	0
2127.20213	0.02196	0	0
2127.30213	0.02196	0	0
2127.40213	0.02196	0	0
2127.50213	0.02196	0	0
2127.60213	0.02196	0	0
2127.70213	0.02196	0	0
2127.80213	0.02197	0	0
2127.90213	0.02197	0	0
2128.00213	0.02197	0	0
2128.10213	0.02197	0	0
2128.20213	0.02197	0	0
2128.30213	0.02197	0	0
2128.40213	0.02197	0	0
2128.50213	0.02197	0	0
2128.60213	0.02197	0	0
2128.70213	0.02197	0	0
2128.80213	0.02197	0	0
2128.90213	0.02197	0	0
2129.00213	0.02197	0	0
2129.10213	0.02197	0	0
2129.20213	0.02197	0	0
2129.30213	0.02197	0	0
2129.40213	0.02197	0	0
2129.50213	0.02197	0	0
2129.60213	0.02197	0	0
2129.70213	0.02197	0	0
2129.80213	0.02197	0	0
2129.90213	0.02197	0	0
2130.00213	0.02197	0	0
2130.10213	0.02197	0	0
2130.20213	0.02197	0	0
2130.30213	0.02197	0	0
2130.40213	0.02197	0	0
2130.50213	0.02197	0	0
2130.60213	0.02196	0	0
2130.70213	0.02196	0	0
2130.80213	0.02196	0	0
2130.90213	0.02196	0	0
2131.00213	0.02196	0	0
2131.10213	0.02196	0	0
2131.20213	0.02196	0	0
2131.30213	0.02196	0	0
2131.40213	0.02196	0	0
2131.50213	0.02195	0	0
2131.60213	0.02195	0	0
2131.70213	0.02195	0	0
2131.80213	0.02195	0	0
2131.90213	0.02195	0	0
2132.00213	0.02195	0	0
2132.10213	0.02195	0	0
2132.20213	0.02194	0	0
2132.30213	0.02194	0	0
2132.40213	0.02194	0	0
2132.50213	0.02194	0	0
2132.60213	0.02194	0	0
2132.70213	0.02193	0	0
2132.80213	0.02193	0	0
2132.90213	0.02193	0	0
2133.00213	0.02193	0	0
2133.10213	0.02193	0	0
2133.20213	0.02192	0	0
2133.30213	0.02192	0	0
2133.40213	0.02192	0	0
2133.50213	0.02192	0	0
2133.60213	0.02191	0	0
2133.70213	0.02191	0	0
2133.80213	0.02191	0	0
2133.90213	0.02191	0	0
2134.00213	0.0219	0	0
2134.10213	0.0219	0	0
2134.20213	0.0219	0	0
2134.30213	0.02189	0	0
2134.40213	0.02189	0	0
2134.50213	0.02189	0	0
2134.60213	0.02189	0	0
2134.70213	0.02188	0	0
2134.80213	0.02188	0	0
2134.90213	0.02188	0	0
2135.00214	0.02187	0	0
2135.10214	0.02187	0	0
2135.20214	0.02187	0	0
2135.30214	0.02186	0	0
2135.40214	0.02186	0	0
2135.50214	0.02186	0	0
2135.60214	0.02185	0	0
2135.70214	0.02185	0	0
2135.80214	0.02184	0	0
2135.90214	0.02184	0	0
2136.00214	0.02184	0	0
2136.10214	0.02183	0	0
2136.20214	0.02183	0	0
2136.30214	0.02182	0	0
2136.40214	0.02182	0	0
2136.50214	0.02182	0	0
2136.60214	0.02181	0	0
2136.70214	0.02181	0	0
2136.80214	0.0218	0	0
2136.90214	0.0218	0	0
2137.00214	0.0218	0	0
2137.10214	0.02179	0	0
2137.20214	0.02179	0	0
2137.30214	0.02178	0	0
2137.40214	0.02178	0	0
2137.50214	0.02177	0	0
2137.60214	0.02177	0	0
2137.70214	0.02176	0	0
2137.80214	0.02176	0	0
2137.90214	0.02175	0	0
2138.00214	0.02175	0	0
2138.10214	0.02174	0	0
2138.20214	0.02174	0	0
2138.30214	0.02173	0	0
2138.40214	0.02173	0	0
2138.50214	0.02172	0	0
2138.60214	0.02172	0	0
2138.70214	0.02171	0	0
2138.80214	0.02171	0	0
2138.90214	0.0217	0	0
2139.00214	0.0217	0	0
2139.10214	0.02169	0	0
2139.20214	0.02168	0	0
2139.30214	0.02168	0	0
2139.40214	0.02167	0	0
2139.50214	0.02167	0	0
2139.60214	0.02166	0	0
2139.70214	0.02166	0	0
2139.80214	0.02165	0	0
2139.90214	0.02164	0	0
2140.00214	0.02164	0	0
2140.10214	0.02163	0	0
2140.20214	0.02163	0	0
2140.30214	0.02162	0	0
2140.40214	0.02161	0	0
2140.50214	0.02161	0	0
2140.60214	0.0216	0	0
2140.70214	0.02159	0	0
2140.80214	0.02159	0	0
2140.90214	0.02158	0	0
2141.00214	0.02157	0	0
2141.10214	0.02157	0	0
2141.20214	0.02156	0	0
2141.30214	0.02155	0	0
2141.40214	0.02155	0	0
2141.50214	0.02154	0	0
2141.60214	0.02153	0	0
2141.70214	0.02153	0	0
2141.80214	0.02152	0	0
2141.90214	0.02151	0	0
2142.00214	0.02151	0	0
2142.10214	0.0215	0	0
2142.20214	0.02149	0	0
2142.30214	0.02148	0	0
2142.40214	0.02148	0	0
2142.50214	0.02147	0	0
2142.60214	0.02146	0	0
2142.70214	0.02145	0	0
2142.80214	0.02145	0	0
2142.90214	0.02144	0	0
2143.00214	0.02143	0	0
2143.10214	0.02142	0	0
2143.20214	0.02142	0	0
2143.30214	0.02141	0	0
2143.40214	0.0214	0	0
2143.50214	0.02139	0	0
2143.60214	0.02138	0	0
2143.70214	0.02138	0	0
2143.80214	0.02137	0	0
2143.90214	0.02136	0	0
2144.00214	0.02135	0	0
2144.10214	0.02134	0	0
2144.20214	0.02134	0	0
2144.30214	0.02133	0	0
2144.40214	0.02132	0	0
2144.50214	0.02131	0	0
2144.60214	0.0213	0	0
2144.70214	0.02129	0	0
2144.80214	0.02128	0	0
2144.90214	0.02128	0	0
2145.00215	0.02127	0	0
2145.10215	0.02126	0	0
2145.20215	0.02125	0	0
2145.30215	0.02124	0	0
2145.40215	0.02123	0	0
2145.50215	0.02122	0	0
2145.60215	0.02121	0	0
2145.70215	0.02121	0	0
2145.80215	0.0212	0	0
2145.90215	0.02119	0	0
2146.00215	0.02118	0	0
2146.10215	0.02117	0	0
2146.20215	0.02116	0	0
2146.30215	0.02115	0	0
2146.40215	0.02114	0	0
2146.50215	0.02113	0	0
2146.60215	0.02112	0	0
2146.70215	0.02111	0	0
2146.80215	0.0211	0	0
2146.90215	0.02109	0	0
2147.00215	0.02108	0	0
2147.10215	0.02107	0	0
2147.20215	0.02106	0	0
2147.30215	0.02105	0	0
2147.40215	0.02104	0	0
2147.50215	0.02103	0	0
2147.60215	0.02102	0	0
2147.70215	0.02101	0	0
2147.80215	0.021	0	0
2147.90215	0.02099	0	0
2148.00215	0.02098	0	0
2148.10215	0.02097	0	0
2148.20215	0.02096	0	0
2148.30215	0.02095	0	0
2148.40215	0.02094	0	0
2148.50215	0.02093	0	0
2148.60215	0.02092	0	0
2148.70215	0.02091	0	0
2148.80215	0.0209	0	0
2148.90215	0.02089	0	0
2149.00215	0.02088	0	0
2149.10215	0.02087	0	0
2149.20215	0.02086	0	0
2149.30215	0.02085	0	0
2149.40215	0.02083	0	0
2149.50215	0.02082	0	0
2149.60215	0.02081	0	0
2149.70215	0.0208	0	0
2149.80215	0.02079	0	0
2149.90215	0.02078	0	0
2150.00215	0.02077	0	0
2150.10215	0.02076	0	0
2150.20215	0.02075	0	0
2150.30215	0.02073	0	0
2150.40215	0.02072	0	0
2150.50215	0.02071	0	0
2150.60215	0.0207	0	0
2150.70215	0.02069	0	0
2150.80215	0.02068	0	0
2150.90215	0.02067	0	0
2151.00215	0.02065	0	0
2151.10215	0.02064	0	0
2151.20215	0.02063	0	0
2151.30215	0.02062	0	0
2151.40215	0.02061	0	0
2151.50215	0.02059	0	0
2151.60215	0.02058	0	0
2151.70215	0.02057	0	0
2151.80215	0.02056	0	0
2151.90215	0.02055	0	0
2152.00215	0.02053	0	0
2152.10215	0.02052	0	0
2152.20215	0.02051	0	0
2152.30215	0.0205	0	0
2152.40215	0.02049	0	0
2152.50215	0.02047	0	0
2152.60215	0.02046	0	0
2152.70215	0.02045	0	0
2152.80215	0.02044	0	0
2152.90215	0.02042	0	0
2153.00215	0.02041	0	0
2153.10215	0.0204	0	0
2153.20215	0.02038	0	0
2153.30215	0.02037	0	0
2153.40215	0.02036	0	0
2153.50215	0.02035	0	0
2153.60215	0.02033	0	0
2153.70215	0.02032	0	0
2153.80215	0.02031	0	0
2153.90215	0.02029	0	0
2154.00215	0.02028	0	0
2154.10215	0.02027	0	0
2154.20215	0.02025	0	0
2154.30215	0.02024	0	0
2154.40215	0.02023	0	0
2154.50215	0.02022	0	0
2154.60215	0.0202	0	0
2154.70215	0.02019	0	0
2154.80215	0.02017	0	0
2154.90215	0.02016	0	0
2155.00216	0.02015	0	0
2155.10216	0.02013	0	0
2155.20216	0.02012	0	0
2155.30216	0.02011	0	0
2155.40216	0.02009	0	0
2155.50216	0.02008	0	0
2155.60216	0.02007	0	0
2155.70216	0.02005	0	0
2155.80216	0.02004	0	0
2155.90216	0.02002	0	0
2156.00216	0.02001	0	0
2156.10216	0.02	0	0
2156.20216	0.01998	0	0
2156.30216	0.01997	0	0
2156.40216	0.01995	0	0
2156.50216	0.01994	0	0
2156.60216	0.01992	0	0
2156.70216	0.01991	0	0
2156.80216	0.0199	0	0
2156.90216	0.01988	0	0
2157.00216	0.01987	0	0
2157.10216	0.01985	0	0
2157.20216	0.01984	0	0
2157.30216	0.01982	0	0
2157.40216	0.01981	0	0
2157.50216	0.01979	0	0
2157.60216	0.01978	0	0
2157.70216	0.01976	0	0
2157.80216	0.01975	0	0
2157.90216	0.01974	0	0
2158.00216	0.01972	0	0
2158.10216	0.01971	0	0
2158.20216	0.01969	0	0
2158.30216	0.01968	0	0
2158.40216	0.01966	0	0
2158.50216	0.01965	0	0
2158.60216	0.01963	0	0
2158.70216	0.01961	0	0
2158.80216	0.0196	0	0
2158.90216	0.01958	0	0
2159.00216	0.01957	0	0
2159.10216	0.01955	0	0
2159.20216	0.01954	0	0
2159.30216	0.01952	0	0
2159.40216	0.01951	0	0
2159.50216	0.01949	0	0
2159.60216	0.01948	0	0
2159.70216	0.01946	0	0
2159.80216	0.01945	0	0
2159.90216	0.01943	0	0
2160.00216	0.01941	0	0
2160.10216	0.0194	0	0
2160.20216	0.01938	0	0
2160.30216	0.01937	0	0
2160.40216	0.01935	0	0
2160.50216	0.01933	0	0
2160.60216	0.01932	0	0
2160.70216	0.0193	0	0
2160.80216	0.01929	0	0
2160.90216	0.01927	0	0
2161.00216	0.01925	0	0
2161.10216	0.01924	0	0
2161.20216	0.01922	0	0
2161.30216	0.01921	0	0
2161.40216	0.01919	0	0
2161.50216	0.01917	0	0
2161.60216	0.01916	0	0
2161.70216	0.01914	0	0
2161.80216	0.01912	0	0
2161.90216	0.01911	0	0
2162.00216	0.01909	0	0
2162.10216	0.01907	0	0
2162.20216	0.01906	0	0
2162.30216	0.01904	0	0
2162.40216	0.01902	0	0
2162.50216	0.01901	0	0
2162.60216	0.01899	0	0
2162.70216	0.01897	0	0
2162.80216	0.01896	0	0
2162.90216	0.01894	0	0
2163.00216	0.01892	0	0
2163.10216	0.01891	0	0
2163.20216	0.01889	0	0
2163.30216	0.01887	0	0
2163.40216	0.01885	0	0
2163.50216	0.01884	0	0
2163.60216	0.01882	0	0
2163.70216	0.0188	0	0
2163.80216	0.01879	0	0
2163.90216	0.01877	0	0
2164.00216	0.01875	0	0
2164.10216	0.01873	0	0
2164.20216	0.01872	0	0
2164.30216	0.0187	0	0
2164.40216	0.01868	0	0
2164.50216	0.01866	0	0
2164.60216	0.01865	0	0
2164.70216	0.01863	0	0
2164.80216	0.01861	0	0
2164.90216	0.01859	0	0
2165.00217	0.01858	0	0
2165.10217	0.01856	0	0
2165.20217	0.01854	0	0
2165.30217	0.01852	0	0
2165.40217	0.0185	0	0
2165.50217	0.01849	0	0
2165.60217	0.01847	0	0
2165.70217	0.01845	0	0
2165.80217	0.01843	0	0
2165.90217	0.01841	0	0
2166.00217	0.0184	0	0
2166.10217	0.01838	0	0
2166.20217	0.01836	0	0
2166.30217	0.01834	0	0
2166.40217	0.01832	0	0
2166.50217	0.0183	0	0
2166.60217	0.01829	0	0
2166.70217	0.01827	0	0
2166.80217	0.01825	0	0
2166.90217	0.01823	0	0
2167.00217	0.01821	0	0
2167.10217	0.01819	0	0
2167.20217	0.01818	0	0
2167.30217	0.01816	0	0
2167.40217	0.01814	0	0
2167.50217	0.01812	0	0
2167.60217	0.0181	0	0
2167.70217	0.01808	0	0
2167.80217	0.01806	0	0
2167.90217	0.01804	0	0
2168.00217	0.01803	0	0
2168.10217	0.01801	0	0
2168.20217	0.01799	0	0
2168.30217	0.01797	0	0
2168.40217	0.01795	0	0
2168.50217	0.01793	0	0
2168.60217	0.01791	0	0
2168.70217	0.01789	0	0
2168.80217	0.01787	0	0
2168.90217	0.01786	0	0
2169.00217	0.01784	0	0
2169.10217	0.01782	0	0
2169.20217	0.0178	0	0
2169.30217	0.01778	0	0
2169.40217	0.01776	0	0
2169.50217	0.01774	0	0
2169.60217	0.01772	0	0
2169.70217	0.0177	0	0
2169.80217	0.01768	0	0
2169.90217	0.01766	0	0
2170.00217	0.01764	0	0
2170.10217	0.01762	0	0
2170.20217	0.0176	0	0
2170.30217	0.01758	0	0
2170.40217	0.01756	0	0
2170.50217	0.01754	0	0
2170.60217	0.01752	0	0
2170.70217	0.01751	0	0
2170.80217	0.01749	0	0
2170.90217	0.01747	0	0
2171.00217	0.01745	0	0
2171.10217	0.01743	0	0
2171.20217	0.01741	0	0
2171.30217	0.01739	0	0
2171.40217	0.01737	0	0
2171.50217	0.01735	0	0
2171.60217	0.01733	0	0
2171.70217	0.01731	0	0
2171.80217	0.01729	0	0
2171.90217	0.01727	0	0
2172.00217	0.01725	0	0
2172.10217	0.01723	0	0
2172.20217	0.01721	0	0
2172.30217	0.01718	0	0
2172.40217	0.01716	0	0
2172.50217	0.01714	0	0
2172.60217	0.01712	0	0
2172.70217	0.0171	0	0
2172.80217	0.01708	0	0
2172.90217	0.01706	0	0
2173.00217	0.01704	0	0
2173.10217	0.01702	0	0
2173.20217	0.017	0	0
2173.30217	0.01698	0	0
2173.40217	0.01696	0	0
2173.50217	0.01694	0	0
2173.60217	0.01692	0	0
2173.70217	0.0169	0	0
2173.80217	0.01688	0	0
2173.90217	0.01686	0	0
2174.00217	0.01684	0	0
2174.10217	0.01682	0	0
2174.20217	0.01679	0	0
2174.30217	0.01677	0	0
2174.40217	0.01675	0	0
2174.50217	0.01673	0	0
2174.60217	0.01671	0	0
2174.70217	0.01669	0	0
2174.80217	0.01667	0	0
2174.90217	0.01665	0	0
2175.00218	0.01663	0	0
2175.10218	0.01661	0	0
2175.20218	0.01658	0	0
2175.30218	0.01656	0	0
2175.40218	0.01654	0	0
2175.50218	0.01652	0	0
2175.60218	0.0165	0	0
2175.70218	0.01648	0	0
2175.80218	0.01646	0	0
2175.90218	0.01644	0	0
2176.00218	0.01641	0	0
2176.10218	0.01639	0	0
2176.20218	0.01637	0	0
2176.30218	0.01635	0	0
2176.40218	0.01633	0	0
2176.50218	0.01631	0	0
2176.60218	0.01629	0	0
2176.70218	0.01626	0	0
2176.80218	0.01624	0	0
2176.90218	0.01622	0	0
2177.00218	0.0162	0	0
2177.10218	0.01618	0	0
2177.20218	0.01616	0	0
2177.30218	0.01613	0	0
2177.40218	0.01611	0	0
2177.50218	0.01609	0	0
2177.60218	0.01607	0	0
2177.70218	0.01605	0	0
2177.80218	0.01603	0	0
2177.90218	0.016	0	0
2178.00218	0.01598	0	0
2178.10218	0.01596	0	0
2178.20218	0.01594	0	0
2178.30218	0.01592	0	0
2178.40218	0.01589	0	0
2178.50218	0.01587	0	0
2178.60218	0.01585	0	0
2178.70218	0.01583	0	0
2178.80218	0.01581	0	0
2178.90218	0.01578	0	0
2179.00218	0.01576	0	0
2179.10218	0.01574	0	0
2179.20218	0.01572	0	0
2179.30218	0.0157	0	0
2179.40218	0.01567	0	0
2179.50218	0.01565	0	0
2179.60218	0.01563	0	0
2179.70218	0.01561	0	0
2179.80218	0.01558	0	0
2179.90218	0.01556	0	0
2180.00218	0.01554	0	0
2180.10218	0.01552	0	0
2180.20218	0.01549	0	0
2180.30218	0.01547	0	0
2180.40218	0.01545	0	0
2180.50218	0.01543	0	0
2180.60218	0.0154	0	0
2180.70218	0.01538	0	0
2180.80218	0.01536	0	0
2180.90218	0.01534	0	0
2181.00218	0.01531	0	0
2181.10218	0.01529	0	0
2181.20218	0.01527	0	0
2181.30218	0.01525	0	0
2181.40218	0.01522	0	0
2181.50218	0.0152	0	0
2181.60218	0.01518	0	0
2181.70218	0.01516	0	0
2181.80218	0.01513	0	0
2181.90218	0.01511	0	0
2182.00218	0.01509	0	0
2182.10218	0.01506	0	0
2182.20218	0.01504	0	0
2182.30218	0.01502	0	0
2182.40218	0.015	0	0
2182.50218	0.01497	0	0
2182.60218	0.01495	0	0
2182.70218	0.01493	0	0
2182.80218	0.0149	0	0
2182.90218	0.01488	0	0
2183.00218	0.01486	0	0
2183.10218	0.01483	0	0
2183.20218	0.01481	0	0
2183.30218	0.01479	0	0
2183.40218	0.01476	0	0
2183.50218	0.01474	0	0
2183.60218	0.01472	0	0
2183.70218	0.0147	0	0
2183.80218	0.01467	0	0
2183.90218	0.01465	0	0
2184.00218	0.01463	0	0
2184.10218	0.0146	0	0
2184.20218	0.01458	0	0
2184.30218	0.01456	0	0
2184.40218	0.01453	0	0
2184.50218	0.01451	0	0
2184.60218	0.01449	0	0
2184.70218	0.01446	0	0
2184.80218	0.01444	0	0
2184.90218	0.01442	0	0
2185.00219	0.01439	0	0
2185.10219	0.01437	0	0
2185.20219	0.01434	0	0
2185.30219	0.01432	0	0
2185.40219	0.0143	0	0
2185.50219	0.01427	0	0
2185.60219	0.01425	0	0
2185.70219	0.01423	0	0
2185.80219	0.0142	0	0
2185.90219	0.01418	0	0
2186.00219	0.01416	0	0
2186.10219	0.01413	0	0
2186.20219	0.01411	0	0
2186.30219	0.01409	0	0
2186.40219	0.01406	0	0
2186.50219	0.01404	0	0
2186.60219	0.01401	0	0
2186.70219	0.01399	0	0
2186.80219	0.01397	0	0
2186.90219	0.01394	0	0
2187.00219	0.01392	0	0
2187.10219	0.0139	0	0
2187.20219	0.01387	0	0
2187.30219	0.01385	0	0
2187.40219	0.01382	0	0
2187.50219	0.0138	0	0
2187.60219	0.01378	0	0
2187.70219	0.01375	0	0
2187.80219	0.01373	0	0
2187.90219	0.0137	0	0
2188.00219	0.01368	0	0
2188.10219	0.01366	0	0
2188.20219	0.01363	0	0
2188.30219	0.01361	0	0
2188.40219	0.01358	0	0
2188.50219	0.01356	0	0
2188.60219	0.01354	0	0
2188.70219	0.01351	0	0
2188.80219	0.01349	0	0
2188.90219	0.01346	0	0
2189.00219	0.01344	0	0
2189.10219	0.01342	0	0
2189.20219	0.01339	0	0
2189.30219	0.01337	0	0
2189.40219	0.01334	0	0
2189.50219	0.01332	0	0
2189.60219	0.01329	0	0
2189.70219	0.01327	0	0
2189.80219	0.01325	0	0
2189.90219	0.01322	0	0
2190.00219	0.0132	0	0
2190.10219	0.01317	0	0
2190.20219	0.01315	0	0
2190.30219	0.01312	0	0
2190.40219	0.0131	0	0
2190.50219	0.01308	0	0
2190.60219	0.01305	0	0
2190.70219	0.01303	0	0
2190.80219	0.013	0	0
2190.90219	0.01298	0	0
2191.00219	0.01295	0	0
2191.10219	0.01293	0	0
2191.20219	0.01291	0	0
2191.30219	0.01288	0	0
2191.40219	0.01286	0	0
2191.50219	0.01283	0	0
2191.60219	0.01281	0	0
2191.70219	0.01278	0	0
2191.80219	0.01276	0	0
2191.90219	0.01273	0	0
2192.00219	0.01271	0	0
2192.10219	0.01268	0	0
2192.20219	0.01266	0	0
2192.30219	0.01264	0	0
2192.40219	0.01261	0	0
2192.50219	0.01259	0	0
2192.60219	0.01256	0	0
2192.70219	0.01254	0	0
2192.80219	0.01251	0	0
2192.90219	0.01249	0	0
2193.00219	0.01246	0	0
2193.10219	0.01244	0	0
2193.20219	0.01241	0	0
2193.30219	0.01239	0	0
2193.40219	0.01236	0	0
2193.50219	0.01234	0	0
2193.60219	0.01232	0	0
2193.70219	0.01229	0	0
2193.80219	0.01227	0	0
2193.90219	0.01224	0	0
2194.00219	0.01222	0	0
2194.10219	0.01219	0	0
2194.20219	0.01217	0	0
2194.30219	0.01214	0	0
2194.40219	0.01212	0	0
2194.50219	0.01209	0	0
2194.60219	0.01207	0	0
2194.70219	0.01204	0	0
2194.80219	0.01202	0	0
2194.90219	0.01199	0	0
2195.0022	0.01197	0	0
2195.1022	0.01194	0	0
2195.2022	0.01192	0	0
2195.3022	0.01189	0	0
2195.4022	0.01187	0	0
2195.5022	0.01184	0	0
2195.6022	0.01182	0	0
2195.7022	0.01179	0	0
2195.8022	0.01177	0	0
2195.9022	0.01174	0	0
2196.0022	0.01172	0	0
2196.1022	0.01169	0	0
2196.2022	0.01167	0	0
2196.3022	0.01164	0	0
2196.4022	0.01162	0	0
2196.5022	0.01159	0	0
2196.6022	0.01157	0	0
2196.7022	0.01154	0	0
2196.8022	0.01152	0	0
2196.9022	0.01149	0	0
2197.0022	0.01147	0	0
2197.1022	0.01144	0	0
2197.2022	0.01142	0	0
2197.3022	0.01139	0	0
2197.4022	0.01137	0	0
2197.5022	0.01134	0	0
2197.6022	0.01132	0	0
2197.7022	0.01129	0	0
2197.8022	0.01127	0	0
2197.9022	0.01124	0	0
2198.0022	0.01122	0	0
2198.1022	0.01119	0	0
2198.2022	0.01117	0	0
2198.3022	0.01114	0	0
2198.4022	0.01112	0	0
2198.5022	0.01109	0	0
2198.6022	0.01107	0	0
2198.7022	0.01104	0	0
2198.8022	0.01102	0	0
2198.9022	0.01099	0	0
2199.0022	0.01097	0	0
2199.1022	0.01094	0	0
2199.2022	0.01092	0	0
2199.3022	0.01089	0	0
2199.4022	0.01087	0	0
2199.5022	0.01084	0	0
2199.6022	0.01082	0	0
2199.7022	0.01079	0	0
2199.8022	0.01077	0	0
2199.9022	0.01074	0	0
2200.0022	0.01072	0	0
2200.1022	0.01069	0	0
2200.2022	0.01067	0	0
2200.3022	0.01064	0	0
2200.4022	0.01062	0	0
2200.5022	0.01059	0	0
2200.6022	0.01057	0	0
2200.7022	0.01054	0	0
2200.8022	0.01052	0	0
2200.9022	0.01049	0	0
2201.0022	0.01046	0	0
2201.1022	0.01044	0	0
2201.2022	0.01041	0	0
2201.3022	0.01039	0	0
2201.4022	0.01036	0	0
2201.5022	0.01034	0	0
2201.6022	0.01031	0	0
2201.7022	0.01029	0	0
2201.8022	0.01026	0	0
2201.9022	0.01024	0	0
2202.0022	0.01021	0	0
2202.1022	0.01019	0	0
2202.2022	0.01016	0	0
2202.3022	0.01014	0	0
2202.4022	0.01011	0	0
2202.5022	0.01009	0	0
2202.6022	0.01006	0	0
2202.7022	0.01004	0	0
2202.8022	0.01001	0	0
2202.9022	0.00999	0	0
2203.0022	0.00996	0	0
2203.1022	0.00993	0	0
2203.2022	0.00991	0	0
2203.3022	0.00988	0	0
2203.4022	0.00986	0	0
2203.5022	0.00983	0	0
2203.6022	0.00981	0	0
2203.7022	0.00978	0	0
2203.8022	0.00976	0	0
2203.9022	0.00973	0	0
2204.0022	0.00971	0	0
2204.1022	0.00968	0	0
2204.2022	0.00966	0	0
2204.3022	0.00963	0	0
2204.4022	0.00961	0	0
2204.5022	0.00958	0	0
2204.6022	0.00956	0	0
2204.7022	0.00953	0	0
2204.8022	0.00951	0	0
2204.9022	0.00948	0	0
2205.00221	0.00946	0	0
2205.10221	0.00943	0	0
2205.20221	0.0094	0	0
2205.30221	0.00938	0	0
2205.40221	0.00935	0	0
2205.50221	0.00933	0	0
2205.60221	0.0093	0	0
2205.70221	0.00928	0	0
2205.80221	0.00925	0	0
2205.90221	0.00923	0	0
2206.00221	0.0092	0	0
2206.10221	0.00918	0	0
2206.20221	0.00915	0	0
2206.30221	0.00913	0	0
2206.40221	0.0091	0	0
2206.50221	0.00908	0	0
2206.60221	0.00905	0	0
2206.70221	0.00903	0	0
2206.80221	0.009	0	0
2206.90221	0.00898	0	0
2207.00221	0.00895	0	0
2207.10221	0.00893	0	0
2207.20221	0.0089	0	0
2207.30221	0.00888	0	0
2207.40221	0.00885	0	0
2207.50221	0.00882	0	0
2207.60221	0.0088	0	0
2207.70221	0.00877	0	0
2207.80221	0.00875	0	0
2207.90221	0.00872	0	0
2208.00221	0.0087	0	0
2208.10221	0.00867	0	0
2208.20221	0.00865	0	0
2208.30221	0.00862	0	0
2208.40221	0.0086	0	0
2208.50221	0.00857	0	0
2208.60221	0.00855	0	0
2208.70221	0.00852	0	0
2208.80221	0.0085	0	0
2208.90221	0.00847	0	0
2209.00221	0.00845	0	0
2209.10221	0.00842	0	0
2209.20221	0.0084	0	0
2209.30221	0.00837	0	0
2209.40221	0.00835	0	0
2209.50221	0.00832	0	0
2209.60221	0.0083	0	0
2209.70221	0.00827	0	0
2209.80221	0.00825	0	0
2209.90221	0.00822	0	0
2210.00221	0.0082	0	0
2210.10221	0.00817	0	0
2210.20221	0.00815	0	0
2210.30221	0.00812	0	0
2210.40221	0.0081	0	0
2210.50221	0.00807	0	0
2210.60221	0.00805	0	0
2210.70221	0.00802	0	0
2210.80221	0.008	0	0
2210.90221	0.00797	0	0
2211.00221	0.00795	0	0
2211.10221	0.00792	0	0
2211.20221	0.0079	0	0
2211.30221	0.00787	0	0
2211.40221	0.00785	0	0
2211.50221	0.00782	0	0
2211.60221	0.0078	0	0
2211.70221	0.00777	0	0
2211.80221	0.00775	0	0
2211.90221	0.00772	0	0
2212.00221	0.0077	0	0
2212.10221	0.00767	0	0
2212.20221	0.00765	0	0
2212.30221	0.00762	0	0
2212.40221	0.0076	0	0
2212.50221	0.00757	0	0
2212.60221	0.00755	0	0
2212.70221	0.00752	0	0
2212.80221	0.0075	0	0
2212.90221	0.00747	0	0
2213.00221	0.00745	0	0
2213.10221	0.00742	0	0
2213.20221	0.0074	0	0
2213.30221	0.00737	0	0
2213.40221	0.00735	0	0
2213.50221	0.00732	0	0
2213.60221	0.0073	0	0
2213.70221	0.00727	0	0
2213.80221	0.00725	0	0
2213.90221	0.00722	0	0
2214.00221	0.0072	0	0
2214.10221	0.00717	0	0
2214.20221	0.00715	0	0
2214.30221	0.00712	0	0
2214.40221	0.0071	0	0
2214.50221	0.00708	0	0
2214.60221	0.00705	0	0
2214.70221	0.00703	0	0
2214.80221	0.007	0	0
2214.90221	0.00698	0	0
2215.00222	0.00695	0	0
2215.10222	0.00693	0	0
2215.20222	0.0069	0	0
2215.30222	0.00688	0	0
2215.40222	0.00685	0	0
2215.50222	0.00683	0	0
2215.60222	0.0068	0	0
2215.70222	0.00678	0	0
2215.80222	0.00675	0	0
2215.90222	0.00673	0	0
2216.00222	0.00671	0	0
2216.10222	0.00668	0	0
2216.20222	0.00666	0	0
2216.30222	0.00663	0	0
2216.40222	0.00661	0	0
2216.50222	0.00658	0	0
2216.60222	0.00656	0	0
2216.70222	0.00653	0	0
2216.80222	0.00651	0	0
2216.90222	0.00648	0	0
2217.00222	0.00646	0	0
2217.10222	0.00644	0	0
2217.20222	0.00641	0	0
2217.30222	0.00639	0	0
2217.40222	0.00636	0	0
2217.50222	0.00634	0	0
2217.60222	0.00631	0	0
2217.70222	0.00629	0	0
2217.80222	0.00627	0	0
2217.90222	0.00624	0	0
2218.00222	0.00622	0	0
2218.10222	0.00619	0	0
2218.20222	0.00617	0	0
2218.30222	0.00614	0	0
2218.40222	0.00612	0	0
2218.50222	0.0061	0	0
2218.60222	0.00607	0	0
2218.70222	0.00605	0	0
2218.80222	0.00602	0	0
2218.90222	0.006	0	0
2219.00222	0.00597	0	0
2219.10222	0.00595	0	0
2219.20222	0.00593	0	0
2219.30222	0.0059	0	0
2219.40222	0.00588	0	0
2219.50222	0.00585	0	0
2219.60222	0.00583	0	0
2219.70222	0.0058	0	0
2219.80222	0.00578	0	0
2219.90222	0.00576	0	0
2220.00222	0.00573	0	0
2220.10222	0.00571	0	0
2220.20222	0.00568	0	0
2220.30222	0.00566	0	0
2220.40222	0.00564	0	0
2220.50222	0.00561	0	0
2220.60222	0.00559	0	0
2220.70222	0.00556	0	0
2220.80222	0.00554	0	0
2220.90222	0.00552	0	0
2221.00222	0.00549	0	0
2221.10222	0.00547	0	0
2221.20222	0.00544	0	0
2221.30222	0.00542	0	0
2221.40222	0.0054	0	0
2221.50222	0.00537	0	0
2221.60222	0.00535	0	0
2221.70222	0.00533	0	0
2221.80222	0.0053	0	0
2221.90222	0.00528	0	0
2222.00222	0.00525	0	0
2222.10222	0.00523	0	0
2222.20222	0.00521	0	0
2222.30222	0.00518	0	0
2222.40222	0.00516	0	0
2222.50222	0.00514	0	0
2222.60222	0.00511	0	0
2222.70222	0.00509	0	0
2222.80222	0.00506	0	0
2222.90222	0.00504	0	0
2223.00222	0.00502	0	0
2223.10222	0.00499	0	0
2223.20222	0.00497	0	0
2223.30222	0.00495	0	0
2223.40222	0.00492	0	0
2223.50222	0.0049	0	0
2223.60222	0.00488	0	0
2223.70222	0.00485	0	0
2223.80222	0.00483	0	0
2223.90222	0.00481	0	0
2224.00222	0.00478	0	0
2224.10222	0.00476	0	0
2224.20222	0.00474	0	0
2224.30222	0.00471	0	0
2224.40222	0.00469	0	0
2224.50222	0.00467	0	0
2224.60222	0.00464	0	0
2224.70222	0.00462	0	0
2224.80222	0.0046	0	0
2224.90222	0.00457	0	0
2225.00223	0.00455	0	0
2225.10223	0.00453	0	0
2225.20223	0.0045	0	0
2225.30223	0.00448	0	0
2225.40223	0.00446	0	0
2225.50223	0.00443	0	0
2225.60223	0.00441	0	0
2225.70223	0.00439	0	0
2225.80223	0.00436	0	0
2225.90223	0.00434	0	0
2226.00223	0.00432	0	0
2226.10223	0.00429	0	0
2226.20223	0.00427	0	0
2226.30223	0.00425	0	0
2226.40223	0.00423	0	0
2226.50223	0.0042	0	0
2226.60223	0.00418	0	0
2226.70223	0.00416	0	0
2226.80223	0.00413	0	0
2226.90223	0.00411	0	0
2227.00223	0.00409	0	0
2227.10223	0.00407	0	0
2227.20223	0.00404	0	0
2227.30223	0.00402	0	0
2227.40223	0.004	0	0
2227.50223	0.00397	0	0
2227.60223	0.00395	0	0
2227.70223	0.00393	0	0
2227.80223	0.00391	0	0
2227.90223	0.00388	0	0
2228.00223	0.00386	0	0
2228.10223	0.00384	0	0
2228.20223	0.00382	0	0
2228.30223	0.00379	0	0
2228.40223	0.00377	0	0
2228.50223	0.00375	0	0
2228.60223	0.00372	0	0
2228.70223	0.0037	0	0
2228.80223	0.00368	0	0
2228.90223	0.00366	0	0
2229.00223	0.00363	0	0
2229.10223	0.00361	0	0
2229.20223	0.00359	0	0
2229.30223	0.00357	0	0
2229.40223	0.00355	0	0
2229.50223	0.00352	0	0
2229.60223	0.0035	0	0
2229.70223	0.00348	0	0
2229.80223	0.00346	0	0
2229.90223	0.00343	0	0
2230.00223	0.00341	0	0
2230.10223	0.00339	0	0
2230.20223	0.00337	0	0
2230.30223	0.00334	0	0
2230.40223	0.00332	0	0
2230.50223	0.0033	0	0
2230.60223	0.00328	0	0
2230.70223	0.00326	0	0
2230.80223	0.00323	0	0
2230.90223	0.00321	0	0
2231.00223	0.00319	0	0
2231.10223	0.00317	0	0
2231.20223	0.00315	0	0
2231.30223	0.00312	0	0
2231.40223	0.0031	0	0
2231.50223	0.00308	0	0
2231.60223	0.00306	0	0
2231.70223	0.00304	0	0
2231.80223	0.00301	0	0
2231.90223	0.00299	0	0
2232.00223	0.00297	0	0
2232.10223	0.00295	0	0
2232.20223	0.00293	0	0
2232.30223	0.00291	0	0
2232.40223	0.00288	0	0
2232.50223	0.00286	0	0
2232.60223	0.00284	0	0
2232.70223	0.00282	0	0
2232.80223	0.0028	0	0
2232.90223	0.00278	0	0
2233.00223	0.00275	0	0
2233.10223	0.00273	0	0
2233.20223	0.00271	0	0
2233.30223	0.00269	0	0
2233.40223	0.00267	0	0
2233.50223	0.00265	0	0
2233.60223	0.00263	0	0
2233.70223	0.0026	0	0
2233.80223	0.00258	0	0
2233.90223	0.00256	0	0
2234.00223	0.00254	0	0
2234.10223	0.00252	0	0
2234.20223	0.0025	0	0
2234.30223	0.00248	0	0
2234.40223	0.00245	0	0
2234.50223	0.00243	0	0
2234.60223	0.00241	0	0
2234.70223	0.00239	0	0
2234.80223	0.00237	0	0
2234.90223	0.00235	0	0
2235.00224	0.00233	0	0
2235.10224	0.00231	0	0
2235.20224	0.00229	0	0
2235.30224	0.00226	0	0
2235.40224	0.00224	0	0
2235.50224	0.00222	0	0
2235.60224	0.0022	0	0
2235.70224	0.00218	0	0
2235.80224	0.00216	0	0
2235.90224	0.00214	0	0
2236.00224	0.00212	0	0
2236.10224	0.0021	0	0
2236.20224	0.00208	0	0
2236.30224	0.00206	0	0
2236.40224	0.00204	0	0
2236.50224	0.00201	0	0
2236.60224	0.00199	0	0
2236.70224	0.00197	0	0
2236.80224	0.00195	0	0
2236.90224	0.00193	0	0
2237.00224	0.00191	0	0
2237.10224	0.00189	0	0
2237.20224	0.00187	0	0
2237.30224	0.00185	0	0
2237.40224	0.00183	0	0
2237.50224	0.00181	0	0
2237.60224	0.00179	0	0
2237.70224	0.00177	0	0
2237.80224	0.00175	0	0
2237.90224	0.00173	0	0
2238.00224	0.00171	0	0
2238.10224	0.00169	0	0
2238.20224	0.00167	0	0
2238.30224	0.00165	0	0
2238.40224	0.00163	0	0
2238.50224	0.00161	0	0
2238.60224	0.00159	0	0
2238.70224	0.00157	0	0
2238.80224	0.00155	0	0
2238.90224	0.00153	0	0
2239.00224	0.00151	0	0
2239.10224	0.00149	0	0
2239.20224	0.00147	0	0
2239.30224	0.00145	0	0
2239.40224	0.00143	0	0
2239.50224	0.00141	0	0
2239.60224	0.00139	0	0
2239.70224	0.00137	0	0
2239.80224	0.00135	0	0
2239.90224	0.00133	0	0
2240.00224	0.00131	0	0
2240.10224	0.00129	0	0
2240.20224	0.00127	0	0
2240.30224	0.00125	0	0
2240.40224	0.00123	0	0
2240.50224	0.00121	0	0
2240.60224	0.00119	0	0
2240.70224	0.00117	0	0
2240.80224	0.00115	0	0
2240.90224	0.00113	0	0
2241.00224	0.00111	0	0
2241.10224	0.00109	0	0
2241.20224	0.00107	0	0
2241.30224	0.00105	0	0
2241.40224	0.00103	0	0
2241.50224	0.00101	0	0
2241.60224	9.93697E-4	0	0
2241.70224	9.74392E-4	0	0
2241.80224	9.55114E-4	0	0
2241.90224	9.35865E-4	0	0
2242.00224	9.16645E-4	0	0
2242.10224	8.97452E-4	0	0
2242.20224	8.78288E-4	0	0
2242.30224	8.59153E-4	0	0
2242.40224	8.40046E-4	0	0
2242.50224	8.20967E-4	0	0
2242.60224	8.01917E-4	0	0
2242.70224	7.82896E-4	0	0
2242.80224	7.63903E-4	0	0
2242.90224	7.44939E-4	0	0
2243.00224	7.26004E-4	0	0
2243.10224	7.07097E-4	0	0
2243.20224	6.8822E-4	0	0
2243.30224	6.69371E-4	0	0
2243.40224	6.50551E-4	0	0
2243.50224	6.3176E-4	0	0
2243.60224	6.12999E-4	0	0
2243.70224	5.94266E-4	0	0
2243.80224	5.75562E-4	0	0
2243.90224	5.56887E-4	0	0
2244.00224	5.38242E-4	0	0
2244.10224	5.19626E-4	0	0
2244.20224	5.01039E-4	0	0
2244.30224	4.82481E-4	0	0
2244.40224	4.63952E-4	0	0
2244.50224	4.45453E-4	0	0
2244.60224	4.26984E-4	0	0
2244.70224	4.08543E-4	0	0
2244.80224	3.90133E-4	0	0
2244.90224	3.71751E-4	0	0
2245.00225	3.534E-4	0	0
2245.10225	3.35077E-4	0	0
2245.20225	3.16785E-4	0	0
2245.30225	2.98522E-4	0	0
2245.40225	2.80289E-4	0	0
2245.50225	2.62085E-4	0	0
2245.60225	2.43912E-4	0	0
2245.70225	2.25768E-4	0	0
2245.80225	2.07654E-4	0	0
2245.90225	1.8957E-4	0	0
2246.00225	1.71516E-4	0	0
2246.10225	1.53491E-4	0	0
2246.20225	1.35497E-4	0	0
2246.30225	1.17533E-4	0	0
2246.40225	9.95987E-5	0	0
2246.50225	8.16946E-5	0	0
2246.60225	6.38207E-5	0	0
2246.70225	4.59769E-5	0	0
2246.80225	2.81634E-5	0	0
2246.90225	1.03801E-5	0	0
2247.00225	-7.37297E-6	0	0
2247.10225	-2.50957E-5	0	0
2247.20225	-4.27881E-5	0	0
2247.30225	-6.04501E-5	0	0
2247.40225	-7.80817E-5	0	0
2247.50225	-9.56829E-5	0	0
2247.60225	-1.13254E-4	0	0
2247.70225	-1.30794E-4	0	0
2247.80225	-1.48303E-4	0	0
2247.90225	-1.65783E-4	0	0
2248.00225	-1.83231E-4	0	0
2248.10225	-2.00649E-4	0	0
2248.20225	-2.18036E-4	0	0
2248.30225	-2.35393E-4	0	0
2248.40225	-2.52718E-4	0	0
2248.50225	-2.70013E-4	0	0
2248.60225	-2.87277E-4	0	0
2248.70225	-3.04511E-4	0	0
2248.80225	-3.21713E-4	0	0
2248.90225	-3.38885E-4	0	0
2249.00225	-3.56026E-4	0	0
2249.10225	-3.73136E-4	0	0
2249.20225	-3.90214E-4	0	0
2249.30225	-4.07262E-4	0	0
2249.40225	-4.24279E-4	0	0
2249.50225	-4.41265E-4	0	0
2249.60225	-4.58219E-4	0	0
2249.70225	-4.75143E-4	0	0
2249.80225	-4.92035E-4	0	0
2249.90225	-5.08896E-4	0	0
2250.00225	-5.25726E-4	0	0
2250.10225	-5.42525E-4	0	0
2250.20225	-5.59293E-4	0	0
2250.30225	-5.76029E-4	0	0
2250.40225	-5.92734E-4	0	0
2250.50225	-6.09408E-4	0	0
2250.60225	-6.2605E-4	0	0
2250.70225	-6.42661E-4	0	0
2250.80225	-6.5924E-4	0	0
2250.90225	-6.75788E-4	0	0
2251.00225	-6.92305E-4	0	0
2251.10225	-7.0879E-4	0	0
2251.20225	-7.25243E-4	0	0
2251.30225	-7.41665E-4	0	0
2251.40225	-7.58055E-4	0	0
2251.50225	-7.74414E-4	0	0
2251.60225	-7.90741E-4	0	0
2251.70225	-8.07037E-4	0	0
2251.80225	-8.23301E-4	0	0
2251.90225	-8.39533E-4	0	0
2252.00225	-8.55734E-4	0	0
2252.10225	-8.71902E-4	0	0
2252.20225	-8.88039E-4	0	0
2252.30225	-9.04145E-4	0	0
2252.40225	-9.20218E-4	0	0
2252.50225	-9.3626E-4	0	0
2252.60225	-9.52269E-4	0	0
2252.70225	-9.68247E-4	0	0
2252.80225	-9.84193E-4	0	0
2252.90225	-0.001	0	0
2253.00225	-0.00102	0	0
2253.10225	-0.00103	0	0
2253.20225	-0.00105	0	0
2253.30225	-0.00106	0	0
2253.40225	-0.00108	0	0
2253.50225	-0.00109	0	0
2253.60225	-0.00111	0	0
2253.70225	-0.00113	0	0
2253.80225	-0.00114	0	0
2253.90225	-0.00116	0	0
2254.00225	-0.00117	0	0
2254.10225	-0.00119	0	0
2254.20225	-0.0012	0	0
2254.30225	-0.00122	0	0
2254.40225	-0.00123	0	0
2254.50225	-0.00125	0	0
2254.60225	-0.00127	0	0
2254.70225	-0.00128	0	0
2254.80225	-0.0013	0	0
2254.90225	-0.00131	0	0
2255.00226	-0.00133	0	0
2255.10226	-0.00134	0	0
2255.20226	-0.00136	0	0
2255.30226	-0.00137	0	0
2255.40226	-0.00139	0	0
2255.50226	-0.0014	0	0
2255.60226	-0.00142	0	0
2255.70226	-0.00143	0	0
2255.80226	-0.00145	0	0
2255.90226	-0.00146	0	0
2256.00226	-0.00148	0	0
2256.10226	-0.00149	0	0
2256.20226	-0.00151	0	0
2256.30226	-0.00152	0	0
2256.40226	-0.00154	0	0
2256.50226	-0.00155	0	0
2256.60226	-0.00157	0	0
2256.70226	-0.00158	0	0
2256.80226	-0.0016	0	0
2256.90226	-0.00161	0	0
2257.00226	-0.00162	0	0
2257.10226	-0.00164	0	0
2257.20226	-0.00165	0	0
2257.30226	-0.00167	0	0
2257.40226	-0.00168	0	0
2257.50226	-0.0017	0	0
2257.60226	-0.00171	0	0
2257.70226	-0.00173	0	0
2257.80226	-0.00174	0	0
2257.90226	-0.00175	0	0
2258.00226	-0.00177	0	0
2258.10226	-0.00178	0	0
2258.20226	-0.0018	0	0
2258.30226	-0.00181	0	0
2258.40226	-0.00183	0	0
2258.50226	-0.00184	0	0
2258.60226	-0.00185	0	0
2258.70226	-0.00187	0	0
2258.80226	-0.00188	0	0
2258.90226	-0.0019	0	0
2259.00226	-0.00191	0	0
2259.10226	-0.00192	0	0
2259.20226	-0.00194	0	0
2259.30226	-0.00195	0	0
2259.40226	-0.00197	0	0
2259.50226	-0.00198	0	0
2259.60226	-0.00199	0	0
2259.70226	-0.00201	0	0
2259.80226	-0.00202	0	0
2259.90226	-0.00203	0	0
2260.00226	-0.00205	0	0
2260.10226	-0.00206	0	0
2260.20226	-0.00207	0	0
2260.30226	-0.00209	0	0
2260.40226	-0.0021	0	0
2260.50226	-0.00211	0	0
2260.60226	-0.00213	0	0
2260.70226	-0.00214	0	0
2260.80226	-0.00216	0	0
2260.90226	-0.00217	0	0
2261.00226	-0.00218	0	0
2261.10226	-0.00219	0	0
2261.20226	-0.00221	0	0
2261.30226	-0.00222	0	0
2261.40226	-0.00223	0	0
2261.50226	-0.00225	0	0
2261.60226	-0.00226	0	0
2261.70226	-0.00227	0	0
2261.80226	-0.00229	0	0
2261.90226	-0.0023	0	0
2262.00226	-0.00231	0	0
2262.10226	-0.00233	0	0
2262.20226	-0.00234	0	0
2262.30226	-0.00235	0	0
2262.40226	-0.00236	0	0
2262.50226	-0.00238	0	0
2262.60226	-0.00239	0	0
2262.70226	-0.0024	0	0
2262.80226	-0.00241	0	0
2262.90226	-0.00243	0	0
2263.00226	-0.00244	0	0
2263.10226	-0.00245	0	0
2263.20226	-0.00247	0	0
2263.30226	-0.00248	0	0
2263.40226	-0.00249	0	0
2263.50226	-0.0025	0	0
2263.60226	-0.00252	0	0
2263.70226	-0.00253	0	0
2263.80226	-0.00254	0	0
2263.90226	-0.00255	0	0
2264.00226	-0.00256	0	0
2264.10226	-0.00258	0	0
2264.20226	-0.00259	0	0
2264.30226	-0.0026	0	0
2264.40226	-0.00261	0	0
2264.50226	-0.00263	0	0
2264.60226	-0.00264	0	0
2264.70226	-0.00265	0	0
2264.80226	-0.00266	0	0
2264.90226	-0.00267	0	0
2265.00227	-0.00269	0	0
2265.10227	-0.0027	0	0
2265.20227	-0.00271	0	0
2265.30227	-0.00272	0	0
2265.40227	-0.00273	0	0
2265.50227	-0.00274	0	0
2265.60227	-0.00276	0	0
2265.70227	-0.00277	0	0
2265.80227	-0.00278	0	0
2265.90227	-0.00279	0	0
2266.00227	-0.0028	0	0
2266.10227	-0.00282	0	0
2266.20227	-0.00283	0	0
2266.30227	-0.00284	0	0
2266.40227	-0.00285	0	0
2266.50227	-0.00286	0	0
2266.60227	-0.00287	0	0
2266.70227	-0.00288	0	0
2266.80227	-0.0029	0	0
2266.90227	-0.00291	0	0
2267.00227	-0.00292	0	0
2267.10227	-0.00293	0	0
2267.20227	-0.00294	0	0
2267.30227	-0.00295	0	0
2267.40227	-0.00296	0	0
2267.50227	-0.00297	0	0
2267.60227	-0.00299	0	0
2267.70227	-0.003	0	0
2267.80227	-0.00301	0	0
2267.90227	-0.00302	0	0
2268.00227	-0.00303	0	0
2268.10227	-0.00304	0	0
2268.20227	-0.00305	0	0
2268.30227	-0.00306	0	0
2268.40227	-0.00307	0	0
2268.50227	-0.00308	0	0
2268.60227	-0.00309	0	0
2268.70227	-0.00311	0	0
2268.80227	-0.00312	0	0
2268.90227	-0.00313	0	0
2269.00227	-0.00314	0	0
2269.10227	-0.00315	0	0
2269.20227	-0.00316	0	0
2269.30227	-0.00317	0	0
2269.40227	-0.00318	0	0
2269.50227	-0.00319	0	0
2269.60227	-0.0032	0	0
2269.70227	-0.00321	0	0
2269.80227	-0.00322	0	0
2269.90227	-0.00323	0	0
2270.00227	-0.00324	0	0
2270.10227	-0.00325	0	0
2270.20227	-0.00326	0	0
2270.30227	-0.00327	0	0
2270.40227	-0.00328	0	0
2270.50227	-0.00329	0	0
2270.60227	-0.0033	0	0
2270.70227	-0.00331	0	0
2270.80227	-0.00332	0	0
2270.90227	-0.00333	0	0
2271.00227	-0.00334	0	0
2271.10227	-0.00335	0	0
2271.20227	-0.00336	0	0
2271.30227	-0.00337	0	0
2271.40227	-0.00338	0	0
2271.50227	-0.00339	0	0
2271.60227	-0.0034	0	0
2271.70227	-0.00341	0	0
2271.80227	-0.00342	0	0
2271.90227	-0.00343	0	0
2272.00227	-0.00344	0	0
2272.10227	-0.00345	0	0
2272.20227	-0.00346	0	0
2272.30227	-0.00347	0	0
2272.40227	-0.00348	0	0
2272.50227	-0.00349	0	0
2272.60227	-0.0035	0	0
2272.70227	-0.00351	0	0
2272.80227	-0.00352	0	0
2272.90227	-0.00353	0	0
2273.00227	-0.00354	0	0
2273.10227	-0.00355	0	0
2273.20227	-0.00356	0	0
2273.30227	-0.00356	0	0
2273.40227	-0.00357	0	0
2273.50227	-0.00358	0	0
2273.60227	-0.00359	0	0
2273.70227	-0.0036	0	0
2273.80227	-0.00361	0	0
2273.90227	-0.00362	0	0
2274.00227	-0.00363	0	0
2274.10227	-0.00364	0	0
2274.20227	-0.00365	0	0
2274.30227	-0.00366	0	0
2274.40227	-0.00366	0	0
2274.50227	-0.00367	0	0
2274.60227	-0.00368	0	0
2274.70227	-0.00369	0	0
2274.80227	-0.0037	0	0
2274.90227	-0.00371	0	0
2275.00228	-0.00372	0	0
2275.10228	-0.00373	0	0
2275.20228	-0.00373	0	0
2275.30228	-0.00374	0	0
2275.40228	-0.00375	0	0
2275.50228	-0.00376	0	0
2275.60228	-0.00377	0	0
2275.70228	-0.00378	0	0
2275.80228	-0.00379	0	0
2275.90228	-0.00379	0	0
2276.00228	-0.0038	0	0
2276.10228	-0.00381	0	0
2276.20228	-0.00382	0	0
2276.30228	-0.00383	0	0
2276.40228	-0.00384	0	0
2276.50228	-0.00384	0	0
2276.60228	-0.00385	0	0
2276.70228	-0.00386	0	0
2276.80228	-0.00387	0	0
2276.90228	-0.00388	0	0
2277.00228	-0.00388	0	0
2277.10228	-0.00389	0	0
2277.20228	-0.0039	0	0
2277.30228	-0.00391	0	0
2277.40228	-0.00392	0	0
2277.50228	-0.00392	0	0
2277.60228	-0.00393	0	0
2277.70228	-0.00394	0	0
2277.80228	-0.00395	0	0
2277.90228	-0.00396	0	0
2278.00228	-0.00396	0	0
2278.10228	-0.00397	0	0
2278.20228	-0.00398	0	0
2278.30228	-0.00399	0	0
2278.40228	-0.00399	0	0
2278.50228	-0.004	0	0
2278.60228	-0.00401	0	0
2278.70228	-0.00402	0	0
2278.80228	-0.00403	0	0
2278.90228	-0.00403	0	0
2279.00228	-0.00404	0	0
2279.10228	-0.00405	0	0
2279.20228	-0.00406	0	0
2279.30228	-0.00406	0	0
2279.40228	-0.00407	0	0
2279.50228	-0.00408	0	0
2279.60228	-0.00408	0	0
2279.70228	-0.00409	0	0
2279.80228	-0.0041	0	0
2279.90228	-0.00411	0	0
2280.00228	-0.00411	0	0
2280.10228	-0.00412	0	0
2280.20228	-0.00413	0	0
2280.30228	-0.00413	0	0
2280.40228	-0.00414	0	0
2280.50228	-0.00415	0	0
2280.60228	-0.00416	0	0
2280.70228	-0.00416	0	0
2280.80228	-0.00417	0	0
2280.90228	-0.00418	0	0
2281.00228	-0.00418	0	0
2281.10228	-0.00419	0	0
2281.20228	-0.0042	0	0
2281.30228	-0.0042	0	0
2281.40228	-0.00421	0	0
2281.50228	-0.00422	0	0
2281.60228	-0.00422	0	0
2281.70228	-0.00423	0	0
2281.80228	-0.00424	0	0
2281.90228	-0.00424	0	0
2282.00228	-0.00425	0	0
2282.10228	-0.00426	0	0
2282.20228	-0.00426	0	0
2282.30228	-0.00427	0	0
2282.40228	-0.00428	0	0
2282.50228	-0.00428	0	0
2282.60228	-0.00429	0	0
2282.70228	-0.0043	0	0
2282.80228	-0.0043	0	0
2282.90228	-0.00431	0	0
2283.00228	-0.00432	0	0
2283.10228	-0.00432	0	0
2283.20228	-0.00433	0	0
2283.30228	-0.00433	0	0
2283.40228	-0.00434	0	0
2283.50228	-0.00435	0	0
2283.60228	-0.00435	0	0
2283.70228	-0.00436	0	0
2283.80228	-0.00436	0	0
2283.90228	-0.00437	0	0
2284.00228	-0.00438	0	0
2284.10228	-0.00438	0	0
2284.20228	-0.00439	0	0
2284.30228	-0.00439	0	0
2284.40228	-0.0044	0	0
2284.50228	-0.00441	0	0
2284.60228	-0.00441	0	0
2284.70228	-0.00442	0	0
2284.80228	-0.00442	0	0
2284.90228	-0.00443	0	0
2285.00229	-0.00444	0	0
2285.10229	-0.00444	0	0
2285.20229	-0.00445	0	0
2285.30229	-0.00445	0	0
2285.40229	-0.00446	0	0
2285.50229	-0.00446	0	0
2285.60229	-0.00447	0	0
2285.70229	-0.00448	0	0
2285.80229	-0.00448	0	0
2285.90229	-0.00449	0	0
2286.00229	-0.00449	0	0
2286.10229	-0.0045	0	0
2286.20229	-0.0045	0	0
2286.30229	-0.00451	0	0
2286.40229	-0.00451	0	0
2286.50229	-0.00452	0	0
2286.60229	-0.00452	0	0
2286.70229	-0.00453	0	0
2286.80229	-0.00453	0	0
2286.90229	-0.00454	0	0
2287.00229	-0.00454	0	0
2287.10229	-0.00455	0	0
2287.20229	-0.00456	0	0
2287.30229	-0.00456	0	0
2287.40229	-0.00457	0	0
2287.50229	-0.00457	0	0
2287.60229	-0.00458	0	0
2287.70229	-0.00458	0	0
2287.80229	-0.00459	0	0
2287.90229	-0.00459	0	0
2288.00229	-0.0046	0	0
2288.10229	-0.0046	0	0
2288.20229	-0.0046	0	0
2288.30229	-0.00461	0	0
2288.40229	-0.00461	0	0
2288.50229	-0.00462	0	0
2288.60229	-0.00462	0	0
2288.70229	-0.00463	0	0
2288.80229	-0.00463	0	0
2288.90229	-0.00464	0	0
2289.00229	-0.00464	0	0
2289.10229	-0.00465	0	0
2289.20229	-0.00465	0	0
2289.30229	-0.00466	0	0
2289.40229	-0.00466	0	0
2289.50229	-0.00467	0	0
2289.60229	-0.00467	0	0
2289.70229	-0.00467	0	0
2289.80229	-0.00468	0	0
2289.90229	-0.00468	0	0
2290.00229	-0.00469	0	0
2290.10229	-0.00469	0	0
2290.20229	-0.0047	0	0
2290.30229	-0.0047	0	0
2290.40229	-0.00471	0	0
2290.50229	-0.00471	0	0
2290.60229	-0.00471	0	0
2290.70229	-0.00472	0	0
2290.80229	-0.00472	0	0
2290.90229	-0.00473	0	0
2291.00229	-0.00473	0	0
2291.10229	-0.00474	0	0
2291.20229	-0.00474	0	0
2291.30229	-0.00474	0	0
2291.40229	-0.00475	0	0
2291.50229	-0.00475	0	0
2291.60229	-0.00476	0	0
2291.70229	-0.00476	0	0
2291.80229	-0.00476	0	0
2291.90229	-0.00477	0	0
2292.00229	-0.00477	0	0
2292.10229	-0.00478	0	0
2292.20229	-0.00478	0	0
2292.30229	-0.00478	0	0
2292.40229	-0.00479	0	0
2292.50229	-0.00479	0	0
2292.60229	-0.00479	0	0
2292.70229	-0.0048	0	0
2292.80229	-0.0048	0	0
2292.90229	-0.00481	0	0
2293.00229	-0.00481	0	0
2293.10229	-0.00481	0	0
2293.20229	-0.00482	0	0
2293.30229	-0.00482	0	0
2293.40229	-0.00482	0	0
2293.50229	-0.00483	0	0
2293.60229	-0.00483	0	0
2293.70229	-0.00483	0	0
2293.80229	-0.00484	0	0
2293.90229	-0.00484	0	0
2294.00229	-0.00484	0	0
2294.10229	-0.00485	0	0
2294.20229	-0.00485	0	0
2294.30229	-0.00485	0	0
2294.40229	-0.00486	0	0
2294.50229	-0.00486	0	0
2294.60229	-0.00486	0	0
2294.70229	-0.00487	0	0
2294.80229	-0.00487	0	0
2294.90229	-0.00487	0	0
2295.0023	-0.00488	0	0
2295.1023	-0.00488	0	0
2295.2023	-0.00488	0	0
2295.3023	-0.00489	0	0
2295.4023	-0.00489	0	0
2295.5023	-0.00489	0	0
2295.6023	-0.0049	0	0
2295.7023	-0.0049	0	0
2295.8023	-0.0049	0	0
2295.9023	-0.00491	0	0
2296.0023	-0.00491	0	0
2296.1023	-0.00491	0	0
2296.2023	-0.00491	0	0
2296.3023	-0.00492	0	0
2296.4023	-0.00492	0	0
2296.5023	-0.00492	0	0
2296.6023	-0.00493	0	0
2296.7023	-0.00493	0	0
2296.8023	-0.00493	0	0
2296.9023	-0.00493	0	0
2297.0023	-0.00494	0	0
2297.1023	-0.00494	0	0
2297.2023	-0.00494	0	0
2297.3023	-0.00495	0	0
2297.4023	-0.00495	0	0
2297.5023	-0.00495	0	0
2297.6023	-0.00495	0	0
2297.7023	-0.00496	0	0
2297.8023	-0.00496	0	0
2297.9023	-0.00496	0	0
2298.0023	-0.00496	0	0
2298.1023	-0.00497	0	0
2298.2023	-0.00497	0	0
2298.3023	-0.00497	0	0
2298.4023	-0.00497	0	0
2298.5023	-0.00498	0	0
2298.6023	-0.00498	0	0
2298.7023	-0.00498	0	0
2298.8023	-0.00498	0	0
2298.9023	-0.00499	0	0
2299.0023	-0.00499	0	0
2299.1023	-0.00499	0	0
2299.2023	-0.00499	0	0
2299.3023	-0.00499	0	0
2299.4023	-0.005	0	0
2299.5023	-0.005	0	0
2299.6023	-0.005	0	0
2299.7023	-0.005	0	0
2299.8023	-0.00501	0	0
2299.9023	-0.00501	0	0
2300.0023	-0.00501	0	0
2300.1023	-0.00501	0	0
2300.2023	-0.00501	0	0
2300.3023	-0.00502	0	0
2300.4023	-0.00502	0	0
2300.5023	-0.00502	0	0
2300.6023	-0.00502	0	0
2300.7023	-0.00502	0	0
2300.8023	-0.00503	0	0
2300.9023	-0.00503	0	0
2301.0023	-0.00503	0	0
2301.1023	-0.00503	0	0
2301.2023	-0.00503	0	0
2301.3023	-0.00504	0	0
2301.4023	-0.00504	0	0
2301.5023	-0.00504	0	0
2301.6023	-0.00504	0	0
2301.7023	-0.00504	0	0
2301.8023	-0.00505	0	0
2301.9023	-0.00505	0	0
2302.0023	-0.00505	0	0
2302.1023	-0.00505	0	0
2302.2023	-0.00505	0	0
2302.3023	-0.00505	0	0
2302.4023	-0.00506	0	0
2302.5023	-0.00506	0	0
2302.6023	-0.00506	0	0
2302.7023	-0.00506	0	0
2302.8023	-0.00506	0	0
2302.9023	-0.00506	0	0
2303.0023	-0.00507	0	0
2303.1023	-0.00507	0	0
2303.2023	-0.00507	0	0
2303.3023	-0.00507	0	0
2303.4023	-0.00507	0	0
2303.5023	-0.00507	0	0
2303.6023	-0.00508	0	0
2303.7023	-0.00508	0	0
2303.8023	-0.00508	0	0
2303.9023	-0.00508	0	0
2304.0023	-0.00508	0	0
2304.1023	-0.00508	0	0
2304.2023	-0.00508	0	0
2304.3023	-0.00509	0	0
2304.4023	-0.00509	0	0
2304.5023	-0.00509	0	0
2304.6023	-0.00509	0	0
2304.7023	-0.00509	0	0
2304.8023	-0.00509	0	0
2304.9023	-0.00509	0	0
2305.00231	-0.0051	0	0
2305.10231	-0.0051	0	0
2305.20231	-0.0051	0	0
2305.30231	-0.0051	0	0
2305.40231	-0.0051	0	0
2305.50231	-0.0051	0	0
2305.60231	-0.0051	0	0
2305.70231	-0.0051	0	0
2305.80231	-0.0051	0	0
2305.90231	-0.00511	0	0
2306.00231	-0.00511	0	0
2306.10231	-0.00511	0	0
2306.20231	-0.00511	0	0
2306.30231	-0.00511	0	0
2306.40231	-0.00511	0	0
2306.50231	-0.00511	0	0
2306.60231	-0.00511	0	0
2306.70231	-0.00511	0	0
2306.80231	-0.00512	0	0
2306.90231	-0.00512	0	0
2307.00231	-0.00512	0	0
2307.10231	-0.00512	0	0
2307.20231	-0.00512	0	0
2307.30231	-0.00512	0	0
2307.40231	-0.00512	0	0
2307.50231	-0.00512	0	0
2307.60231	-0.00512	0	0
2307.70231	-0.00512	0	0
2307.80231	-0.00512	0	0
2307.90231	-0.00513	0	0
2308.00231	-0.00513	0	0
2308.10231	-0.00513	0	0
2308.20231	-0.00513	0	0
2308.30231	-0.00513	0	0
2308.40231	-0.00513	0	0
2308.50231	-0.00513	0	0
2308.60231	-0.00513	0	0
2308.70231	-0.00513	0	0
2308.80231	-0.00513	0	0
2308.90231	-0.00513	0	0
2309.00231	-0.00513	0	0
2309.10231	-0.00514	0	0
2309.20231	-0.00514	0	0
2309.30231	-0.00514	0	0
2309.40231	-0.00514	0	0
2309.50231	-0.00514	0	0
2309.60231	-0.00514	0	0
2309.70231	-0.00514	0	0
2309.80231	-0.00514	0	0
2309.90231	-0.00514	0	0
2310.00231	-0.00514	0	0
2310.10231	-0.00514	0	0
2310.20231	-0.00514	0	0
2310.30231	-0.00514	0	0
2310.40231	-0.00514	0	0
2310.50231	-0.00514	0	0
2310.60231	-0.00514	0	0
2310.70231	-0.00514	0	0
2310.80231	-0.00515	0	0
2310.90231	-0.00515	0	0
2311.00231	-0.00515	0	0
2311.10231	-0.00515	0	0
2311.20231	-0.00515	0	0
2311.30231	-0.00515	0	0
2311.40231	-0.00515	0	0
2311.50231	-0.00515	0	0
2311.60231	-0.00515	0	0
2311.70231	-0.00515	0	0
2311.80231	-0.00515	0	0
2311.90231	-0.00515	0	0
2312.00231	-0.00515	0	0
2312.10231	-0.00515	0	0
2312.20231	-0.00515	0	0
2312.30231	-0.00515	0	0
2312.40231	-0.00515	0	0
2312.50231	-0.00515	0	0
2312.60231	-0.00515	0	0
2312.70231	-0.00515	0	0
2312.80231	-0.00515	0	0
2312.90231	-0.00515	0	0
2313.00231	-0.00515	0	0
2313.10231	-0.00515	0	0
2313.20231	-0.00515	0	0
2313.30231	-0.00515	0	0
2313.40231	-0.00515	0	0
2313.50231	-0.00515	0	0
2313.60231	-0.00515	0	0
2313.70231	-0.00515	0	0
2313.80231	-0.00516	0	0
2313.90231	-0.00516	0	0
2314.00231	-0.00516	0	0
2314.10231	-0.00516	0	0
2314.20231	-0.00516	0	0
2314.30231	-0.00516	0	0
2314.40231	-0.00516	0	0
2314.50231	-0.00516	0	0
2314.60231	-0.00516	0	0
2314.70231	-0.00516	0	0
2314.80231	-0.00516	0	0
2314.90231	-0.00516	0	0
2315.00232	-0.00516	0	0
2315.10232	-0.00516	0	0
2315.20232	-0.00516	0	0
2315.30232	-0.00516	0	0
2315.40232	-0.00516	0	0
2315.50232	-0.00516	0	0
2315.60232	-0.00516	0	0
2315.70232	-0.00516	0	0
2315.80232	-0.00516	0	0
2315.90232	-0.00516	0	0
2316.00232	-0.00516	0	0
2316.10232	-0.00516	0	0
2316.20232	-0.00516	0	0
2316.30232	-0.00516	0	0
2316.40232	-0.00516	0	0
2316.50232	-0.00516	0	0
2316.60232	-0.00516	0	0
2316.70232	-0.00516	0	0
2316.80232	-0.00516	0	0
2316.90232	-0.00516	0	0
2317.00232	-0.00516	0	0
2317.10232	-0.00516	0	0
2317.20232	-0.00516	0	0
2317.30232	-0.00516	0	0
2317.40232	-0.00516	0	0
2317.50232	-0.00516	0	0
2317.60232	-0.00516	0	0
2317.70232	-0.00516	0	0
2317.80232	-0.00516	0	0
2317.90232	-0.00516	0	0
2318.00232	-0.00516	0	0
2318.10232	-0.00516	0	0
2318.20232	-0.00516	0	0
2318.30232	-0.00516	0	0
2318.40232	-0.00516	0	0
2318.50232	-0.00516	0	0
2318.60232	-0.00516	0	0
2318.70232	-0.00516	0	0
2318.80232	-0.00516	0	0
2318.90232	-0.00516	0	0
2319.00232	-0.00516	0	0
2319.10232	-0.00516	0	0
2319.20232	-0.00515	0	0
2319.30232	-0.00515	0	0
2319.40232	-0.00515	0	0
2319.50232	-0.00515	0	0
2319.60232	-0.00515	0	0
2319.70232	-0.00515	0	0
2319.80232	-0.00515	0	0
2319.90232	-0.00515	0	0
2320.00232	-0.00515	0	0
2320.10232	-0.00515	0	0
2320.20232	-0.00515	0	0
2320.30232	-0.00515	0	0
2320.40232	-0.00515	0	0
2320.50232	-0.00515	0	0
2320.60232	-0.00515	0	0
2320.70232	-0.00515	0	0
2320.80232	-0.00515	0	0
2320.90232	-0.00515	0	0
2321.00232	-0.00515	0	0
2321.10232	-0.00515	0	0
2321.20232	-0.00515	0	0
2321.30232	-0.00515	0	0
2321.40232	-0.00515	0	0
2321.50232	-0.00515	0	0
2321.60232	-0.00515	0	0
2321.70232	-0.00515	0	0
2321.80232	-0.00515	0	0
2321.90232	-0.00515	0	0
2322.00232	-0.00515	0	0
2322.10232	-0.00515	0	0
2322.20232	-0.00515	0	0
2322.30232	-0.00515	0	0
2322.40232	-0.00515	0	0
2322.50232	-0.00515	0	0
2322.60232	-0.00515	0	0
2322.70232	-0.00515	0	0
2322.80232	-0.00515	0	0
2322.90232	-0.00515	0	0
2323.00232	-0.00515	0	0
2323.10232	-0.00515	0	0
2323.20232	-0.00515	0	0
2323.30232	-0.00515	0	0
2323.40232	-0.00515	0	0
2323.50232	-0.00515	0	0
2323.60232	-0.00514	0	0
2323.70232	-0.00514	0	0
2323.80232	-0.00514	0	0
2323.90232	-0.00514	0	0
2324.00232	-0.00514	0	0
2324.10232	-0.00514	0	0
2324.20232	-0.00514	0	0
2324.30232	-0.00514	0	0
2324.40232	-0.00514	0	0
2324.50232	-0.00514	0	0
2324.60232	-0.00514	0	0
2324.70232	-0.00514	0	0
2324.80232	-0.00514	0	0
2324.90232	-0.00514	0	0
2325.00233	-0.00514	0	0
2325.10233	-0.00514	0	0
2325.20233	-0.00514	0	0
2325.30233	-0.00514	0	0
2325.40233	-0.00514	0	0
2325.50233	-0.00514	0	0
2325.60233	-0.00514	0	0
2325.70233	-0.00514	0	0
2325.80233	-0.00514	0	0
2325.90233	-0.00514	0	0
2326.00233	-0.00514	0	0
2326.10233	-0.00514	0	0
2326.20233	-0.00514	0	0
2326.30233	-0.00514	0	0
2326.40233	-0.00514	0	0
2326.50233	-0.00514	0	0
2326.60233	-0.00514	0	0
2326.70233	-0.00514	0	0
2326.80233	-0.00514	0	0
2326.90233	-0.00514	0	0
2327.00233	-0.00514	0	0
2327.10233	-0.00514	0	0
2327.20233	-0.00514	0	0
2327.30233	-0.00514	0	0
2327.40233	-0.00514	0	0
2327.50233	-0.00513	0	0
2327.60233	-0.00513	0	0
2327.70233	-0.00513	0	0
2327.80233	-0.00513	0	0
2327.90233	-0.00513	0	0
2328.00233	-0.00513	0	0
2328.10233	-0.00513	0	0
2328.20233	-0.00513	0	0
2328.30233	-0.00513	0	0
2328.40233	-0.00513	0	0
2328.50233	-0.00513	0	0
2328.60233	-0.00513	0	0
2328.70233	-0.00513	0	0
2328.80233	-0.00513	0	0
2328.90233	-0.00513	0	0
2329.00233	-0.00513	0	0
2329.10233	-0.00513	0	0
2329.20233	-0.00513	0	0
2329.30233	-0.00513	0	0
2329.40233	-0.00513	0	0
2329.50233	-0.00513	0	0
2329.60233	-0.00513	0	0
2329.70233	-0.00513	0	0
2329.80233	-0.00513	0	0
2329.90233	-0.00513	0	0
2330.00233	-0.00513	0	0
2330.10233	-0.00513	0	0
2330.20233	-0.00513	0	0
2330.30233	-0.00513	0	0
2330.40233	-0.00513	0	0
2330.50233	-0.00513	0	0
2330.60233	-0.00513	0	0
2330.70233	-0.00513	0	0
2330.80233	-0.00513	0	0
2330.90233	-0.00513	0	0
2331.00233	-0.00513	0	0
2331.10233	-0.00513	0	0
2331.20233	-0.00513	0	0
2331.30233	-0.00513	0	0
2331.40233	-0.00513	0	0
2331.50233	-0.00513	0	0
2331.60233	-0.00513	0	0
2331.70233	-0.00513	0	0
2331.80233	-0.00513	0	0
2331.90233	-0.00513	0	0
2332.00233	-0.00513	0	0
2332.10233	-0.00513	0	0
2332.20233	-0.00513	0	0
2332.30233	-0.00513	0	0
2332.40233	-0.00513	0	0
2332.50233	-0.00513	0	0
2332.60233	-0.00513	0	0
2332.70233	-0.00513	0	0
2332.80233	-0.00513	0	0
2332.90233	-0.00513	0	0
2333.00233	-0.00513	0	0
2333.10233	-0.00513	0	0
2333.20233	-0.00513	0	0
2333.30233	-0.00513	0	0
2333.40233	-0.00513	0	0
2333.50233	-0.00513	0	0
2333.60233	-0.00513	0	0
2333.70233	-0.00513	0	0
2333.80233	-0.00513	0	0
2333.90233	-0.00513	0	0
2334.00233	-0.00513	0	0
2334.10233	-0.00513	0	0
2334.20233	-0.00513	0	0
2334.30233	-0.00513	0	0
2334.40233	-0.00513	0	0
2334.50233	-0.00513	0	0
2334.60233	-0.00513	0	0
2334.70233	-0.00513	0	0
2334.80233	-0.00513	0	0
2334.90233	-0.00513	0	0
2335.00234	-0.00513	0	0
2335.10234	-0.00513	0	0
2335.20234	-0.00513	0	0
2335.30234	-0.00513	0	0
2335.40234	-0.00513	0	0
2335.50234	-0.00513	0	0
2335.60234	-0.00513	0	0
2335.70234	-0.00513	0	0
2335.80234	-0.00513	0	0
2335.90234	-0.00514	0	0
2336.00234	-0.00514	0	0
2336.10234	-0.00514	0	0
2336.20234	-0.00514	0	0
2336.30234	-0.00514	0	0
2336.40234	-0.00514	0	0
2336.50234	-0.00514	0	0
2336.60234	-0.00514	0	0
2336.70234	-0.00514	0	0
2336.80234	-0.00514	0	0
2336.90234	-0.00514	0	0
2337.00234	-0.00514	0	0
2337.10234	-0.00514	0	0
2337.20234	-0.00514	0	0
2337.30234	-0.00514	0	0
2337.40234	-0.00514	0	0
2337.50234	-0.00514	0	0
2337.60234	-0.00514	0	0
2337.70234	-0.00514	0	0
2337.80234	-0.00514	0	0
2337.90234	-0.00514	0	0
2338.00234	-0.00514	0	0
2338.10234	-0.00515	0	0
2338.20234	-0.00515	0	0
2338.30234	-0.00515	0	0
2338.40234	-0.00515	0	0
2338.50234	-0.00515	0	0
2338.60234	-0.00515	0	0
2338.70234	-0.00515	0	0
2338.80234	-0.00515	0	0
2338.90234	-0.00515	0	0
2339.00234	-0.00515	0	0
2339.10234	-0.00515	0	0
2339.20234	-0.00515	0	0
2339.30234	-0.00515	0	0
2339.40234	-0.00515	0	0
2339.50234	-0.00515	0	0
2339.60234	-0.00516	0	0
2339.70234	-0.00516	0	0
2339.80234	-0.00516	0	0
2339.90234	-0.00516	0	0
2340.00234	-0.00516	0	0
2340.10234	-0.00516	0	0
2340.20234	-0.00516	0	0
2340.30234	-0.00516	0	0
2340.40234	-0.00516	0	0
2340.50234	-0.00516	0	0
2340.60234	-0.00516	0	0
2340.70234	-0.00516	0	0
2340.80234	-0.00517	0	0
2340.90234	-0.00517	0	0
2341.00234	-0.00517	0	0
2341.10234	-0.00517	0	0
2341.20234	-0.00517	0	0
2341.30234	-0.00517	0	0
2341.40234	-0.00517	0	0
2341.50234	-0.00517	0	0
2341.60234	-0.00517	0	0
2341.70234	-0.00517	0	0
2341.80234	-0.00518	0	0
2341.90234	-0.00518	0	0
2342.00234	-0.00518	0	0
2342.10234	-0.00518	0	0
2342.20234	-0.00518	0	0
2342.30234	-0.00518	0	0
2342.40234	-0.00518	0	0
2342.50234	-0.00518	0	0
2342.60234	-0.00518	0	0
2342.70234	-0.00519	0	0
2342.80234	-0.00519	0	0
2342.90234	-0.00519	0	0
2343.00234	-0.00519	0	0
2343.10234	-0.00519	0	0
2343.20234	-0.00519	0	0
2343.30234	-0.00519	0	0
2343.40234	-0.00519	0	0
2343.50234	-0.0052	0	0
2343.60234	-0.0052	0	0
2343.70234	-0.0052	0	0
2343.80234	-0.0052	0	0
2343.90234	-0.0052	0	0
2344.00234	-0.0052	0	0
2344.10234	-0.0052	0	0
2344.20234	-0.00521	0	0
2344.30234	-0.00521	0	0
2344.40234	-0.00521	0	0
2344.50234	-0.00521	0	0
2344.60234	-0.00521	0	0
2344.70234	-0.00521	0	0
2344.80234	-0.00521	0	0
2344.90234	-0.00522	0	0
2345.00235	-0.00522	0	0
2345.10235	-0.00522	0	0
2345.20235	-0.00522	0	0
2345.30235	-0.00522	0	0
2345.40235	-0.00522	0	0
2345.50235	-0.00523	0	0
2345.60235	-0.00523	0	0
2345.70235	-0.00523	0	0
2345.80235	-0.00523	0	0
2345.90235	-0.00523	0	0
2346.00235	-0.00523	0	0
2346.10235	-0.00524	0	0
2346.20235	-0.00524	0	0
2346.30235	-0.00524	0	0
2346.40235	-0.00524	0	0
2346.50235	-0.00524	0	0
2346.60235	-0.00525	0	0
2346.70235	-0.00525	0	0
2346.80235	-0.00525	0	0
2346.90235	-0.00525	0	0
2347.00235	-0.00525	0	0
2347.10235	-0.00526	0	0
2347.20235	-0.00526	0	0
2347.30235	-0.00526	0	0
2347.40235	-0.00526	0	0
2347.50235	-0.00526	0	0
2347.60235	-0.00527	0	0
2347.70235	-0.00527	0	0
2347.80235	-0.00527	0	0
2347.90235	-0.00527	0	0
2348.00235	-0.00527	0	0
2348.10235	-0.00528	0	0
2348.20235	-0.00528	0	0
2348.30235	-0.00528	0	0
2348.40235	-0.00528	0	0
2348.50235	-0.00529	0	0
2348.60235	-0.00529	0	0
2348.70235	-0.00529	0	0
2348.80235	-0.00529	0	0
2348.90235	-0.00529	0	0
2349.00235	-0.0053	0	0
2349.10235	-0.0053	0	0
2349.20235	-0.0053	0	0
2349.30235	-0.0053	0	0
2349.40235	-0.00531	0	0
2349.50235	-0.00531	0	0
2349.60235	-0.00531	0	0
2349.70235	-0.00531	0	0
2349.80235	-0.00532	0	0
2349.90235	-0.00532	0	0
2350.00235	-0.00532	0	0
2350.10235	-0.00532	0	0
2350.20235	-0.00533	0	0
2350.30235	-0.00533	0	0
2350.40235	-0.00533	0	0
2350.50235	-0.00533	0	0
2350.60235	-0.00534	0	0
2350.70235	-0.00534	0	0
2350.80235	-0.00534	0	0
2350.90235	-0.00535	0	0
2351.00235	-0.00535	0	0
2351.10235	-0.00535	0	0
2351.20235	-0.00535	0	0
2351.30235	-0.00536	0	0
2351.40235	-0.00536	0	0
2351.50235	-0.00536	0	0
2351.60235	-0.00537	0	0
2351.70235	-0.00537	0	0
2351.80235	-0.00537	0	0
2351.90235	-0.00537	0	0
2352.00235	-0.00538	0	0
2352.10235	-0.00538	0	0
2352.20235	-0.00538	0	0
2352.30235	-0.00539	0	0
2352.40235	-0.00539	0	0
2352.50235	-0.00539	0	0
2352.60235	-0.0054	0	0
2352.70235	-0.0054	0	0
2352.80235	-0.0054	0	0
2352.90235	-0.00541	0	0
2353.00235	-0.00541	0	0
2353.10235	-0.00541	0	0
2353.20235	-0.00542	0	0
2353.30235	-0.00542	0	0
2353.40235	-0.00542	0	0
2353.50235	-0.00543	0	0
2353.60235	-0.00543	0	0
2353.70235	-0.00543	0	0
2353.80235	-0.00544	0	0
2353.90235	-0.00544	0	0
2354.00235	-0.00544	0	0
2354.10235	-0.00545	0	0
2354.20235	-0.00545	0	0
2354.30235	-0.00545	0	0
2354.40235	-0.00546	0	0
2354.50235	-0.00546	0	0
2354.60235	-0.00546	0	0
2354.70235	-0.00547	0	0
2354.80235	-0.00547	0	0
2354.90235	-0.00548	0	0
2355.00236	-0.00548	0	0
2355.10236	-0.00548	0	0
2355.20236	-0.00549	0	0
2355.30236	-0.00549	0	0
2355.40236	-0.00549	0	0
2355.50236	-0.0055	0	0
2355.60236	-0.0055	0	0
2355.70236	-0.00551	0	0
2355.80236	-0.00551	0	0
2355.90236	-0.00551	0	0
2356.00236	-0.00552	0	0
2356.10236	-0.00552	0	0
2356.20236	-0.00553	0	0
2356.30236	-0.00553	0	0
2356.40236	-0.00553	0	0
2356.50236	-0.00554	0	0
2356.60236	-0.00554	0	0
2356.70236	-0.00555	0	0
2356.80236	-0.00555	0	0
2356.90236	-0.00555	0	0
2357.00236	-0.00556	0	0
2357.10236	-0.00556	0	0
2357.20236	-0.00557	0	0
2357.30236	-0.00557	0	0
2357.40236	-0.00558	0	0
2357.50236	-0.00558	0	0
2357.60236	-0.00558	0	0
2357.70236	-0.00559	0	0
2357.80236	-0.00559	0	0
2357.90236	-0.0056	0	0
2358.00236	-0.0056	0	0
2358.10236	-0.00561	0	0
2358.20236	-0.00561	0	0
2358.30236	-0.00562	0	0
2358.40236	-0.00562	0	0
2358.50236	-0.00563	0	0
2358.60236	-0.00563	0	0
2358.70236	-0.00563	0	0
2358.80236	-0.00564	0	0
2358.90236	-0.00564	0	0
2359.00236	-0.00565	0	0
2359.10236	-0.00565	0	0
2359.20236	-0.00566	0	0
2359.30236	-0.00566	0	0
2359.40236	-0.00567	0	0
2359.50236	-0.00567	0	0
2359.60236	-0.00568	0	0
2359.70236	-0.00568	0	0
2359.80236	-0.00569	0	0
2359.90236	-0.00569	0	0
2360.00236	-0.0057	0	0
2360.10236	-0.0057	0	0
2360.20236	-0.00571	0	0
2360.30236	-0.00571	0	0
2360.40236	-0.00572	0	0
2360.50236	-0.00572	0	0
2360.60236	-0.00573	0	0
2360.70236	-0.00573	0	0
2360.80236	-0.00574	0	0
2360.90236	-0.00575	0	0
2361.00236	-0.00575	0	0
2361.10236	-0.00576	0	0
2361.20236	-0.00576	0	0
2361.30236	-0.00577	0	0
2361.40236	-0.00577	0	0
2361.50236	-0.00578	0	0
2361.60236	-0.00578	0	0
2361.70236	-0.00579	0	0
2361.80236	-0.00579	0	0
2361.90236	-0.0058	0	0
2362.00236	-0.00581	0	0
2362.10236	-0.00581	0	0
2362.20236	-0.00582	0	0
2362.30236	-0.00582	0	0
2362.40236	-0.00583	0	0
2362.50236	-0.00583	0	0
2362.60236	-0.00584	0	0
2362.70236	-0.00585	0	0
2362.80236	-0.00585	0	0
2362.90236	-0.00586	0	0
2363.00236	-0.00586	0	0
2363.10236	-0.00587	0	0
2363.20236	-0.00588	0	0
2363.30236	-0.00588	0	0
2363.40236	-0.00589	0	0
2363.50236	-0.00589	0	0
2363.60236	-0.0059	0	0
2363.70236	-0.00591	0	0
2363.80236	-0.00591	0	0
2363.90236	-0.00592	0	0
2364.00236	-0.00592	0	0
2364.10236	-0.00593	0	0
2364.20236	-0.00594	0	0
2364.30236	-0.00594	0	0
2364.40236	-0.00595	0	0
2364.50236	-0.00596	0	0
2364.60236	-0.00596	0	0
2364.70236	-0.00597	0	0
2364.80236	-0.00598	0	0
2364.90236	-0.00598	0	0
2365.00237	-0.00599	0	0
2365.10237	-0.006	0	0
2365.20237	-0.006	0	0
2365.30237	-0.00601	0	0
2365.40237	-0.00602	0	0
2365.50237	-0.00602	0	0
2365.60237	-0.00603	0	0
2365.70237	-0.00604	0	0
2365.80237	-0.00604	0	0
2365.90237	-0.00605	0	0
2366.00237	-0.00606	0	0
2366.10237	-0.00606	0	0
2366.20237	-0.00607	0	0
2366.30237	-0.00608	0	0
2366.40237	-0.00608	0	0
2366.50237	-0.00609	0	0
2366.60237	-0.0061	0	0
2366.70237	-0.00611	0	0
2366.80237	-0.00611	0	0
2366.90237	-0.00612	0	0
2367.00237	-0.00613	0	0
2367.10237	-0.00613	0	0
2367.20237	-0.00614	0	0
2367.30237	-0.00615	0	0
2367.40237	-0.00616	0	0
2367.50237	-0.00616	0	0
2367.60237	-0.00617	0	0
2367.70237	-0.00618	0	0
2367.80237	-0.00619	0	0
2367.90237	-0.00619	0	0
2368.00237	-0.0062	0	0
2368.10237	-0.00621	0	0
2368.20237	-0.00622	0	0
2368.30237	-0.00622	0	0
2368.40237	-0.00623	0	0
2368.50237	-0.00624	0	0
2368.60237	-0.00625	0	0
2368.70237	-0.00625	0	0
2368.80237	-0.00626	0	0
2368.90237	-0.00627	0	0
2369.00237	-0.00628	0	0
2369.10237	-0.00628	0	0
2369.20237	-0.00629	0	0
2369.30237	-0.0063	0	0
2369.40237	-0.00631	0	0
2369.50237	-0.00632	0	0
2369.60237	-0.00632	0	0
2369.70237	-0.00633	0	0
2369.80237	-0.00634	0	0
2369.90237	-0.00635	0	0
2370.00237	-0.00636	0	0
2370.10237	-0.00637	0	0
2370.20237	-0.00637	0	0
2370.30237	-0.00638	0	0
2370.40237	-0.00639	0	0
2370.50237	-0.0064	0	0
2370.60237	-0.00641	0	0
2370.70237	-0.00642	0	0
2370.80237	-0.00642	0	0
2370.90237	-0.00643	0	0
2371.00237	-0.00644	0	0
2371.10237	-0.00645	0	0
2371.20237	-0.00646	0	0
2371.30237	-0.00647	0	0
2371.40237	-0.00647	0	0
2371.50237	-0.00648	0	0
2371.60237	-0.00649	0	0
2371.70237	-0.0065	0	0
2371.80237	-0.00651	0	0
2371.90237	-0.00652	0	0
2372.00237	-0.00653	0	0
2372.10237	-0.00654	0	0
2372.20237	-0.00655	0	0
2372.30237	-0.00655	0	0
2372.40237	-0.00656	0	0
2372.50237	-0.00657	0	0
2372.60237	-0.00658	0	0
2372.70237	-0.00659	0	0
2372.80237	-0.0066	0	0
2372.90237	-0.00661	0	0
2373.00237	-0.00662	0	0
2373.10237	-0.00663	0	0
2373.20237	-0.00664	0	0
2373.30237	-0.00665	0	0
2373.40237	-0.00665	0	0
2373.50237	-0.00666	0	0
2373.60237	-0.00667	0	0
2373.70237	-0.00668	0	0
2373.80237	-0.00669	0	0
2373.90237	-0.0067	0	0
2374.00237	-0.00671	0	0
2374.10237	-0.00672	0	0
2374.20237	-0.00673	0	0
2374.30237	-0.00674	0	0
2374.40237	-0.00675	0	0
2374.50237	-0.00676	0	0
2374.60237	-0.00677	0	0
2374.70237	-0.00678	0	0
2374.80237	-0.00679	0	0
2374.90237	-0.0068	0	0
2375.00238	-0.00681	0	0
2375.10238	-0.00682	0	0
2375.20238	-0.00683	0	0
2375.30238	-0.00684	0	0
2375.40238	-0.00685	0	0
2375.50238	-0.00686	0	0
2375.60238	-0.00687	0	0
2375.70238	-0.00688	0	0
2375.80238	-0.00689	0	0
2375.90238	-0.0069	0	0
2376.00238	-0.00691	0	0
2376.10238	-0.00692	0	0
2376.20238	-0.00693	0	0
2376.30238	-0.00694	0	0
2376.40238	-0.00695	0	0
2376.50238	-0.00696	0	0
2376.60238	-0.00697	0	0
2376.70238	-0.00698	0	0
2376.80238	-0.00699	0	0
2376.90238	-0.007	0	0
2377.00238	-0.00701	0	0
2377.10238	-0.00702	0	0
2377.20238	-0.00704	0	0
2377.30238	-0.00705	0	0
2377.40238	-0.00706	0	0
2377.50238	-0.00707	0	0
2377.60238	-0.00708	0	0
2377.70238	-0.00709	0	0
2377.80238	-0.0071	0	0
2377.90238	-0.00711	0	0
2378.00238	-0.00712	0	0
2378.10238	-0.00713	0	0
2378.20238	-0.00714	0	0
2378.30238	-0.00716	0	0
2378.40238	-0.00717	0	0
2378.50238	-0.00718	0	0
2378.60238	-0.00719	0	0
2378.70238	-0.0072	0	0
2378.80238	-0.00721	0	0
2378.90238	-0.00722	0	0
2379.00238	-0.00723	0	0
2379.10238	-0.00724	0	0
2379.20238	-0.00726	0	0
2379.30238	-0.00727	0	0
2379.40238	-0.00728	0	0
2379.50238	-0.00729	0	0
2379.60238	-0.0073	0	0
2379.70238	-0.00731	0	0
2379.80238	-0.00733	0	0
2379.90238	-0.00734	0	0
2380.00238	-0.00735	0	0
2380.10238	-0.00736	0	0
2380.20238	-0.00737	0	0
2380.30238	-0.00738	0	0
2380.40238	-0.0074	0	0
2380.50238	-0.00741	0	0
2380.60238	-0.00742	0	0
2380.70238	-0.00743	0	0
2380.80238	-0.00744	0	0
2380.90238	-0.00746	0	0
2381.00238	-0.00747	0	0
2381.10238	-0.00748	0	0
2381.20238	-0.00749	0	0
2381.30238	-0.0075	0	0
2381.40238	-0.00752	0	0
2381.50238	-0.00753	0	0
2381.60238	-0.00754	0	0
2381.70238	-0.00755	0	0
2381.80238	-0.00757	0	0
2381.90238	-0.00758	0	0
2382.00238	-0.00759	0	0
2382.10238	-0.0076	0	0
2382.20238	-0.00762	0	0
2382.30238	-0.00763	0	0
2382.40238	-0.00764	0	0
2382.50238	-0.00765	0	0
2382.60238	-0.00767	0	0
2382.70238	-0.00768	0	0
2382.80238	-0.00769	0	0
2382.90238	-0.0077	0	0
2383.00238	-0.00772	0	0
2383.10238	-0.00773	0	0
2383.20238	-0.00774	0	0
2383.30238	-0.00776	0	0
2383.40238	-0.00777	0	0
2383.50238	-0.00778	0	0
2383.60238	-0.00779	0	0
2383.70238	-0.00781	0	0
2383.80238	-0.00782	0	0
2383.90238	-0.00783	0	0
2384.00238	-0.00785	0	0
2384.10238	-0.00786	0	0
2384.20238	-0.00787	0	0
2384.30238	-0.00789	0	0
2384.40238	-0.0079	0	0
2384.50238	-0.00791	0	0
2384.60238	-0.00793	0	0
2384.70238	-0.00794	0	0
2384.80238	-0.00795	0	0
2384.90238	-0.00797	0	0
2385.00239	-0.00798	0	0
2385.10239	-0.00799	0	0
2385.20239	-0.00801	0	0
2385.30239	-0.00802	0	0
2385.40239	-0.00804	0	0
2385.50239	-0.00805	0	0
2385.60239	-0.00806	0	0
2385.70239	-0.00808	0	0
2385.80239	-0.00809	0	0
2385.90239	-0.0081	0	0
2386.00239	-0.00812	0	0
2386.10239	-0.00813	0	0
2386.20239	-0.00815	0	0
2386.30239	-0.00816	0	0
2386.40239	-0.00817	0	0
2386.50239	-0.00819	0	0
2386.60239	-0.0082	0	0
2386.70239	-0.00822	0	0
2386.80239	-0.00823	0	0
2386.90239	-0.00825	0	0
2387.00239	-0.00826	0	0
2387.10239	-0.00827	0	0
2387.20239	-0.00829	0	0
2387.30239	-0.0083	0	0
2387.40239	-0.00832	0	0
2387.50239	-0.00833	0	0
2387.60239	-0.00835	0	0
2387.70239	-0.00836	0	0
2387.80239	-0.00838	0	0
2387.90239	-0.00839	0	0
2388.00239	-0.00841	0	0
2388.10239	-0.00842	0	0
2388.20239	-0.00843	0	0
2388.30239	-0.00845	0	0
2388.40239	-0.00846	0	0
2388.50239	-0.00848	0	0
2388.60239	-0.00849	0	0
2388.70239	-0.00851	0	0
2388.80239	-0.00852	0	0
2388.90239	-0.00854	0	0
2389.00239	-0.00855	0	0
2389.10239	-0.00857	0	0
2389.20239	-0.00858	0	0
2389.30239	-0.0086	0	0
2389.40239	-0.00862	0	0
2389.50239	-0.00863	0	0
2389.60239	-0.00865	0	0
2389.70239	-0.00866	0	0
2389.80239	-0.00868	0	0
2389.90239	-0.00869	0	0
2390.00239	-0.00871	0	0
2390.10239	-0.00872	0	0
2390.20239	-0.00874	0	0
2390.30239	-0.00875	0	0
2390.40239	-0.00877	0	0
2390.50239	-0.00879	0	0
2390.60239	-0.0088	0	0
2390.70239	-0.00882	0	0
2390.80239	-0.00883	0	0
2390.90239	-0.00885	0	0
2391.00239	-0.00886	0	0
2391.10239	-0.00888	0	0
2391.20239	-0.0089	0	0
2391.30239	-0.00891	0	0
2391.40239	-0.00893	0	0
2391.50239	-0.00894	0	0
2391.60239	-0.00896	0	0
2391.70239	-0.00898	0	0
2391.80239	-0.00899	0	0
2391.90239	-0.00901	0	0
2392.00239	-0.00902	0	0
2392.10239	-0.00904	0	0
2392.20239	-0.00906	0	0
2392.30239	-0.00907	0	0
2392.40239	-0.00909	0	0
2392.50239	-0.00911	0	0
2392.60239	-0.00912	0	0
2392.70239	-0.00914	0	0
2392.80239	-0.00916	0	0
2392.90239	-0.00917	0	0
2393.00239	-0.00919	0	0
2393.10239	-0.00921	0	0
2393.20239	-0.00922	0	0
2393.30239	-0.00924	0	0
2393.40239	-0.00926	0	0
2393.50239	-0.00927	0	0
2393.60239	-0.00929	0	0
2393.70239	-0.00931	0	0
2393.80239	-0.00932	0	0
2393.90239	-0.00934	0	0
2394.00239	-0.00936	0	0
2394.10239	-0.00937	0	0
2394.20239	-0.00939	0	0
2394.30239	-0.00941	0	0
2394.40239	-0.00942	0	0
2394.50239	-0.00944	0	0
2394.60239	-0.00946	0	0
2394.70239	-0.00948	0	0
2394.80239	-0.00949	0	0
2394.90239	-0.00951	0	0
2395.0024	-0.00953	0	0
2395.1024	-0.00955	0	0
2395.2024	-0.00956	0	0
2395.3024	-0.00958	0	0
2395.4024	-0.0096	0	0
2395.5024	-0.00962	0	0
2395.6024	-0.00963	0	0
2395.7024	-0.00965	0	0
2395.8024	-0.00967	0	0
2395.9024	-0.00969	0	0
2396.0024	-0.0097	0	0
2396.1024	-0.00972	0	0
2396.2024	-0.00974	0	0
2396.3024	-0.00976	0	0
2396.4024	-0.00978	0	0
2396.5024	-0.00979	0	0
2396.6024	-0.00981	0	0
2396.7024	-0.00983	0	0
2396.8024	-0.00985	0	0
2396.9024	-0.00987	0	0
2397.0024	-0.00988	0	0
2397.1024	-0.0099	0	0
2397.2024	-0.00992	0	0
2397.3024	-0.00994	0	0
2397.4024	-0.00996	0	0
2397.5024	-0.00997	0	0
2397.6024	-0.00999	0	0
2397.7024	-0.01001	0	0
2397.8024	-0.01003	0	0
2397.9024	-0.01005	0	0
2398.0024	-0.01007	0	0
2398.1024	-0.01009	0	0
2398.2024	-0.0101	0	0
2398.3024	-0.01012	0	0
2398.4024	-0.01014	0	0
2398.5024	-0.01016	0	0
2398.6024	-0.01018	0	0
2398.7024	-0.0102	0	0
2398.8024	-0.01022	0	0
2398.9024	-0.01023	0	0
2399.0024	-0.01025	0	0
2399.1024	-0.01027	0	0
2399.2024	-0.01029	0	0
2399.3024	-0.01031	0	0
2399.4024	-0.01033	0	0
2399.5024	-0.01035	0	0
2399.6024	-0.01037	0	0
2399.7024	-0.01039	0	0
2399.8024	-0.01041	0	0
2399.9024	-0.01042	0	0
2400.0024	-0.01044	0	0
2400.1024	-0.01046	0	0
2400.2024	-0.01048	0	0
2400.3024	-0.0105	0	0
2400.4024	-0.01052	0	0
2400.5024	-0.01054	0	0
2400.6024	-0.01056	0	0
2400.7024	-0.01058	0	0
2400.8024	-0.0106	0	0
2400.9024	-0.01062	0	0
2401.0024	-0.01064	0	0
2401.1024	-0.01066	0	0
2401.2024	-0.01068	0	0
2401.3024	-0.0107	0	0
2401.4024	-0.01072	0	0
2401.5024	-0.01074	0	0
2401.6024	-0.01076	0	0
2401.7024	-0.01078	0	0
2401.8024	-0.0108	0	0
2401.9024	-0.01082	0	0
2402.0024	-0.01084	0	0
2402.1024	-0.01086	0	0
2402.2024	-0.01088	0	0
2402.3024	-0.0109	0	0
2402.4024	-0.01092	0	0
2402.5024	-0.01094	0	0
2402.6024	-0.01096	0	0
2402.7024	-0.01098	0	0
2402.8024	-0.011	0	0
2402.9024	-0.01102	0	0
2403.0024	-0.01104	0	0
2403.1024	-0.01106	0	0
2403.2024	-0.01108	0	0
2403.3024	-0.0111	0	0
2403.4024	-0.01112	0	0
2403.5024	-0.01114	0	0
2403.6024	-0.01116	0	0
2403.7024	-0.01118	0	0
2403.8024	-0.0112	0	0
2403.9024	-0.01122	0	0
2404.0024	-0.01124	0	0
2404.1024	-0.01126	0	0
2404.2024	-0.01128	0	0
2404.3024	-0.01131	0	0
2404.4024	-0.01133	0	0
2404.5024	-0.01135	0	0
2404.6024	-0.01137	0	0
2404.7024	-0.01139	0	0
2404.8024	-0.01141	0	0
2404.9024	-0.01143	0	0
2405.00241	-0.01145	0	0
2405.10241	-0.01147	0	0
2405.20241	-0.01149	0	0
2405.30241	-0.01151	0	0
2405.40241	-0.01154	0	0
2405.50241	-0.01156	0	0
2405.60241	-0.01158	0	0
2405.70241	-0.0116	0	0
2405.80241	-0.01162	0	0
2405.90241	-0.01164	0	0
2406.00241	-0.01166	0	0
2406.10241	-0.01169	0	0
2406.20241	-0.01171	0	0
2406.30241	-0.01173	0	0
2406.40241	-0.01175	0	0
2406.50241	-0.01177	0	0
2406.60241	-0.01179	0	0
2406.70241	-0.01181	0	0
2406.80241	-0.01184	0	0
2406.90241	-0.01186	0	0
2407.00241	-0.01188	0	0
2407.10241	-0.0119	0	0
2407.20241	-0.01192	0	0
2407.30241	-0.01194	0	0
2407.40241	-0.01197	0	0
2407.50241	-0.01199	0	0
2407.60241	-0.01201	0	0
2407.70241	-0.01203	0	0
2407.80241	-0.01205	0	0
2407.90241	-0.01208	0	0
2408.00241	-0.0121	0	0
2408.10241	-0.01212	0	0
2408.20241	-0.01214	0	0
2408.30241	-0.01217	0	0
2408.40241	-0.01219	0	0
2408.50241	-0.01221	0	0
2408.60241	-0.01223	0	0
2408.70241	-0.01225	0	0
2408.80241	-0.01228	0	0
2408.90241	-0.0123	0	0
2409.00241	-0.01232	0	0
2409.10241	-0.01234	0	0
2409.20241	-0.01237	0	0
2409.30241	-0.01239	0	0
2409.40241	-0.01241	0	0
2409.50241	-0.01243	0	0
2409.60241	-0.01246	0	0
2409.70241	-0.01248	0	0
2409.80241	-0.0125	0	0
2409.90241	-0.01252	0	0
2410.00241	-0.01255	0	0
2410.10241	-0.01257	0	0
2410.20241	-0.01259	0	0
2410.30241	-0.01262	0	0
2410.40241	-0.01264	0	0
2410.50241	-0.01266	0	0
2410.60241	-0.01268	0	0
2410.70241	-0.01271	0	0
2410.80241	-0.01273	0	0
2410.90241	-0.01275	0	0
2411.00241	-0.01278	0	0
2411.10241	-0.0128	0	0
2411.20241	-0.01282	0	0
2411.30241	-0.01285	0	0
2411.40241	-0.01287	0	0
2411.50241	-0.01289	0	0
2411.60241	-0.01292	0	0
2411.70241	-0.01294	0	0
2411.80241	-0.01296	0	0
2411.90241	-0.01299	0	0
2412.00241	-0.01301	0	0
2412.10241	-0.01303	0	0
2412.20241	-0.01306	0	0
2412.30241	-0.01308	0	0
2412.40241	-0.0131	0	0
2412.50241	-0.01313	0	0
2412.60241	-0.01315	0	0
2412.70241	-0.01317	0	0
2412.80241	-0.0132	0	0
2412.90241	-0.01322	0	0
2413.00241	-0.01325	0	0
2413.10241	-0.01327	0	0
2413.20241	-0.01329	0	0
2413.30241	-0.01332	0	0
2413.40241	-0.01334	0	0
2413.50241	-0.01336	0	0
2413.60241	-0.01339	0	0
2413.70241	-0.01341	0	0
2413.80241	-0.01344	0	0
2413.90241	-0.01346	0	0
2414.00241	-0.01348	0	0
2414.10241	-0.01351	0	0
2414.20241	-0.01353	0	0
2414.30241	-0.01356	0	0
2414.40241	-0.01358	0	0
2414.50241	-0.01361	0	0
2414.60241	-0.01363	0	0
2414.70241	-0.01365	0	0
2414.80241	-0.01368	0	0
2414.90241	-0.0137	0	0
2415.00242	-0.01373	0	0
2415.10242	-0.01375	0	0
2415.20242	-0.01378	0	0
2415.30242	-0.0138	0	0
2415.40242	-0.01382	0	0
2415.50242	-0.01385	0	0
2415.60242	-0.01387	0	0
2415.70242	-0.0139	0	0
2415.80242	-0.01392	0	0
2415.90242	-0.01395	0	0
2416.00242	-0.01397	0	0
2416.10242	-0.014	0	0
2416.20242	-0.01402	0	0
2416.30242	-0.01405	0	0
2416.40242	-0.01407	0	0
2416.50242	-0.0141	0	0
2416.60242	-0.01412	0	0
2416.70242	-0.01415	0	0
2416.80242	-0.01417	0	0
2416.90242	-0.0142	0	0
2417.00242	-0.01422	0	0
2417.10242	-0.01425	0	0
2417.20242	-0.01427	0	0
2417.30242	-0.0143	0	0
2417.40242	-0.01432	0	0
2417.50242	-0.01435	0	0
2417.60242	-0.01437	0	0
2417.70242	-0.0144	0	0
2417.80242	-0.01442	0	0
2417.90242	-0.01445	0	0
2418.00242	-0.01447	0	0
2418.10242	-0.0145	0	0
2418.20242	-0.01452	0	0
2418.30242	-0.01455	0	0
2418.40242	-0.01457	0	0
2418.50242	-0.0146	0	0
2418.60242	-0.01462	0	0
2418.70242	-0.01465	0	0
2418.80242	-0.01468	0	0
2418.90242	-0.0147	0	0
2419.00242	-0.01473	0	0
2419.10242	-0.01475	0	0
2419.20242	-0.01478	0	0
2419.30242	-0.0148	0	0
2419.40242	-0.01483	0	0
2419.50242	-0.01485	0	0
2419.60242	-0.01488	0	0
2419.70242	-0.01491	0	0
2419.80242	-0.01493	0	0
2419.90242	-0.01496	0	0
2420.00242	-0.01498	0	0
2420.10242	-0.01501	0	0
2420.20242	-0.01504	0	0
2420.30242	-0.01506	0	0
2420.40242	-0.01509	0	0
2420.50242	-0.01511	0	0
2420.60242	-0.01514	0	0
2420.70242	-0.01517	0	0
2420.80242	-0.01519	0	0
2420.90242	-0.01522	0	0
2421.00242	-0.01524	0	0
2421.10242	-0.01527	0	0
2421.20242	-0.0153	0	0
2421.30242	-0.01532	0	0
2421.40242	-0.01535	0	0
2421.50242	-0.01537	0	0
2421.60242	-0.0154	0	0
2421.70242	-0.01543	0	0
2421.80242	-0.01545	0	0
2421.90242	-0.01548	0	0
2422.00242	-0.01551	0	0
2422.10242	-0.01553	0	0
2422.20242	-0.01556	0	0
2422.30242	-0.01559	0	0
2422.40242	-0.01561	0	0
2422.50242	-0.01564	0	0
2422.60242	-0.01566	0	0
2422.70242	-0.01569	0	0
2422.80242	-0.01572	0	0
2422.90242	-0.01574	0	0
2423.00242	-0.01577	0	0
2423.10242	-0.0158	0	0
2423.20242	-0.01582	0	0
2423.30242	-0.01585	0	0
2423.40242	-0.01588	0	0
2423.50242	-0.0159	0	0
2423.60242	-0.01593	0	0
2423.70242	-0.01596	0	0
2423.80242	-0.01599	0	0
2423.90242	-0.01601	0	0
2424.00242	-0.01604	0	0
2424.10242	-0.01607	0	0
2424.20242	-0.01609	0	0
2424.30242	-0.01612	0	0
2424.40242	-0.01615	0	0
2424.50242	-0.01617	0	0
2424.60242	-0.0162	0	0
2424.70242	-0.01623	0	0
2424.80242	-0.01626	0	0
2424.90242	-0.01628	0	0
2425.00243	-0.01631	0	0
2425.10243	-0.01634	0	0
2425.20243	-0.01636	0	0
2425.30243	-0.01639	0	0
2425.40243	-0.01642	0	0
2425.50243	-0.01645	0	0
2425.60243	-0.01647	0	0
2425.70243	-0.0165	0	0
2425.80243	-0.01653	0	0
2425.90243	-0.01655	0	0
2426.00243	-0.01658	0	0
2426.10243	-0.01661	0	0
2426.20243	-0.01664	0	0
2426.30243	-0.01666	0	0
2426.40243	-0.01669	0	0
2426.50243	-0.01672	0	0
2426.60243	-0.01675	0	0
2426.70243	-0.01677	0	0
2426.80243	-0.0168	0	0
2426.90243	-0.01683	0	0
2427.00243	-0.01686	0	0
2427.10243	-0.01688	0	0
2427.20243	-0.01691	0	0
2427.30243	-0.01694	0	0
2427.40243	-0.01697	0	0
2427.50243	-0.017	0	0
2427.60243	-0.01702	0	0
2427.70243	-0.01705	0	0
2427.80243	-0.01708	0	0
2427.90243	-0.01711	0	0
2428.00243	-0.01713	0	0
2428.10243	-0.01716	0	0
2428.20243	-0.01719	0	0
2428.30243	-0.01722	0	0
2428.40243	-0.01725	0	0
2428.50243	-0.01727	0	0
2428.60243	-0.0173	0	0
2428.70243	-0.01733	0	0
2428.80243	-0.01736	0	0
2428.90243	-0.01739	0	0
2429.00243	-0.01741	0	0
2429.10243	-0.01744	0	0
2429.20243	-0.01747	0	0
2429.30243	-0.0175	0	0
2429.40243	-0.01753	0	0
2429.50243	-0.01755	0	0
2429.60243	-0.01758	0	0
2429.70243	-0.01761	0	0
2429.80243	-0.01764	0	0
2429.90243	-0.01767	0	0
2430.00243	-0.01769	0	0
2430.10243	-0.01772	0	0
2430.20243	-0.01775	0	0
2430.30243	-0.01778	0	0
2430.40243	-0.01781	0	0
2430.50243	-0.01784	0	0
2430.60243	-0.01786	0	0
2430.70243	-0.01789	0	0
2430.80243	-0.01792	0	0
2430.90243	-0.01795	0	0
2431.00243	-0.01798	0	0
2431.10243	-0.01801	0	0
2431.20243	-0.01804	0	0
2431.30243	-0.01806	0	0
2431.40243	-0.01809	0	0
2431.50243	-0.01812	0	0
2431.60243	-0.01815	0	0
2431.70243	-0.01818	0	0
2431.80243	-0.01821	0	0
2431.90243	-0.01823	0	0
2432.00243	-0.01826	0	0
2432.10243	-0.01829	0	0
2432.20243	-0.01832	0	0
2432.30243	-0.01835	0	0
2432.40243	-0.01838	0	0
2432.50243	-0.01841	0	0
2432.60243	-0.01844	0	0
2432.70243	-0.01846	0	0
2432.80243	-0.01849	0	0
2432.90243	-0.01852	0	0
2433.00243	-0.01855	0	0
2433.10243	-0.01858	0	0
2433.20243	-0.01861	0	0
2433.30243	-0.01864	0	0
2433.40243	-0.01867	0	0
2433.50243	-0.01869	0	0
2433.60243	-0.01872	0	0
2433.70243	-0.01875	0	0
2433.80243	-0.01878	0	0
2433.90243	-0.01881	0	0
2434.00243	-0.01884	0	0
2434.10243	-0.01887	0	0
2434.20243	-0.0189	0	0
2434.30243	-0.01893	0	0
2434.40243	-0.01896	0	0
2434.50243	-0.01898	0	0
2434.60243	-0.01901	0	0
2434.70243	-0.01904	0	0
2434.80243	-0.01907	0	0
2434.90243	-0.0191	0	0
2435.00244	-0.01913	0	0
2435.10244	-0.01916	0	0
2435.20244	-0.01919	0	0
2435.30244	-0.01922	0	0
2435.40244	-0.01925	0	0
2435.50244	-0.01928	0	0
2435.60244	-0.01931	0	0
2435.70244	-0.01933	0	0
2435.80244	-0.01936	0	0
2435.90244	-0.01939	0	0
2436.00244	-0.01942	0	0
2436.10244	-0.01945	0	0
2436.20244	-0.01948	0	0
2436.30244	-0.01951	0	0
2436.40244	-0.01954	0	0
2436.50244	-0.01957	0	0
2436.60244	-0.0196	0	0
2436.70244	-0.01963	0	0
2436.80244	-0.01966	0	0
2436.90244	-0.01969	0	0
2437.00244	-0.01972	0	0
2437.10244	-0.01974	0	0
2437.20244	-0.01977	0	0
2437.30244	-0.0198	0	0
2437.40244	-0.01983	0	0
2437.50244	-0.01986	0	0
2437.60244	-0.01989	0	0
2437.70244	-0.01992	0	0
2437.80244	-0.01995	0	0
2437.90244	-0.01998	0	0
2438.00244	-0.02001	0	0
2438.10244	-0.02004	0	0
2438.20244	-0.02007	0	0
2438.30244	-0.0201	0	0
2438.40244	-0.02013	0	0
2438.50244	-0.02016	0	0
2438.60244	-0.02019	0	0
2438.70244	-0.02022	0	0
2438.80244	-0.02025	0	0
2438.90244	-0.02028	0	0
2439.00244	-0.02031	0	0
2439.10244	-0.02034	0	0
2439.20244	-0.02037	0	0
2439.30244	-0.0204	0	0
2439.40244	-0.02042	0	0
2439.50244	-0.02045	0	0
2439.60244	-0.02048	0	0
2439.70244	-0.02051	0	0
2439.80244	-0.02054	0	0
2439.90244	-0.02057	0	0
2440.00244	-0.0206	0	0
2440.10244	-0.02063	0	0
2440.20244	-0.02066	0	0
2440.30244	-0.02069	0	0
2440.40244	-0.02072	0	0
2440.50244	-0.02075	0	0
2440.60244	-0.02078	0	0
2440.70244	-0.02081	0	0
2440.80244	-0.02084	0	0
2440.90244	-0.02087	0	0
2441.00244	-0.0209	0	0
2441.10244	-0.02093	0	0
2441.20244	-0.02096	0	0
2441.30244	-0.02099	0	0
2441.40244	-0.02102	0	0
2441.50244	-0.02105	0	0
2441.60244	-0.02108	0	0
2441.70244	-0.02111	0	0
2441.80244	-0.02114	0	0
2441.90244	-0.02117	0	0
2442.00244	-0.0212	0	0
2442.10244	-0.02123	0	0
2442.20244	-0.02126	0	0
2442.30244	-0.02129	0	0
2442.40244	-0.02132	0	0
2442.50244	-0.02135	0	0
2442.60244	-0.02138	0	0
2442.70244	-0.02141	0	0
2442.80244	-0.02144	0	0
2442.90244	-0.02147	0	0
2443.00244	-0.0215	0	0
2443.10244	-0.02153	0	0
2443.20244	-0.02156	0	0
2443.30244	-0.02159	0	0
2443.40244	-0.02162	0	0
2443.50244	-0.02165	0	0
2443.60244	-0.02168	0	0
2443.70244	-0.02171	0	0
2443.80244	-0.02174	0	0
2443.90244	-0.02177	0	0
2444.00244	-0.0218	0	0
2444.10244	-0.02183	0	0
2444.20244	-0.02186	0	0
2444.30244	-0.02189	0	0
2444.40244	-0.02192	0	0
2444.50244	-0.02195	0	0
2444.60244	-0.02198	0	0
2444.70244	-0.02201	0	0
2444.80244	-0.02204	0	0
2444.90244	-0.02207	0	0
2445.00245	-0.0221	0	0
2445.10245	-0.02213	0	0
2445.20245	-0.02216	0	0
2445.30245	-0.02219	0	0
2445.40245	-0.02222	0	0
2445.50245	-0.02225	0	0
2445.60245	-0.02228	0	0
2445.70245	-0.02231	0	0
2445.80245	-0.02234	0	0
2445.90245	-0.02237	0	0
2446.00245	-0.0224	0	0
2446.10245	-0.02243	0	0
2446.20245	-0.02246	0	0
2446.30245	-0.02249	0	0
2446.40245	-0.02253	0	0
2446.50245	-0.02256	0	0
2446.60245	-0.02259	0	0
2446.70245	-0.02262	0	0
2446.80245	-0.02265	0	0
2446.90245	-0.02268	0	0
2447.00245	-0.02271	0	0
2447.10245	-0.02274	0	0
2447.20245	-0.02277	0	0
2447.30245	-0.0228	0	0
2447.40245	-0.02283	0	0
2447.50245	-0.02286	0	0
2447.60245	-0.02289	0	0
2447.70245	-0.02292	0	0
2447.80245	-0.02295	0	0
2447.90245	-0.02298	0	0
2448.00245	-0.02301	0	0
2448.10245	-0.02304	0	0
2448.20245	-0.02307	0	0
2448.30245	-0.0231	0	0
2448.40245	-0.02313	0	0
2448.50245	-0.02316	0	0
2448.60245	-0.02319	0	0
2448.70245	-0.02322	0	0
2448.80245	-0.02325	0	0
2448.90245	-0.02328	0	0
2449.00245	-0.02331	0	0
2449.10245	-0.02334	0	0
2449.20245	-0.02337	0	0
2449.30245	-0.0234	0	0
2449.40245	-0.02343	0	0
2449.50245	-0.02346	0	0
2449.60245	-0.02349	0	0
2449.70245	-0.02352	0	0
2449.80245	-0.02355	0	0
2449.90245	-0.02358	0	0
2450.00245	-0.02361	0	0
2450.10245	-0.02364	0	0
2450.20245	-0.02367	0	0
2450.30245	-0.0237	0	0
2450.40245	-0.02374	0	0
2450.50245	-0.02377	0	0
2450.60245	-0.0238	0	0
2450.70245	-0.02383	0	0
2450.80245	-0.02386	0	0
2450.90245	-0.02389	0	0
2451.00245	-0.02392	0	0
2451.10245	-0.02395	0	0
2451.20245	-0.02398	0	0
2451.30245	-0.02401	0	0
2451.40245	-0.02404	0	0
2451.50245	-0.02407	0	0
2451.60245	-0.0241	0	0
2451.70245	-0.02413	0	0
2451.80245	-0.02416	0	0
2451.90245	-0.02419	0	0
2452.00245	-0.02422	0	0
2452.10245	-0.02425	0	0
2452.20245	-0.02428	0	0
2452.30245	-0.02431	0	0
2452.40245	-0.02434	0	0
2452.50245	-0.02437	0	0
2452.60245	-0.0244	0	0
2452.70245	-0.02443	0	0
2452.80245	-0.02446	0	0
2452.90245	-0.02449	0	0
2453.00245	-0.02452	0	0
2453.10245	-0.02455	0	0
2453.20245	-0.02458	0	0
2453.30245	-0.02461	0	0
2453.40245	-0.02464	0	0
2453.50245	-0.02467	0	0
2453.60245	-0.0247	0	0
2453.70245	-0.02473	0	0
2453.80245	-0.02476	0	0
2453.90245	-0.02479	0	0
2454.00245	-0.02482	0	0
2454.10245	-0.02485	0	0
2454.20245	-0.02488	0	0
2454.30245	-0.02491	0	0
2454.40245	-0.02494	0	0
2454.50245	-0.02497	0	0
2454.60245	-0.025	0	0
2454.70245	-0.02503	0	0
2454.80245	-0.02506	0	0
2454.90245	-0.02509	0	0
2455.00246	-0.02512	0	0
2455.10246	-0.02515	0	0
2455.20246	-0.02518	0	0
2455.30246	-0.02521	0	0
2455.40246	-0.02524	0	0
2455.50246	-0.02527	0	0
2455.60246	-0.0253	0	0
2455.70246	-0.02533	0	0
2455.80246	-0.02536	0	0
2455.90246	-0.02539	0	0
2456.00246	-0.02542	0	0
2456.10246	-0.02545	0	0
2456.20246	-0.02548	0	0
2456.30246	-0.02551	0	0
2456.40246	-0.02554	0	0
2456.50246	-0.02557	0	0
2456.60246	-0.0256	0	0
2456.70246	-0.02563	0	0
2456.80246	-0.02566	0	0
2456.90246	-0.02569	0	0
2457.00246	-0.02572	0	0
2457.10246	-0.02575	0	0
2457.20246	-0.02578	0	0
2457.30246	-0.02581	0	0
2457.40246	-0.02584	0	0
2457.50246	-0.02587	0	0
2457.60246	-0.0259	0	0
2457.70246	-0.02593	0	0
2457.80246	-0.02596	0	0
2457.90246	-0.02599	0	0
2458.00246	-0.02602	0	0
2458.10246	-0.02605	0	0
2458.20246	-0.02608	0	0
2458.30246	-0.02611	0	0
2458.40246	-0.02614	0	0
2458.50246	-0.02617	0	0
2458.60246	-0.0262	0	0
2458.70246	-0.02623	0	0
2458.80246	-0.02626	0	0
2458.90246	-0.02629	0	0
2459.00246	-0.02632	0	0
2459.10246	-0.02635	0	0
2459.20246	-0.02638	0	0
2459.30246	-0.02641	0	0
2459.40246	-0.02644	0	0
2459.50246	-0.02647	0	0
2459.60246	-0.0265	0	0
2459.70246	-0.02653	0	0
2459.80246	-0.02656	0	0
2459.90246	-0.02659	0	0
2460.00246	-0.02662	0	0
2460.10246	-0.02665	0	0
2460.20246	-0.02668	0	0
2460.30246	-0.02671	0	0
2460.40246	-0.02674	0	0
2460.50246	-0.02677	0	0
2460.60246	-0.0268	0	0
2460.70246	-0.02683	0	0
2460.80246	-0.02685	0	0
2460.90246	-0.02688	0	0
2461.00246	-0.02691	0	0
2461.10246	-0.02694	0	0
2461.20246	-0.02697	0	0
2461.30246	-0.027	0	0
2461.40246	-0.02703	0	0
2461.50246	-0.02706	0	0
2461.60246	-0.02709	0	0
2461.70246	-0.02712	0	0
2461.80246	-0.02715	0	0
2461.90246	-0.02718	0	0
2462.00246	-0.02721	0	0
2462.10246	-0.02724	0	0
2462.20246	-0.02727	0	0
2462.30246	-0.0273	0	0
2462.40246	-0.02733	0	0
2462.50246	-0.02735	0	0
2462.60246	-0.02738	0	0
2462.70246	-0.02741	0	0
2462.80246	-0.02744	0	0
2462.90246	-0.02747	0	0
2463.00246	-0.0275	0	0
2463.10246	-0.02753	0	0
2463.20246	-0.02756	0	0
2463.30246	-0.02759	0	0
2463.40246	-0.02762	0	0
2463.50246	-0.02765	0	0
2463.60246	-0.02768	0	0
2463.70246	-0.0277	0	0
2463.80246	-0.02773	0	0
2463.90246	-0.02776	0	0
2464.00246	-0.02779	0	0
2464.10246	-0.02782	0	0
2464.20246	-0.02785	0	0
2464.30246	-0.02788	0	0
2464.40246	-0.02791	0	0
2464.50246	-0.02794	0	0
2464.60246	-0.02797	0	0
2464.70246	-0.02799	0	0
2464.80246	-0.02802	0	0
2464.90246	-0.02805	0	0
2465.00247	-0.02808	0	0
2465.10247	-0.02811	0	0
2465.20247	-0.02814	0	0
2465.30247	-0.02817	0	0
2465.40247	-0.0282	0	0
2465.50247	-0.02823	0	0
2465.60247	-0.02825	0	0
2465.70247	-0.02828	0	0
2465.80247	-0.02831	0	0
2465.90247	-0.02834	0	0
2466.00247	-0.02837	0	0
2466.10247	-0.0284	0	0
2466.20247	-0.02843	0	0
2466.30247	-0.02845	0	0
2466.40247	-0.02848	0	0
2466.50247	-0.02851	0	0
2466.60247	-0.02854	0	0
2466.70247	-0.02857	0	0
2466.80247	-0.0286	0	0
2466.90247	-0.02863	0	0
2467.00247	-0.02865	0	0
2467.10247	-0.02868	0	0
2467.20247	-0.02871	0	0
2467.30247	-0.02874	0	0
2467.40247	-0.02877	0	0
2467.50247	-0.0288	0	0
2467.60247	-0.02882	0	0
2467.70247	-0.02885	0	0
2467.80247	-0.02888	0	0
2467.90247	-0.02891	0	0
2468.00247	-0.02894	0	0
2468.10247	-0.02897	0	0
2468.20247	-0.02899	0	0
2468.30247	-0.02902	0	0
2468.40247	-0.02905	0	0
2468.50247	-0.02908	0	0
2468.60247	-0.02911	0	0
2468.70247	-0.02913	0	0
2468.80247	-0.02916	0	0
2468.90247	-0.02919	0	0
2469.00247	-0.02922	0	0
2469.10247	-0.02925	0	0
2469.20247	-0.02928	0	0
2469.30247	-0.0293	0	0
2469.40247	-0.02933	0	0
2469.50247	-0.02936	0	0
2469.60247	-0.02939	0	0
2469.70247	-0.02941	0	0
2469.80247	-0.02944	0	0
2469.90247	-0.02947	0	0
2470.00247	-0.0295	0	0
2470.10247	-0.02953	0	0
2470.20247	-0.02955	0	0
2470.30247	-0.02958	0	0
2470.40247	-0.02961	0	0
2470.50247	-0.02964	0	0
2470.60247	-0.02966	0	0
2470.70247	-0.02969	0	0
2470.80247	-0.02972	0	0
2470.90247	-0.02975	0	0
2471.00247	-0.02977	0	0
2471.10247	-0.0298	0	0
2471.20247	-0.02983	0	0
2471.30247	-0.02986	0	0
2471.40247	-0.02988	0	0
2471.50247	-0.02991	0	0
2471.60247	-0.02994	0	0
2471.70247	-0.02997	0	0
2471.80247	-0.02999	0	0
2471.90247	-0.03002	0	0
2472.00247	-0.03005	0	0
2472.10247	-0.03008	0	0
2472.20247	-0.0301	0	0
2472.30247	-0.03013	0	0
2472.40247	-0.03016	0	0
2472.50247	-0.03018	0	0
2472.60247	-0.03021	0	0
2472.70247	-0.03024	0	0
2472.80247	-0.03027	0	0
2472.90247	-0.03029	0	0
2473.00247	-0.03032	0	0
2473.10247	-0.03035	0	0
2473.20247	-0.03037	0	0
2473.30247	-0.0304	0	0
2473.40247	-0.03043	0	0
2473.50247	-0.03045	0	0
2473.60247	-0.03048	0	0
2473.70247	-0.03051	0	0
2473.80247	-0.03053	0	0
2473.90247	-0.03056	0	0
2474.00247	-0.03059	0	0
2474.10247	-0.03061	0	0
2474.20247	-0.03064	0	0
2474.30247	-0.03067	0	0
2474.40247	-0.03069	0	0
2474.50247	-0.03072	0	0
2474.60247	-0.03075	0	0
2474.70247	-0.03077	0	0
2474.80247	-0.0308	0	0
2474.90247	-0.03083	0	0
2475.00248	-0.03085	0	0
2475.10248	-0.03088	0	0
2475.20248	-0.03091	0	0
2475.30248	-0.03093	0	0
2475.40248	-0.03096	0	0
2475.50248	-0.03099	0	0
2475.60248	-0.03101	0	0
2475.70248	-0.03104	0	0
2475.80248	-0.03106	0	0
2475.90248	-0.03109	0	0
2476.00248	-0.03112	0	0
2476.10248	-0.03114	0	0
2476.20248	-0.03117	0	0
2476.30248	-0.03119	0	0
2476.40248	-0.03122	0	0
2476.50248	-0.03125	0	0
2476.60248	-0.03127	0	0
2476.70248	-0.0313	0	0
2476.80248	-0.03132	0	0
2476.90248	-0.03135	0	0
2477.00248	-0.03138	0	0
2477.10248	-0.0314	0	0
2477.20248	-0.03143	0	0
2477.30248	-0.03145	0	0
2477.40248	-0.03148	0	0
2477.50248	-0.0315	0	0
2477.60248	-0.03153	0	0
2477.70248	-0.03156	0	0
2477.80248	-0.03158	0	0
2477.90248	-0.03161	0	0
2478.00248	-0.03163	0	0
2478.10248	-0.03166	0	0
2478.20248	-0.03168	0	0
2478.30248	-0.03171	0	0
2478.40248	-0.03173	0	0
2478.50248	-0.03176	0	0
2478.60248	-0.03178	0	0
2478.70248	-0.03181	0	0
2478.80248	-0.03183	0	0
2478.90248	-0.03186	0	0
2479.00248	-0.03188	0	0
2479.10248	-0.03191	0	0
2479.20248	-0.03193	0	0
2479.30248	-0.03196	0	0
2479.40248	-0.03198	0	0
2479.50248	-0.03201	0	0
2479.60248	-0.03203	0	0
2479.70248	-0.03206	0	0
2479.80248	-0.03208	0	0
2479.90248	-0.03211	0	0
2480.00248	-0.03213	0	0
2480.10248	-0.03216	0	0
2480.20248	-0.03218	0	0
2480.30248	-0.03221	0	0
2480.40248	-0.03223	0	0
2480.50248	-0.03226	0	0
2480.60248	-0.03228	0	0
2480.70248	-0.03231	0	0
2480.80248	-0.03233	0	0
2480.90248	-0.03235	0	0
2481.00248	-0.03238	0	0
2481.10248	-0.0324	0	0
2481.20248	-0.03243	0	0
2481.30248	-0.03245	0	0
2481.40248	-0.03248	0	0
2481.50248	-0.0325	0	0
2481.60248	-0.03252	0	0
2481.70248	-0.03255	0	0
2481.80248	-0.03257	0	0
2481.90248	-0.0326	0	0
2482.00248	-0.03262	0	0
2482.10248	-0.03264	0	0
2482.20248	-0.03267	0	0
2482.30248	-0.03269	0	0
2482.40248	-0.03272	0	0
2482.50248	-0.03274	0	0
2482.60248	-0.03276	0	0
2482.70248	-0.03279	0	0
2482.80248	-0.03281	0	0
2482.90248	-0.03283	0	0
2483.00248	-0.03286	0	0
2483.10248	-0.03288	0	0
2483.20248	-0.03291	0	0
2483.30248	-0.03293	0	0
2483.40248	-0.03295	0	0
2483.50248	-0.03298	0	0
2483.60248	-0.033	0	0
2483.70248	-0.03302	0	0
2483.80248	-0.03305	0	0
2483.90248	-0.03307	0	0
2484.00248	-0.03309	0	0
2484.10248	-0.03312	0	0
2484.20248	-0.03314	0	0
2484.30248	-0.03316	0	0
2484.40248	-0.03318	0	0
2484.50248	-0.03321	0	0
2484.60248	-0.03323	0	0
2484.70248	-0.03325	0	0
2484.80248	-0.03328	0	0
2484.90248	-0.0333	0	0
2485.00249	-0.03332	0	0
2485.10249	-0.03334	0	0
2485.20249	-0.03337	0	0
2485.30249	-0.03339	0	0
2485.40249	-0.03341	0	0
2485.50249	-0.03343	0	0
2485.60249	-0.03346	0	0
2485.70249	-0.03348	0	0
2485.80249	-0.0335	0	0
2485.90249	-0.03352	0	0
2486.00249	-0.03355	0	0
2486.10249	-0.03357	0	0
2486.20249	-0.03359	0	0
2486.30249	-0.03361	0	0
2486.40249	-0.03364	0	0
2486.50249	-0.03366	0	0
2486.60249	-0.03368	0	0
2486.70249	-0.0337	0	0
2486.80249	-0.03372	0	0
2486.90249	-0.03375	0	0
2487.00249	-0.03377	0	0
2487.10249	-0.03379	0	0
2487.20249	-0.03381	0	0
2487.30249	-0.03383	0	0
2487.40249	-0.03386	0	0
2487.50249	-0.03388	0	0
2487.60249	-0.0339	0	0
2487.70249	-0.03392	0	0
2487.80249	-0.03394	0	0
2487.90249	-0.03396	0	0
2488.00249	-0.03399	0	0
2488.10249	-0.03401	0	0
2488.20249	-0.03403	0	0
2488.30249	-0.03405	0	0
2488.40249	-0.03407	0	0
2488.50249	-0.03409	0	0
2488.60249	-0.03411	0	0
2488.70249	-0.03413	0	0
2488.80249	-0.03416	0	0
2488.90249	-0.03418	0	0
2489.00249	-0.0342	0	0
2489.10249	-0.03422	0	0
2489.20249	-0.03424	0	0
2489.30249	-0.03426	0	0
2489.40249	-0.03428	0	0
2489.50249	-0.0343	0	0
2489.60249	-0.03432	0	0
2489.70249	-0.03434	0	0
2489.80249	-0.03436	0	0
2489.90249	-0.03438	0	0
2490.00249	-0.0344	0	0
2490.10249	-0.03443	0	0
2490.20249	-0.03445	0	0
2490.30249	-0.03447	0	0
2490.40249	-0.03449	0	0
2490.50249	-0.03451	0	0
2490.60249	-0.03453	0	0
2490.70249	-0.03455	0	0
2490.80249	-0.03457	0	0
2490.90249	-0.03459	0	0
2491.00249	-0.03461	0	0
2491.10249	-0.03463	0	0
2491.20249	-0.03465	0	0
2491.30249	-0.03467	0	0
2491.40249	-0.03469	0	0
2491.50249	-0.03471	0	0
2491.60249	-0.03473	0	0
2491.70249	-0.03475	0	0
2491.80249	-0.03477	0	0
2491.90249	-0.03479	0	0
2492.00249	-0.03481	0	0
2492.10249	-0.03483	0	0
2492.20249	-0.03484	0	0
2492.30249	-0.03486	0	0
2492.40249	-0.03488	0	0
2492.50249	-0.0349	0	0
2492.60249	-0.03492	0	0
2492.70249	-0.03494	0	0
2492.80249	-0.03496	0	0
2492.90249	-0.03498	0	0
2493.00249	-0.035	0	0
2493.10249	-0.03502	0	0
2493.20249	-0.03504	0	0
2493.30249	-0.03506	0	0
2493.40249	-0.03507	0	0
2493.50249	-0.03509	0	0
2493.60249	-0.03511	0	0
2493.70249	-0.03513	0	0
2493.80249	-0.03515	0	0
2493.90249	-0.03517	0	0
2494.00249	-0.03519	0	0
2494.10249	-0.03521	0	0
2494.20249	-0.03522	0	0
2494.30249	-0.03524	0	0
2494.40249	-0.03526	0	0
2494.50249	-0.03528	0	0
2494.60249	-0.0353	0	0
2494.70249	-0.03532	0	0
2494.80249	-0.03533	0	0
2494.90249	-0.03535	0	0
2495.0025	-0.03537	0	0
2495.1025	-0.03539	0	0
2495.2025	-0.03541	0	0
2495.3025	-0.03542	0	0
2495.4025	-0.03544	0	0
2495.5025	-0.03546	0	0
2495.6025	-0.03548	0	0
2495.7025	-0.03549	0	0
2495.8025	-0.03551	0	0
2495.9025	-0.03553	0	0
2496.0025	-0.03555	0	0
2496.1025	-0.03556	0	0
2496.2025	-0.03558	0	0
2496.3025	-0.0356	0	0
2496.4025	-0.03562	0	0
2496.5025	-0.03563	0	0
2496.6025	-0.03565	0	0
2496.7025	-0.03567	0	0
2496.8025	-0.03568	0	0
2496.9025	-0.0357	0	0
2497.0025	-0.03572	0	0
2497.1025	-0.03574	0	0
2497.2025	-0.03575	0	0
2497.3025	-0.03577	0	0
2497.4025	-0.03579	0	0
2497.5025	-0.0358	0	0
2497.6025	-0.03582	0	0
2497.7025	-0.03584	0	0
2497.8025	-0.03585	0	0
2497.9025	-0.03587	0	0
2498.0025	-0.03589	0	0
2498.1025	-0.0359	0	0
2498.2025	-0.03592	0	0
2498.3025	-0.03593	0	0
2498.4025	-0.03595	0	0
2498.5025	-0.03597	0	0
2498.6025	-0.03598	0	0
2498.7025	-0.036	0	0
2498.8025	-0.03602	0	0
2498.9025	-0.03603	0	0
2499.0025	-0.03605	0	0
2499.1025	-0.03606	0	0
2499.2025	-0.03608	0	0
2499.3025	-0.03609	0	0
2499.4025	-0.03611	0	0
2499.5025	-0.03613	0	0
2499.6025	-0.03614	0	0
2499.7025	-0.03616	0	0
2499.8025	-0.03617	0	0
2499.9025	-0.03619	0	0
2500.0025	-0.0362	0	0
2500.1025	-0.03622	0	0
2500.2025	-0.03623	0	0
2500.3025	-0.03625	0	0
2500.4025	-0.03626	0	0
2500.5025	-0.03628	0	0
2500.6025	-0.03629	0	0
2500.7025	-0.03631	0	0
2500.8025	-0.03632	0	0
2500.9025	-0.03634	0	0
2501.0025	-0.03635	0	0
2501.1025	-0.03637	0	0
2501.2025	-0.03638	0	0
2501.3025	-0.0364	0	0
2501.4025	-0.03641	0	0
2501.5025	-0.03642	0	0
2501.6025	-0.03644	0	0
2501.7025	-0.03645	0	0
2501.8025	-0.03647	0	0
2501.9025	-0.03648	0	0
2502.0025	-0.0365	0	0
2502.1025	-0.03651	0	0
2502.2025	-0.03652	0	0
2502.3025	-0.03654	0	0
2502.4025	-0.03655	0	0
2502.5025	-0.03657	0	0
2502.6025	-0.03658	0	0
2502.7025	-0.03659	0	0
2502.8025	-0.03661	0	0
2502.9025	-0.03662	0	0
2503.0025	-0.03663	0	0
2503.1025	-0.03665	0	0
2503.2025	-0.03666	0	0
2503.3025	-0.03667	0	0
2503.4025	-0.03669	0	0
2503.5025	-0.0367	0	0
2503.6025	-0.03671	0	0
2503.7025	-0.03673	0	0
2503.8025	-0.03674	0	0
2503.9025	-0.03675	0	0
2504.0025	-0.03677	0	0
2504.1025	-0.03678	0	0
2504.2025	-0.03679	0	0
2504.3025	-0.0368	0	0
2504.4025	-0.03682	0	0
2504.5025	-0.03683	0	0
2504.6025	-0.03684	0	0
2504.7025	-0.03686	0	0
2504.8025	-0.03687	0	0
2504.9025	-0.03688	0	0
2505.00251	-0.03689	0	0
2505.10251	-0.0369	0	0
2505.20251	-0.03692	0	0
2505.30251	-0.03693	0	0
2505.40251	-0.03694	0	0
2505.50251	-0.03695	0	0
2505.60251	-0.03696	0	0
2505.70251	-0.03698	0	0
2505.80251	-0.03699	0	0
2505.90251	-0.037	0	0
2506.00251	-0.03701	0	0
2506.10251	-0.03702	0	0
2506.20251	-0.03704	0	0
2506.30251	-0.03705	0	0
2506.40251	-0.03706	0	0
2506.50251	-0.03707	0	0
2506.60251	-0.03708	0	0
2506.70251	-0.03709	0	0
2506.80251	-0.0371	0	0
2506.90251	-0.03711	0	0
2507.00251	-0.03713	0	0
2507.10251	-0.03714	0	0
2507.20251	-0.03715	0	0
2507.30251	-0.03716	0	0
2507.40251	-0.03717	0	0
2507.50251	-0.03718	0	0
2507.60251	-0.03719	0	0
2507.70251	-0.0372	0	0
2507.80251	-0.03721	0	0
2507.90251	-0.03722	0	0
2508.00251	-0.03723	0	0
2508.10251	-0.03724	0	0
2508.20251	-0.03725	0	0
2508.30251	-0.03726	0	0
2508.40251	-0.03727	0	0
2508.50251	-0.03728	0	0
2508.60251	-0.03729	0	0
2508.70251	-0.0373	0	0
2508.80251	-0.03731	0	0
2508.90251	-0.03732	0	0
2509.00251	-0.03733	0	0
2509.10251	-0.03734	0	0
2509.20251	-0.03735	0	0
2509.30251	-0.03736	0	0
2509.40251	-0.03737	0	0
2509.50251	-0.03738	0	0
2509.60251	-0.03739	0	0
2509.70251	-0.0374	0	0
2509.80251	-0.03741	0	0
2509.90251	-0.03742	0	0
2510.00251	-0.03743	0	0
2510.10251	-0.03744	0	0
2510.20251	-0.03745	0	0
2510.30251	-0.03746	0	0
2510.40251	-0.03746	0	0
2510.50251	-0.03747	0	0
2510.60251	-0.03748	0	0
2510.70251	-0.03749	0	0
2510.80251	-0.0375	0	0
2510.90251	-0.03751	0	0
2511.00251	-0.03752	0	0
2511.10251	-0.03752	0	0
2511.20251	-0.03753	0	0
2511.30251	-0.03754	0	0
2511.40251	-0.03755	0	0
2511.50251	-0.03756	0	0
2511.60251	-0.03757	0	0
2511.70251	-0.03757	0	0
2511.80251	-0.03758	0	0
2511.90251	-0.03759	0	0
2512.00251	-0.0376	0	0
2512.10251	-0.03761	0	0
2512.20251	-0.03761	0	0
2512.30251	-0.03762	0	0
2512.40251	-0.03763	0	0
2512.50251	-0.03764	0	0
2512.60251	-0.03764	0	0
2512.70251	-0.03765	0	0
2512.80251	-0.03766	0	0
2512.90251	-0.03766	0	0
2513.00251	-0.03767	0	0
2513.10251	-0.03768	0	0
2513.20251	-0.03769	0	0
2513.30251	-0.03769	0	0
2513.40251	-0.0377	0	0
2513.50251	-0.03771	0	0
2513.60251	-0.03771	0	0
2513.70251	-0.03772	0	0
2513.80251	-0.03773	0	0
2513.90251	-0.03773	0	0
2514.00251	-0.03774	0	0
2514.10251	-0.03775	0	0
2514.20251	-0.03775	0	0
2514.30251	-0.03776	0	0
2514.40251	-0.03777	0	0
2514.50251	-0.03777	0	0
2514.60251	-0.03778	0	0
2514.70251	-0.03778	0	0
2514.80251	-0.03779	0	0
2514.90251	-0.0378	0	0
2515.00252	-0.0378	0	0
2515.10252	-0.03781	0	0
2515.20252	-0.03781	0	0
2515.30252	-0.03782	0	0
2515.40252	-0.03782	0	0
2515.50252	-0.03783	0	0
2515.60252	-0.03783	0	0
2515.70252	-0.03784	0	0
2515.80252	-0.03785	0	0
2515.90252	-0.03785	0	0
2516.00252	-0.03786	0	0
2516.10252	-0.03786	0	0
2516.20252	-0.03787	0	0
2516.30252	-0.03787	0	0
2516.40252	-0.03788	0	0
2516.50252	-0.03788	0	0
2516.60252	-0.03788	0	0
2516.70252	-0.03789	0	0
2516.80252	-0.03789	0	0
2516.90252	-0.0379	0	0
2517.00252	-0.0379	0	0
2517.10252	-0.03791	0	0
2517.20252	-0.03791	0	0
2517.30252	-0.03792	0	0
2517.40252	-0.03792	0	0
2517.50252	-0.03792	0	0
2517.60252	-0.03793	0	0
2517.70252	-0.03793	0	0
2517.80252	-0.03794	0	0
2517.90252	-0.03794	0	0
2518.00252	-0.03794	0	0
2518.10252	-0.03795	0	0
2518.20252	-0.03795	0	0
2518.30252	-0.03795	0	0
2518.40252	-0.03796	0	0
2518.50252	-0.03796	0	0
2518.60252	-0.03796	0	0
2518.70252	-0.03797	0	0
2518.80252	-0.03797	0	0
2518.90252	-0.03797	0	0
2519.00252	-0.03798	0	0
2519.10252	-0.03798	0	0
2519.20252	-0.03798	0	0
2519.30252	-0.03799	0	0
2519.40252	-0.03799	0	0
2519.50252	-0.03799	0	0
2519.60252	-0.03799	0	0
2519.70252	-0.038	0	0
2519.80252	-0.038	0	0
2519.90252	-0.038	0	0
2520.00252	-0.038	0	0
2520.10252	-0.03801	0	0
2520.20252	-0.03801	0	0
2520.30252	-0.03801	0	0
2520.40252	-0.03801	0	0
2520.50252	-0.03801	0	0
2520.60252	-0.03802	0	0
2520.70252	-0.03802	0	0
2520.80252	-0.03802	0	0
2520.90252	-0.03802	0	0
2521.00252	-0.03802	0	0
2521.10252	-0.03802	0	0
2521.20252	-0.03803	0	0
2521.30252	-0.03803	0	0
2521.40252	-0.03803	0	0
2521.50252	-0.03803	0	0
2521.60252	-0.03803	0	0
2521.70252	-0.03803	0	0
2521.80252	-0.03803	0	0
2521.90252	-0.03803	0	0
2522.00252	-0.03803	0	0
2522.10252	-0.03804	0	0
2522.20252	-0.03804	0	0
2522.30252	-0.03804	0	0
2522.40252	-0.03804	0	0
2522.50252	-0.03804	0	0
2522.60252	-0.03804	0	0
2522.70252	-0.03804	0	0
2522.80252	-0.03804	0	0
2522.90252	-0.03804	0	0
2523.00252	-0.03804	0	0
2523.10252	-0.03804	0	0
2523.20252	-0.03804	0	0
2523.30252	-0.03804	0	0
2523.40252	-0.03804	0	0
2523.50252	-0.03804	0	0
2523.60252	-0.03804	0	0
2523.70252	-0.03804	0	0
2523.80252	-0.03804	0	0
2523.90252	-0.03804	0	0
2524.00252	-0.03804	0	0
2524.10252	-0.03804	0	0
2524.20252	-0.03804	0	0
2524.30252	-0.03804	0	0
2524.40252	-0.03803	0	0
2524.50252	-0.03803	0	0
2524.60252	-0.03803	0	0
2524.70252	-0.03803	0	0
2524.80252	-0.03803	0	0
2524.90252	-0.03803	0	0
2525.00253	-0.03803	0	0
2525.10253	-0.03803	0	0
2525.20253	-0.03802	0	0
2525.30253	-0.03802	0	0
2525.40253	-0.03802	0	0
2525.50253	-0.03802	0	0
2525.60253	-0.03802	0	0
2525.70253	-0.03802	0	0
2525.80253	-0.03801	0	0
2525.90253	-0.03801	0	0
2526.00253	-0.03801	0	0
2526.10253	-0.03801	0	0
2526.20253	-0.03801	0	0
2526.30253	-0.038	0	0
2526.40253	-0.038	0	0
2526.50253	-0.038	0	0
2526.60253	-0.038	0	0
2526.70253	-0.03799	0	0
2526.80253	-0.03799	0	0
2526.90253	-0.03799	0	0
2527.00253	-0.03799	0	0
2527.10253	-0.03798	0	0
2527.20253	-0.03798	0	0
2527.30253	-0.03798	0	0
2527.40253	-0.03797	0	0
2527.50253	-0.03797	0	0
2527.60253	-0.03797	0	0
2527.70253	-0.03797	0	0
2527.80253	-0.03796	0	0
2527.90253	-0.03796	0	0
2528.00253	-0.03795	0	0
2528.10253	-0.03795	0	0
2528.20253	-0.03795	0	0
2528.30253	-0.03794	0	0
2528.40253	-0.03794	0	0
2528.50253	-0.03794	0	0
2528.60253	-0.03793	0	0
2528.70253	-0.03793	0	0
2528.80253	-0.03792	0	0
2528.90253	-0.03792	0	0
2529.00253	-0.03792	0	0
2529.10253	-0.03791	0	0
2529.20253	-0.03791	0	0
2529.30253	-0.0379	0	0
2529.40253	-0.0379	0	0
2529.50253	-0.03789	0	0
2529.60253	-0.03789	0	0
2529.70253	-0.03788	0	0
2529.80253	-0.03788	0	0
2529.90253	-0.03787	0	0
2530.00253	-0.03787	0	0
2530.10253	-0.03786	0	0
2530.20253	-0.03786	0	0
2530.30253	-0.03785	0	0
2530.40253	-0.03785	0	0
2530.50253	-0.03784	0	0
2530.60253	-0.03784	0	0
2530.70253	-0.03783	0	0
2530.80253	-0.03783	0	0
2530.90253	-0.03782	0	0
2531.00253	-0.03782	0	0
2531.10253	-0.03781	0	0
2531.20253	-0.0378	0	0
2531.30253	-0.0378	0	0
2531.40253	-0.03779	0	0
2531.50253	-0.03779	0	0
2531.60253	-0.03778	0	0
2531.70253	-0.03777	0	0
2531.80253	-0.03777	0	0
2531.90253	-0.03776	0	0
2532.00253	-0.03775	0	0
2532.10253	-0.03775	0	0
2532.20253	-0.03774	0	0
2532.30253	-0.03773	0	0
2532.40253	-0.03773	0	0
2532.50253	-0.03772	0	0
2532.60253	-0.03771	0	0
2532.70253	-0.03771	0	0
2532.80253	-0.0377	0	0
2532.90253	-0.03769	0	0
2533.00253	-0.03769	0	0
2533.10253	-0.03768	0	0
2533.20253	-0.03767	0	0
2533.30253	-0.03766	0	0
2533.40253	-0.03766	0	0
2533.50253	-0.03765	0	0
2533.60253	-0.03764	0	0
2533.70253	-0.03763	0	0
2533.80253	-0.03763	0	0
2533.90253	-0.03762	0	0
2534.00253	-0.03761	0	0
2534.10253	-0.0376	0	0
2534.20253	-0.03759	0	0
2534.30253	-0.03759	0	0
2534.40253	-0.03758	0	0
2534.50253	-0.03757	0	0
2534.60253	-0.03756	0	0
2534.70253	-0.03755	0	0
2534.80253	-0.03754	0	0
2534.90253	-0.03754	0	0
2535.00254	-0.03753	0	0
2535.10254	-0.03752	0	0
2535.20254	-0.03751	0	0
2535.30254	-0.0375	0	0
2535.40254	-0.03749	0	0
2535.50254	-0.03748	0	0
2535.60254	-0.03747	0	0
2535.70254	-0.03746	0	0
2535.80254	-0.03745	0	0
2535.90254	-0.03744	0	0
2536.00254	-0.03744	0	0
2536.10254	-0.03743	0	0
2536.20254	-0.03742	0	0
2536.30254	-0.03741	0	0
2536.40254	-0.0374	0	0
2536.50254	-0.03739	0	0
2536.60254	-0.03738	0	0
2536.70254	-0.03737	0	0
2536.80254	-0.03736	0	0
2536.90254	-0.03735	0	0
2537.00254	-0.03734	0	0
2537.10254	-0.03733	0	0
2537.20254	-0.03732	0	0
2537.30254	-0.03731	0	0
2537.40254	-0.0373	0	0
2537.50254	-0.03728	0	0
2537.60254	-0.03727	0	0
2537.70254	-0.03726	0	0
2537.80254	-0.03725	0	0
2537.90254	-0.03724	0	0
2538.00254	-0.03723	0	0
2538.10254	-0.03722	0	0
2538.20254	-0.03721	0	0
2538.30254	-0.0372	0	0
2538.40254	-0.03719	0	0
2538.50254	-0.03717	0	0
2538.60254	-0.03716	0	0
2538.70254	-0.03715	0	0
2538.80254	-0.03714	0	0
2538.90254	-0.03713	0	0
2539.00254	-0.03712	0	0
2539.10254	-0.03711	0	0
2539.20254	-0.03709	0	0
2539.30254	-0.03708	0	0
2539.40254	-0.03707	0	0
2539.50254	-0.03706	0	0
2539.60254	-0.03705	0	0
2539.70254	-0.03703	0	0
2539.80254	-0.03702	0	0
2539.90254	-0.03701	0	0
2540.00254	-0.037	0	0
2540.10254	-0.03698	0	0
2540.20254	-0.03697	0	0
2540.30254	-0.03696	0	0
2540.40254	-0.03695	0	0
2540.50254	-0.03693	0	0
2540.60254	-0.03692	0	0
2540.70254	-0.03691	0	0
2540.80254	-0.03689	0	0
2540.90254	-0.03688	0	0
2541.00254	-0.03687	0	0
2541.10254	-0.03685	0	0
2541.20254	-0.03684	0	0
2541.30254	-0.03683	0	0
2541.40254	-0.03681	0	0
2541.50254	-0.0368	0	0
2541.60254	-0.03679	0	0
2541.70254	-0.03677	0	0
2541.80254	-0.03676	0	0
2541.90254	-0.03675	0	0
2542.00254	-0.03673	0	0
2542.10254	-0.03672	0	0
2542.20254	-0.0367	0	0
2542.30254	-0.03669	0	0
2542.40254	-0.03668	0	0
2542.50254	-0.03666	0	0
2542.60254	-0.03665	0	0
2542.70254	-0.03663	0	0
2542.80254	-0.03662	0	0
2542.90254	-0.0366	0	0
2543.00254	-0.03659	0	0
2543.10254	-0.03657	0	0
2543.20254	-0.03656	0	0
2543.30254	-0.03654	0	0
2543.40254	-0.03653	0	0
2543.50254	-0.03651	0	0
2543.60254	-0.0365	0	0
2543.70254	-0.03648	0	0
2543.80254	-0.03647	0	0
2543.90254	-0.03645	0	0
2544.00254	-0.03644	0	0
2544.10254	-0.03642	0	0
2544.20254	-0.03641	0	0
2544.30254	-0.03639	0	0
2544.40254	-0.03638	0	0
2544.50254	-0.03636	0	0
2544.60254	-0.03634	0	0
2544.70254	-0.03633	0	0
2544.80254	-0.03631	0	0
2544.90254	-0.0363	0	0
2545.00255	-0.03628	0	0
2545.10255	-0.03626	0	0
2545.20255	-0.03625	0	0
2545.30255	-0.03623	0	0
2545.40255	-0.03621	0	0
2545.50255	-0.0362	0	0
2545.60255	-0.03618	0	0
2545.70255	-0.03616	0	0
2545.80255	-0.03615	0	0
2545.90255	-0.03613	0	0
2546.00255	-0.03611	0	0
2546.10255	-0.0361	0	0
2546.20255	-0.03608	0	0
2546.30255	-0.03606	0	0
2546.40255	-0.03605	0	0
2546.50255	-0.03603	0	0
2546.60255	-0.03601	0	0
2546.70255	-0.03599	0	0
2546.80255	-0.03598	0	0
2546.90255	-0.03596	0	0
2547.00255	-0.03594	0	0
2547.10255	-0.03592	0	0
2547.20255	-0.03591	0	0
2547.30255	-0.03589	0	0
2547.40255	-0.03587	0	0
2547.50255	-0.03585	0	0
2547.60255	-0.03583	0	0
2547.70255	-0.03582	0	0
2547.80255	-0.0358	0	0
2547.90255	-0.03578	0	0
2548.00255	-0.03576	0	0
2548.10255	-0.03574	0	0
2548.20255	-0.03572	0	0
2548.30255	-0.0357	0	0
2548.40255	-0.03569	0	0
2548.50255	-0.03567	0	0
2548.60255	-0.03565	0	0
2548.70255	-0.03563	0	0
2548.80255	-0.03561	0	0
2548.90255	-0.03559	0	0
2549.00255	-0.03557	0	0
2549.10255	-0.03555	0	0
2549.20255	-0.03553	0	0
2549.30255	-0.03552	0	0
2549.40255	-0.0355	0	0
2549.50255	-0.03548	0	0
2549.60255	-0.03546	0	0
2549.70255	-0.03544	0	0
2549.80255	-0.03542	0	0
2549.90255	-0.0354	0	0
2550.00255	-0.03538	0	0
2550.10255	-0.03536	0	0
2550.20255	-0.03534	0	0
2550.30255	-0.03532	0	0
2550.40255	-0.0353	0	0
2550.50255	-0.03528	0	0
2550.60255	-0.03526	0	0
2550.70255	-0.03524	0	0
2550.80255	-0.03522	0	0
2550.90255	-0.0352	0	0
2551.00255	-0.03518	0	0
2551.10255	-0.03516	0	0
2551.20255	-0.03513	0	0
2551.30255	-0.03511	0	0
2551.40255	-0.03509	0	0
2551.50255	-0.03507	0	0
2551.60255	-0.03505	0	0
2551.70255	-0.03503	0	0
2551.80255	-0.03501	0	0
2551.90255	-0.03499	0	0
2552.00255	-0.03497	0	0
2552.10255	-0.03495	0	0
2552.20255	-0.03492	0	0
2552.30255	-0.0349	0	0
2552.40255	-0.03488	0	0
2552.50255	-0.03486	0	0
2552.60255	-0.03484	0	0
2552.70255	-0.03482	0	0
2552.80255	-0.03479	0	0
2552.90255	-0.03477	0	0
2553.00255	-0.03475	0	0
2553.10255	-0.03473	0	0
2553.20255	-0.03471	0	0
2553.30255	-0.03468	0	0
2553.40255	-0.03466	0	0
2553.50255	-0.03464	0	0
2553.60255	-0.03462	0	0
2553.70255	-0.03459	0	0
2553.80255	-0.03457	0	0
2553.90255	-0.03455	0	0
2554.00255	-0.03453	0	0
2554.10255	-0.0345	0	0
2554.20255	-0.03448	0	0
2554.30255	-0.03446	0	0
2554.40255	-0.03444	0	0
2554.50255	-0.03441	0	0
2554.60255	-0.03439	0	0
2554.70255	-0.03437	0	0
2554.80255	-0.03434	0	0
2554.90255	-0.03432	0	0
2555.00256	-0.0343	0	0
2555.10256	-0.03427	0	0
2555.20256	-0.03425	0	0
2555.30256	-0.03423	0	0
2555.40256	-0.0342	0	0
2555.50256	-0.03418	0	0
2555.60256	-0.03415	0	0
2555.70256	-0.03413	0	0
2555.80256	-0.03411	0	0
2555.90256	-0.03408	0	0
2556.00256	-0.03406	0	0
2556.10256	-0.03403	0	0
2556.20256	-0.03401	0	0
2556.30256	-0.03399	0	0
2556.40256	-0.03396	0	0
2556.50256	-0.03394	0	0
2556.60256	-0.03391	0	0
2556.70256	-0.03389	0	0
2556.80256	-0.03386	0	0
2556.90256	-0.03384	0	0
2557.00256	-0.03381	0	0
2557.10256	-0.03379	0	0
2557.20256	-0.03376	0	0
2557.30256	-0.03374	0	0
2557.40256	-0.03371	0	0
2557.50256	-0.03369	0	0
2557.60256	-0.03366	0	0
2557.70256	-0.03364	0	0
2557.80256	-0.03361	0	0
2557.90256	-0.03359	0	0
2558.00256	-0.03356	0	0
2558.10256	-0.03354	0	0
2558.20256	-0.03351	0	0
2558.30256	-0.03349	0	0
2558.40256	-0.03346	0	0
2558.50256	-0.03343	0	0
2558.60256	-0.03341	0	0
2558.70256	-0.03338	0	0
2558.80256	-0.03336	0	0
2558.90256	-0.03333	0	0
2559.00256	-0.0333	0	0
2559.10256	-0.03328	0	0
2559.20256	-0.03325	0	0
2559.30256	-0.03323	0	0
2559.40256	-0.0332	0	0
2559.50256	-0.03317	0	0
2559.60256	-0.03315	0	0
2559.70256	-0.03312	0	0
2559.80256	-0.03309	0	0
2559.90256	-0.03307	0	0
2560.00256	-0.03304	0	0
2560.10256	-0.03301	0	0
2560.20256	-0.03299	0	0
2560.30256	-0.03296	0	0
2560.40256	-0.03293	0	0
2560.50256	-0.0329	0	0
2560.60256	-0.03288	0	0
2560.70256	-0.03285	0	0
2560.80256	-0.03282	0	0
2560.90256	-0.03279	0	0
2561.00256	-0.03277	0	0
2561.10256	-0.03274	0	0
2561.20256	-0.03271	0	0
2561.30256	-0.03268	0	0
2561.40256	-0.03266	0	0
2561.50256	-0.03263	0	0
2561.60256	-0.0326	0	0
2561.70256	-0.03257	0	0
2561.80256	-0.03255	0	0
2561.90256	-0.03252	0	0
2562.00256	-0.03249	0	0
2562.10256	-0.03246	0	0
2562.20256	-0.03243	0	0
2562.30256	-0.0324	0	0
2562.40256	-0.03238	0	0
2562.50256	-0.03235	0	0
2562.60256	-0.03232	0	0
2562.70256	-0.03229	0	0
2562.80256	-0.03226	0	0
2562.90256	-0.03223	0	0
2563.00256	-0.0322	0	0
2563.10256	-0.03218	0	0
2563.20256	-0.03215	0	0
2563.30256	-0.03212	0	0
2563.40256	-0.03209	0	0
2563.50256	-0.03206	0	0
2563.60256	-0.03203	0	0
2563.70256	-0.032	0	0
2563.80256	-0.03197	0	0
2563.90256	-0.03194	0	0
2564.00256	-0.03191	0	0
2564.10256	-0.03188	0	0
2564.20256	-0.03185	0	0
2564.30256	-0.03182	0	0
2564.40256	-0.03179	0	0
2564.50256	-0.03176	0	0
2564.60256	-0.03173	0	0
2564.70256	-0.0317	0	0
2564.80256	-0.03167	0	0
2564.90256	-0.03164	0	0
2565.00257	-0.03161	0	0
2565.10257	-0.03158	0	0
2565.20257	-0.03155	0	0
2565.30257	-0.03152	0	0
2565.40257	-0.03149	0	0
2565.50257	-0.03146	0	0
2565.60257	-0.03143	0	0
2565.70257	-0.0314	0	0
2565.80257	-0.03137	0	0
2565.90257	-0.03134	0	0
2566.00257	-0.03131	0	0
2566.10257	-0.03128	0	0
2566.20257	-0.03125	0	0
2566.30257	-0.03122	0	0
2566.40257	-0.03119	0	0
2566.50257	-0.03116	0	0
2566.60257	-0.03112	0	0
2566.70257	-0.03109	0	0
2566.80257	-0.03106	0	0
2566.90257	-0.03103	0	0
2567.00257	-0.031	0	0
2567.10257	-0.03097	0	0
2567.20257	-0.03094	0	0
2567.30257	-0.03091	0	0
2567.40257	-0.03087	0	0
2567.50257	-0.03084	0	0
2567.60257	-0.03081	0	0
2567.70257	-0.03078	0	0
2567.80257	-0.03075	0	0
2567.90257	-0.03071	0	0
2568.00257	-0.03068	0	0
2568.10257	-0.03065	0	0
2568.20257	-0.03062	0	0
2568.30257	-0.03059	0	0
2568.40257	-0.03055	0	0
2568.50257	-0.03052	0	0
2568.60257	-0.03049	0	0
2568.70257	-0.03046	0	0
2568.80257	-0.03043	0	0
2568.90257	-0.03039	0	0
2569.00257	-0.03036	0	0
2569.10257	-0.03033	0	0
2569.20257	-0.03029	0	0
2569.30257	-0.03026	0	0
2569.40257	-0.03023	0	0
2569.50257	-0.0302	0	0
2569.60257	-0.03016	0	0
2569.70257	-0.03013	0	0
2569.80257	-0.0301	0	0
2569.90257	-0.03006	0	0
2570.00257	-0.03003	0	0
2570.10257	-0.03	0	0
2570.20257	-0.02996	0	0
2570.30257	-0.02993	0	0
2570.40257	-0.0299	0	0
2570.50257	-0.02986	0	0
2570.60257	-0.02983	0	0
2570.70257	-0.0298	0	0
2570.80257	-0.02976	0	0
2570.90257	-0.02973	0	0
2571.00257	-0.0297	0	0
2571.10257	-0.02966	0	0
2571.20257	-0.02963	0	0
2571.30257	-0.0296	0	0
2571.40257	-0.02956	0	0
2571.50257	-0.02953	0	0
2571.60257	-0.02949	0	0
2571.70257	-0.02946	0	0
2571.80257	-0.02942	0	0
2571.90257	-0.02939	0	0
2572.00257	-0.02936	0	0
2572.10257	-0.02932	0	0
2572.20257	-0.02929	0	0
2572.30257	-0.02925	0	0
2572.40257	-0.02922	0	0
2572.50257	-0.02918	0	0
2572.60257	-0.02915	0	0
2572.70257	-0.02911	0	0
2572.80257	-0.02908	0	0
2572.90257	-0.02904	0	0
2573.00257	-0.02901	0	0
2573.10257	-0.02897	0	0
2573.20257	-0.02894	0	0
2573.30257	-0.0289	0	0
2573.40257	-0.02887	0	0
2573.50257	-0.02883	0	0
2573.60257	-0.0288	0	0
2573.70257	-0.02876	0	0
2573.80257	-0.02873	0	0
2573.90257	-0.02869	0	0
2574.00257	-0.02866	0	0
2574.10257	-0.02862	0	0
2574.20257	-0.02859	0	0
2574.30257	-0.02855	0	0
2574.40257	-0.02852	0	0
2574.50257	-0.02848	0	0
2574.60257	-0.02844	0	0
2574.70257	-0.02841	0	0
2574.80257	-0.02837	0	0
2574.90257	-0.02834	0	0
2575.00258	-0.0283	0	0
2575.10258	-0.02826	0	0
2575.20258	-0.02823	0	0
2575.30258	-0.02819	0	0
2575.40258	-0.02816	0	0
2575.50258	-0.02812	0	0
2575.60258	-0.02808	0	0
2575.70258	-0.02805	0	0
2575.80258	-0.02801	0	0
2575.90258	-0.02797	0	0
2576.00258	-0.02794	0	0
2576.10258	-0.0279	0	0
2576.20258	-0.02786	0	0
2576.30258	-0.02783	0	0
2576.40258	-0.02779	0	0
2576.50258	-0.02775	0	0
2576.60258	-0.02772	0	0
2576.70258	-0.02768	0	0
2576.80258	-0.02764	0	0
2576.90258	-0.02761	0	0
2577.00258	-0.02757	0	0
2577.10258	-0.02753	0	0
2577.20258	-0.02749	0	0
2577.30258	-0.02746	0	0
2577.40258	-0.02742	0	0
2577.50258	-0.02738	0	0
2577.60258	-0.02735	0	0
2577.70258	-0.02731	0	0
2577.80258	-0.02727	0	0
2577.90258	-0.02723	0	0
2578.00258	-0.0272	0	0
2578.10258	-0.02716	0	0
2578.20258	-0.02712	0	0
2578.30258	-0.02708	0	0
2578.40258	-0.02704	0	0
2578.50258	-0.02701	0	0
2578.60258	-0.02697	0	0
2578.70258	-0.02693	0	0
2578.80258	-0.02689	0	0
2578.90258	-0.02685	0	0
2579.00258	-0.02682	0	0
2579.10258	-0.02678	0	0
2579.20258	-0.02674	0	0
2579.30258	-0.0267	0	0
2579.40258	-0.02666	0	0
2579.50258	-0.02663	0	0
2579.60258	-0.02659	0	0
2579.70258	-0.02655	0	0
2579.80258	-0.02651	0	0
2579.90258	-0.02647	0	0
2580.00258	-0.02643	0	0
2580.10258	-0.02639	0	0
2580.20258	-0.02636	0	0
2580.30258	-0.02632	0	0
2580.40258	-0.02628	0	0
2580.50258	-0.02624	0	0
2580.60258	-0.0262	0	0
2580.70258	-0.02616	0	0
2580.80258	-0.02612	0	0
2580.90258	-0.02608	0	0
2581.00258	-0.02604	0	0
2581.10258	-0.02601	0	0
2581.20258	-0.02597	0	0
2581.30258	-0.02593	0	0
2581.40258	-0.02589	0	0
2581.50258	-0.02585	0	0
2581.60258	-0.02581	0	0
2581.70258	-0.02577	0	0
2581.80258	-0.02573	0	0
2581.90258	-0.02569	0	0
2582.00258	-0.02565	0	0
2582.10258	-0.02561	0	0
2582.20258	-0.02557	0	0
2582.30258	-0.02553	0	0
2582.40258	-0.02549	0	0
2582.50258	-0.02545	0	0
2582.60258	-0.02541	0	0
2582.70258	-0.02537	0	0
2582.80258	-0.02533	0	0
2582.90258	-0.02529	0	0
2583.00258	-0.02525	0	0
2583.10258	-0.02521	0	0
2583.20258	-0.02517	0	0
2583.30258	-0.02513	0	0
2583.40258	-0.02509	0	0
2583.50258	-0.02505	0	0
2583.60258	-0.02501	0	0
2583.70258	-0.02497	0	0
2583.80258	-0.02493	0	0
2583.90258	-0.02489	0	0
2584.00258	-0.02485	0	0
2584.10258	-0.02481	0	0
2584.20258	-0.02477	0	0
2584.30258	-0.02473	0	0
2584.40258	-0.02469	0	0
2584.50258	-0.02465	0	0
2584.60258	-0.02461	0	0
2584.70258	-0.02457	0	0
2584.80258	-0.02452	0	0
2584.90258	-0.02448	0	0
2585.00259	-0.02444	0	0
2585.10259	-0.0244	0	0
2585.20259	-0.02436	0	0
2585.30259	-0.02432	0	0
2585.40259	-0.02428	0	0
2585.50259	-0.02424	0	0
2585.60259	-0.0242	0	0
2585.70259	-0.02416	0	0
2585.80259	-0.02411	0	0
2585.90259	-0.02407	0	0
2586.00259	-0.02403	0	0
2586.10259	-0.02399	0	0
2586.20259	-0.02395	0	0
2586.30259	-0.02391	0	0
2586.40259	-0.02387	0	0
2586.50259	-0.02382	0	0
2586.60259	-0.02378	0	0
2586.70259	-0.02374	0	0
2586.80259	-0.0237	0	0
2586.90259	-0.02366	0	0
2587.00259	-0.02362	0	0
2587.10259	-0.02357	0	0
2587.20259	-0.02353	0	0
2587.30259	-0.02349	0	0
2587.40259	-0.02345	0	0
2587.50259	-0.02341	0	0
2587.60259	-0.02336	0	0
2587.70259	-0.02332	0	0
2587.80259	-0.02328	0	0
2587.90259	-0.02324	0	0
2588.00259	-0.0232	0	0
2588.10259	-0.02315	0	0
2588.20259	-0.02311	0	0
2588.30259	-0.02307	0	0
2588.40259	-0.02303	0	0
2588.50259	-0.02299	0	0
2588.60259	-0.02294	0	0
2588.70259	-0.0229	0	0
2588.80259	-0.02286	0	0
2588.90259	-0.02282	0	0
2589.00259	-0.02277	0	0
2589.10259	-0.02273	0	0
2589.20259	-0.02269	0	0
2589.30259	-0.02265	0	0
2589.40259	-0.0226	0	0
2589.50259	-0.02256	0	0
2589.60259	-0.02252	0	0
2589.70259	-0.02247	0	0
2589.80259	-0.02243	0	0
2589.90259	-0.02239	0	0
2590.00259	-0.02235	0	0
2590.10259	-0.0223	0	0
2590.20259	-0.02226	0	0
2590.30259	-0.02222	0	0
2590.40259	-0.02217	0	0
2590.50259	-0.02213	0	0
2590.60259	-0.02209	0	0
2590.70259	-0.02204	0	0
2590.80259	-0.022	0	0
2590.90259	-0.02196	0	0
2591.00259	-0.02191	0	0
2591.10259	-0.02187	0	0
2591.20259	-0.02183	0	0
2591.30259	-0.02178	0	0
2591.40259	-0.02174	0	0
2591.50259	-0.0217	0	0
2591.60259	-0.02165	0	0
2591.70259	-0.02161	0	0
2591.80259	-0.02157	0	0
2591.90259	-0.02152	0	0
2592.00259	-0.02148	0	0
2592.10259	-0.02144	0	0
2592.20259	-0.02139	0	0
2592.30259	-0.02135	0	0
2592.40259	-0.0213	0	0
2592.50259	-0.02126	0	0
2592.60259	-0.02122	0	0
2592.70259	-0.02117	0	0
2592.80259	-0.02113	0	0
2592.90259	-0.02109	0	0
2593.00259	-0.02104	0	0
2593.10259	-0.021	0	0
2593.20259	-0.02095	0	0
2593.30259	-0.02091	0	0
2593.40259	-0.02087	0	0
2593.50259	-0.02082	0	0
2593.60259	-0.02078	0	0
2593.70259	-0.02073	0	0
2593.80259	-0.02069	0	0
2593.90259	-0.02064	0	0
2594.00259	-0.0206	0	0
2594.10259	-0.02056	0	0
2594.20259	-0.02051	0	0
2594.30259	-0.02047	0	0
2594.40259	-0.02042	0	0
2594.50259	-0.02038	0	0
2594.60259	-0.02033	0	0
2594.70259	-0.02029	0	0
2594.80259	-0.02024	0	0
2594.90259	-0.0202	0	0
2595.0026	-0.02016	0	0
2595.1026	-0.02011	0	0
2595.2026	-0.02007	0	0
2595.3026	-0.02002	0	0
2595.4026	-0.01998	0	0
2595.5026	-0.01993	0	0
2595.6026	-0.01989	0	0
2595.7026	-0.01984	0	0
2595.8026	-0.0198	0	0
2595.9026	-0.01975	0	0
2596.0026	-0.01971	0	0
2596.1026	-0.01966	0	0
2596.2026	-0.01962	0	0
2596.3026	-0.01957	0	0
2596.4026	-0.01953	0	0
2596.5026	-0.01948	0	0
2596.6026	-0.01944	0	0
2596.7026	-0.01939	0	0
2596.8026	-0.01935	0	0
2596.9026	-0.0193	0	0
2597.0026	-0.01926	0	0
2597.1026	-0.01921	0	0
2597.2026	-0.01917	0	0
2597.3026	-0.01912	0	0
2597.4026	-0.01908	0	0
2597.5026	-0.01903	0	0
2597.6026	-0.01899	0	0
2597.7026	-0.01894	0	0
2597.8026	-0.0189	0	0
2597.9026	-0.01885	0	0
2598.0026	-0.0188	0	0
2598.1026	-0.01876	0	0
2598.2026	-0.01871	0	0
2598.3026	-0.01867	0	0
2598.4026	-0.01862	0	0
2598.5026	-0.01858	0	0
2598.6026	-0.01853	0	0
2598.7026	-0.01849	0	0
2598.8026	-0.01844	0	0
2598.9026	-0.01839	0	0
2599.0026	-0.01835	0	0
2599.1026	-0.0183	0	0
2599.2026	-0.01826	0	0
2599.3026	-0.01821	0	0
2599.4026	-0.01817	0	0
2599.5026	-0.01812	0	0
2599.6026	-0.01807	0	0
2599.7026	-0.01803	0	0
2599.8026	-0.01798	0	0
2599.9026	-0.01794	0	0
2600.0026	-0.01789	0	0
2600.1026	-0.01784	0	0
2600.2026	-0.0178	0	0
2600.3026	-0.01775	0	0
2600.4026	-0.01771	0	0
2600.5026	-0.01766	0	0
2600.6026	-0.01761	0	0
2600.7026	-0.01757	0	0
2600.8026	-0.01752	0	0
2600.9026	-0.01748	0	0
2601.0026	-0.01743	0	0
2601.1026	-0.01738	0	0
2601.2026	-0.01734	0	0
2601.3026	-0.01729	0	0
2601.4026	-0.01725	0	0
2601.5026	-0.0172	0	0
2601.6026	-0.01715	0	0
2601.7026	-0.01711	0	0
2601.8026	-0.01706	0	0
2601.9026	-0.01701	0	0
2602.0026	-0.01697	0	0
2602.1026	-0.01692	0	0
2602.2026	-0.01687	0	0
2602.3026	-0.01683	0	0
2602.4026	-0.01678	0	0
2602.5026	-0.01674	0	0
2602.6026	-0.01669	0	0
2602.7026	-0.01664	0	0
2602.8026	-0.0166	0	0
2602.9026	-0.01655	0	0
2603.0026	-0.0165	0	0
2603.1026	-0.01646	0	0
2603.2026	-0.01641	0	0
2603.3026	-0.01636	0	0
2603.4026	-0.01632	0	0
2603.5026	-0.01627	0	0
2603.6026	-0.01622	0	0
2603.7026	-0.01618	0	0
2603.8026	-0.01613	0	0
2603.9026	-0.01608	0	0
2604.0026	-0.01604	0	0
2604.1026	-0.01599	0	0
2604.2026	-0.01594	0	0
2604.3026	-0.0159	0	0
2604.4026	-0.01585	0	0
2604.5026	-0.0158	0	0
2604.6026	-0.01576	0	0
2604.7026	-0.01571	0	0
2604.8026	-0.01566	0	0
2604.9026	-0.01561	0	0
2605.00261	-0.01557	0	0
2605.10261	-0.01552	0	0
2605.20261	-0.01547	0	0
2605.30261	-0.01543	0	0
2605.40261	-0.01538	0	0
2605.50261	-0.01533	0	0
2605.60261	-0.01529	0	0
2605.70261	-0.01524	0	0
2605.80261	-0.01519	0	0
2605.90261	-0.01514	0	0
2606.00261	-0.0151	0	0
2606.10261	-0.01505	0	0
2606.20261	-0.015	0	0
2606.30261	-0.01496	0	0
2606.40261	-0.01491	0	0
2606.50261	-0.01486	0	0
2606.60261	-0.01482	0	0
2606.70261	-0.01477	0	0
2606.80261	-0.01472	0	0
2606.90261	-0.01467	0	0
2607.00261	-0.01463	0	0
2607.10261	-0.01458	0	0
2607.20261	-0.01453	0	0
2607.30261	-0.01448	0	0
2607.40261	-0.01444	0	0
2607.50261	-0.01439	0	0
2607.60261	-0.01434	0	0
2607.70261	-0.0143	0	0
2607.80261	-0.01425	0	0
2607.90261	-0.0142	0	0
2608.00261	-0.01415	0	0
2608.10261	-0.01411	0	0
2608.20261	-0.01406	0	0
2608.30261	-0.01401	0	0
2608.40261	-0.01396	0	0
2608.50261	-0.01392	0	0
2608.60261	-0.01387	0	0
2608.70261	-0.01382	0	0
2608.80261	-0.01377	0	0
2608.90261	-0.01373	0	0
2609.00261	-0.01368	0	0
2609.10261	-0.01363	0	0
2609.20261	-0.01358	0	0
2609.30261	-0.01354	0	0
2609.40261	-0.01349	0	0
2609.50261	-0.01344	0	0
2609.60261	-0.01339	0	0
2609.70261	-0.01335	0	0
2609.80261	-0.0133	0	0
2609.90261	-0.01325	0	0
2610.00261	-0.0132	0	0
2610.10261	-0.01316	0	0
2610.20261	-0.01311	0	0
2610.30261	-0.01306	0	0
2610.40261	-0.01301	0	0
2610.50261	-0.01297	0	0
2610.60261	-0.01292	0	0
2610.70261	-0.01287	0	0
2610.80261	-0.01282	0	0
2610.90261	-0.01278	0	0
2611.00261	-0.01273	0	0
2611.10261	-0.01268	0	0
2611.20261	-0.01263	0	0
2611.30261	-0.01259	0	0
2611.40261	-0.01254	0	0
2611.50261	-0.01249	0	0
2611.60261	-0.01244	0	0
2611.70261	-0.0124	0	0
2611.80261	-0.01235	0	0
2611.90261	-0.0123	0	0
2612.00261	-0.01225	0	0
2612.10261	-0.01221	0	0
2612.20261	-0.01216	0	0
2612.30261	-0.01211	0	0
2612.40261	-0.01206	0	0
2612.50261	-0.01201	0	0
2612.60261	-0.01197	0	0
2612.70261	-0.01192	0	0
2612.80261	-0.01187	0	0
2612.90261	-0.01182	0	0
2613.00261	-0.01178	0	0
2613.10261	-0.01173	0	0
2613.20261	-0.01168	0	0
2613.30261	-0.01163	0	0
2613.40261	-0.01159	0	0
2613.50261	-0.01154	0	0
2613.60261	-0.01149	0	0
2613.70261	-0.01144	0	0
2613.80261	-0.01139	0	0
2613.90261	-0.01135	0	0
2614.00261	-0.0113	0	0
2614.10261	-0.01125	0	0
2614.20261	-0.0112	0	0
2614.30261	-0.01116	0	0
2614.40261	-0.01111	0	0
2614.50261	-0.01106	0	0
2614.60261	-0.01101	0	0
2614.70261	-0.01096	0	0
2614.80261	-0.01092	0	0
2614.90261	-0.01087	0	0
2615.00262	-0.01082	0	0
2615.10262	-0.01077	0	0
2615.20262	-0.01073	0	0
2615.30262	-0.01068	0	0
2615.40262	-0.01063	0	0
2615.50262	-0.01058	0	0
2615.60262	-0.01053	0	0
2615.70262	-0.01049	0	0
2615.80262	-0.01044	0	0
2615.90262	-0.01039	0	0
2616.00262	-0.01034	0	0
2616.10262	-0.0103	0	0
2616.20262	-0.01025	0	0
2616.30262	-0.0102	0	0
2616.40262	-0.01015	0	0
2616.50262	-0.0101	0	0
2616.60262	-0.01006	0	0
2616.70262	-0.01001	0	0
2616.80262	-0.00996	0	0
2616.90262	-0.00991	0	0
2617.00262	-0.00987	0	0
2617.10262	-0.00982	0	0
2617.20262	-0.00977	0	0
2617.30262	-0.00972	0	0
2617.40262	-0.00967	0	0
2617.50262	-0.00963	0	0
2617.60262	-0.00958	0	0
2617.70262	-0.00953	0	0
2617.80262	-0.00948	0	0
2617.90262	-0.00944	0	0
2618.00262	-0.00939	0	0
2618.10262	-0.00934	0	0
2618.20262	-0.00929	0	0
2618.30262	-0.00925	0	0
2618.40262	-0.0092	0	0
2618.50262	-0.00915	0	0
2618.60262	-0.0091	0	0
2618.70262	-0.00905	0	0
2618.80262	-0.00901	0	0
2618.90262	-0.00896	0	0
2619.00262	-0.00891	0	0
2619.10262	-0.00886	0	0
2619.20262	-0.00882	0	0
2619.30262	-0.00877	0	0
2619.40262	-0.00872	0	0
2619.50262	-0.00867	0	0
2619.60262	-0.00863	0	0
2619.70262	-0.00858	0	0
2619.80262	-0.00853	0	0
2619.90262	-0.00848	0	0
2620.00262	-0.00843	0	0
2620.10262	-0.00839	0	0
2620.20262	-0.00834	0	0
2620.30262	-0.00829	0	0
2620.40262	-0.00824	0	0
2620.50262	-0.0082	0	0
2620.60262	-0.00815	0	0
2620.70262	-0.0081	0	0
2620.80262	-0.00805	0	0
2620.90262	-0.00801	0	0
2621.00262	-0.00796	0	0
2621.10262	-0.00791	0	0
2621.20262	-0.00786	0	0
2621.30262	-0.00782	0	0
2621.40262	-0.00777	0	0
2621.50262	-0.00772	0	0
2621.60262	-0.00767	0	0
2621.70262	-0.00763	0	0
2621.80262	-0.00758	0	0
2621.90262	-0.00753	0	0
2622.00262	-0.00748	0	0
2622.10262	-0.00744	0	0
2622.20262	-0.00739	0	0
2622.30262	-0.00734	0	0
2622.40262	-0.00729	0	0
2622.50262	-0.00725	0	0
2622.60262	-0.0072	0	0
2622.70262	-0.00715	0	0
2622.80262	-0.0071	0	0
2622.90262	-0.00706	0	0
2623.00262	-0.00701	0	0
2623.10262	-0.00696	0	0
2623.20262	-0.00692	0	0
2623.30262	-0.00687	0	0
2623.40262	-0.00682	0	0
2623.50262	-0.00677	0	0
2623.60262	-0.00673	0	0
2623.70262	-0.00668	0	0
2623.80262	-0.00663	0	0
2623.90262	-0.00658	0	0
2624.00262	-0.00654	0	0
2624.10262	-0.00649	0	0
2624.20262	-0.00644	0	0
2624.30262	-0.0064	0	0
2624.40262	-0.00635	0	0
2624.50262	-0.0063	0	0
2624.60262	-0.00625	0	0
2624.70262	-0.00621	0	0
2624.80262	-0.00616	0	0
2624.90262	-0.00611	0	0
2625.00263	-0.00607	0	0
2625.10263	-0.00602	0	0
2625.20263	-0.00597	0	0
2625.30263	-0.00592	0	0
2625.40263	-0.00588	0	0
2625.50263	-0.00583	0	0
2625.60263	-0.00578	0	0
2625.70263	-0.00574	0	0
2625.80263	-0.00569	0	0
2625.90263	-0.00564	0	0
2626.00263	-0.0056	0	0
2626.10263	-0.00555	0	0
2626.20263	-0.0055	0	0
2626.30263	-0.00545	0	0
2626.40263	-0.00541	0	0
2626.50263	-0.00536	0	0
2626.60263	-0.00531	0	0
2626.70263	-0.00527	0	0
2626.80263	-0.00522	0	0
2626.90263	-0.00517	0	0
2627.00263	-0.00513	0	0
2627.10263	-0.00508	0	0
2627.20263	-0.00503	0	0
2627.30263	-0.00499	0	0
2627.40263	-0.00494	0	0
2627.50263	-0.00489	0	0
2627.60263	-0.00485	0	0
2627.70263	-0.0048	0	0
2627.80263	-0.00475	0	0
2627.90263	-0.00471	0	0
2628.00263	-0.00466	0	0
2628.10263	-0.00461	0	0
2628.20263	-0.00457	0	0
2628.30263	-0.00452	0	0
2628.40263	-0.00447	0	0
2628.50263	-0.00443	0	0
2628.60263	-0.00438	0	0
2628.70263	-0.00433	0	0
2628.80263	-0.00429	0	0
2628.90263	-0.00424	0	0
2629.00263	-0.00419	0	0
2629.10263	-0.00415	0	0
2629.20263	-0.0041	0	0
2629.30263	-0.00406	0	0
2629.40263	-0.00401	0	0
2629.50263	-0.00396	0	0
2629.60263	-0.00392	0	0
2629.70263	-0.00387	0	0
2629.80263	-0.00382	0	0
2629.90263	-0.00378	0	0
2630.00263	-0.00373	0	0
2630.10263	-0.00368	0	0
2630.20263	-0.00364	0	0
2630.30263	-0.00359	0	0
2630.40263	-0.00355	0	0
2630.50263	-0.0035	0	0
2630.60263	-0.00345	0	0
2630.70263	-0.00341	0	0
2630.80263	-0.00336	0	0
2630.90263	-0.00332	0	0
2631.00263	-0.00327	0	0
2631.10263	-0.00322	0	0
2631.20263	-0.00318	0	0
2631.30263	-0.00313	0	0
2631.40263	-0.00309	0	0
2631.50263	-0.00304	0	0
2631.60263	-0.00299	0	0
2631.70263	-0.00295	0	0
2631.80263	-0.0029	0	0
2631.90263	-0.00286	0	0
2632.00263	-0.00281	0	0
2632.10263	-0.00277	0	0
2632.20263	-0.00272	0	0
2632.30263	-0.00267	0	0
2632.40263	-0.00263	0	0
2632.50263	-0.00258	0	0
2632.60263	-0.00254	0	0
2632.70263	-0.00249	0	0
2632.80263	-0.00245	0	0
2632.90263	-0.0024	0	0
2633.00263	-0.00236	0	0
2633.10263	-0.00231	0	0
2633.20263	-0.00226	0	0
2633.30263	-0.00222	0	0
2633.40263	-0.00217	0	0
2633.50263	-0.00213	0	0
2633.60263	-0.00208	0	0
2633.70263	-0.00204	0	0
2633.80263	-0.00199	0	0
2633.90263	-0.00195	0	0
2634.00263	-0.0019	0	0
2634.10263	-0.00186	0	0
2634.20263	-0.00181	0	0
2634.30263	-0.00177	0	0
2634.40263	-0.00172	0	0
2634.50263	-0.00168	0	0
2634.60263	-0.00163	0	0
2634.70263	-0.00159	0	0
2634.80263	-0.00154	0	0
2634.90263	-0.0015	0	0
2635.00264	-0.00145	0	0
2635.10264	-0.00141	0	0
2635.20264	-0.00136	0	0
2635.30264	-0.00132	0	0
2635.40264	-0.00127	0	0
2635.50264	-0.00123	0	0
2635.60264	-0.00118	0	0
2635.70264	-0.00114	0	0
2635.80264	-0.00109	0	0
2635.90264	-0.00105	0	0
2636.00264	-0.001	0	0
2636.10264	-9.58279E-4	0	0
2636.20264	-9.13674E-4	0	0
2636.30264	-8.69099E-4	0	0
2636.40264	-8.24555E-4	0	0
2636.50264	-7.80041E-4	0	0
2636.60264	-7.35558E-4	0	0
2636.70264	-6.91107E-4	0	0
2636.80264	-6.46686E-4	0	0
2636.90264	-6.02297E-4	0	0
2637.00264	-5.57939E-4	0	0
2637.10264	-5.13613E-4	0	0
2637.20264	-4.69319E-4	0	0
2637.30264	-4.25056E-4	0	0
2637.40264	-3.80826E-4	0	0
2637.50264	-3.36627E-4	0	0
2637.60264	-2.92461E-4	0	0
2637.70264	-2.48327E-4	0	0
2637.80264	-2.04226E-4	0	0
2637.90264	-1.60158E-4	0	0
2638.00264	-1.16122E-4	0	0
2638.10264	-7.21192E-5	0	0
2638.20264	-2.81496E-5	0	0
2638.30264	1.57867E-5	0	0
2638.40264	5.96897E-5	0	0
2638.50264	1.03559E-4	0	0
2638.60264	1.47395E-4	0	0
2638.70264	1.91197E-4	0	0
2638.80264	2.34965E-4	0	0
2638.90264	2.78699E-4	0	0
2639.00264	3.22399E-4	0	0
2639.10264	3.66064E-4	0	0
2639.20264	4.09695E-4	0	0
2639.30264	4.53291E-4	0	0
2639.40264	4.96853E-4	0	0
2639.50264	5.40379E-4	0	0
2639.60264	5.83871E-4	0	0
2639.70264	6.27327E-4	0	0
2639.80264	6.70749E-4	0	0
2639.90264	7.14134E-4	0	0
2640.00264	7.57484E-4	0	0
2640.10264	8.00799E-4	0	0
2640.20264	8.44077E-4	0	0
2640.30264	8.8732E-4	0	0
2640.40264	9.30526E-4	0	0
2640.50264	9.73696E-4	0	0
2640.60264	0.00102	0	0
2640.70264	0.00106	0	0
2640.80264	0.0011	0	0
2640.90264	0.00115	0	0
2641.00264	0.00119	0	0
2641.10264	0.00123	0	0
2641.20264	0.00127	0	0
2641.30264	0.00132	0	0
2641.40264	0.00136	0	0
2641.50264	0.0014	0	0
2641.60264	0.00145	0	0
2641.70264	0.00149	0	0
2641.80264	0.00153	0	0
2641.90264	0.00157	0	0
2642.00264	0.00162	0	0
2642.10264	0.00166	0	0
2642.20264	0.0017	0	0
2642.30264	0.00174	0	0
2642.40264	0.00179	0	0
2642.50264	0.00183	0	0
2642.60264	0.00187	0	0
2642.70264	0.00191	0	0
2642.80264	0.00196	0	0
2642.90264	0.002	0	0
2643.00264	0.00204	0	0
2643.10264	0.00208	0	0
2643.20264	0.00213	0	0
2643.30264	0.00217	0	0
2643.40264	0.00221	0	0
2643.50264	0.00225	0	0
2643.60264	0.00229	0	0
2643.70264	0.00234	0	0
2643.80264	0.00238	0	0
2643.90264	0.00242	0	0
2644.00264	0.00246	0	0
2644.10264	0.0025	0	0
2644.20264	0.00254	0	0
2644.30264	0.00259	0	0
2644.40264	0.00263	0	0
2644.50264	0.00267	0	0
2644.60264	0.00271	0	0
2644.70264	0.00275	0	0
2644.80264	0.00279	0	0
2644.90264	0.00284	0	0
2645.00265	0.00288	0	0
2645.10265	0.00292	0	0
2645.20265	0.00296	0	0
2645.30265	0.003	0	0
2645.40265	0.00304	0	0
2645.50265	0.00308	0	0
2645.60265	0.00312	0	0
2645.70265	0.00317	0	0
2645.80265	0.00321	0	0
2645.90265	0.00325	0	0
2646.00265	0.00329	0	0
2646.10265	0.00333	0	0
2646.20265	0.00337	0	0
2646.30265	0.00341	0	0
2646.40265	0.00345	0	0
2646.50265	0.00349	0	0
2646.60265	0.00353	0	0
2646.70265	0.00357	0	0
2646.80265	0.00361	0	0
2646.90265	0.00366	0	0
2647.00265	0.0037	0	0
2647.10265	0.00374	0	0
2647.20265	0.00378	0	0
2647.30265	0.00382	0	0
2647.40265	0.00386	0	0
2647.50265	0.0039	0	0
2647.60265	0.00394	0	0
2647.70265	0.00398	0	0
2647.80265	0.00402	0	0
2647.90265	0.00406	0	0
2648.00265	0.0041	0	0
2648.10265	0.00414	0	0
2648.20265	0.00418	0	0
2648.30265	0.00422	0	0
2648.40265	0.00426	0	0
2648.50265	0.0043	0	0
2648.60265	0.00434	0	0
2648.70265	0.00438	0	0
2648.80265	0.00442	0	0
2648.90265	0.00446	0	0
2649.00265	0.0045	0	0
2649.10265	0.00454	0	0
2649.20265	0.00458	0	0
2649.30265	0.00462	0	0
2649.40265	0.00465	0	0
2649.50265	0.00469	0	0
2649.60265	0.00473	0	0
2649.70265	0.00477	0	0
2649.80265	0.00481	0	0
2649.90265	0.00485	0	0
2650.00265	0.00489	0	0
2650.10265	0.00493	0	0
2650.20265	0.00497	0	0
2650.30265	0.00501	0	0
2650.40265	0.00505	0	0
2650.50265	0.00508	0	0
2650.60265	0.00512	0	0
2650.70265	0.00516	0	0
2650.80265	0.0052	0	0
2650.90265	0.00524	0	0
2651.00265	0.00528	0	0
2651.10265	0.00532	0	0
2651.20265	0.00536	0	0
2651.30265	0.00539	0	0
2651.40265	0.00543	0	0
2651.50265	0.00547	0	0
2651.60265	0.00551	0	0
2651.70265	0.00555	0	0
2651.80265	0.00559	0	0
2651.90265	0.00562	0	0
2652.00265	0.00566	0	0
2652.10265	0.0057	0	0
2652.20265	0.00574	0	0
2652.30265	0.00578	0	0
2652.40265	0.00581	0	0
2652.50265	0.00585	0	0
2652.60265	0.00589	0	0
2652.70265	0.00593	0	0
2652.80265	0.00597	0	0
2652.90265	0.006	0	0
2653.00265	0.00604	0	0
2653.10265	0.00608	0	0
2653.20265	0.00612	0	0
2653.30265	0.00615	0	0
2653.40265	0.00619	0	0
2653.50265	0.00623	0	0
2653.60265	0.00627	0	0
2653.70265	0.0063	0	0
2653.80265	0.00634	0	0
2653.90265	0.00638	0	0
2654.00265	0.00641	0	0
2654.10265	0.00645	0	0
2654.20265	0.00649	0	0
2654.30265	0.00652	0	0
2654.40265	0.00656	0	0
2654.50265	0.0066	0	0
2654.60265	0.00664	0	0
2654.70265	0.00667	0	0
2654.80265	0.00671	0	0
2654.90265	0.00675	0	0
2655.00266	0.00678	0	0
2655.10266	0.00682	0	0
2655.20266	0.00685	0	0
2655.30266	0.00689	0	0
2655.40266	0.00693	0	0
2655.50266	0.00696	0	0
2655.60266	0.007	0	0
2655.70266	0.00704	0	0
2655.80266	0.00707	0	0
2655.90266	0.00711	0	0
2656.00266	0.00714	0	0
2656.10266	0.00718	0	0
2656.20266	0.00722	0	0
2656.30266	0.00725	0	0
2656.40266	0.00729	0	0
2656.50266	0.00732	0	0
2656.60266	0.00736	0	0
2656.70266	0.00739	0	0
2656.80266	0.00743	0	0
2656.90266	0.00747	0	0
2657.00266	0.0075	0	0
2657.10266	0.00754	0	0
2657.20266	0.00757	0	0
2657.30266	0.00761	0	0
2657.40266	0.00764	0	0
2657.50266	0.00768	0	0
2657.60266	0.00771	0	0
2657.70266	0.00775	0	0
2657.80266	0.00778	0	0
2657.90266	0.00782	0	0
2658.00266	0.00785	0	0
2658.10266	0.00789	0	0
2658.20266	0.00792	0	0
2658.30266	0.00796	0	0
2658.40266	0.00799	0	0
2658.50266	0.00803	0	0
2658.60266	0.00806	0	0
2658.70266	0.0081	0	0
2658.80266	0.00813	0	0
2658.90266	0.00816	0	0
2659.00266	0.0082	0	0
2659.10266	0.00823	0	0
2659.20266	0.00827	0	0
2659.30266	0.0083	0	0
2659.40266	0.00833	0	0
2659.50266	0.00837	0	0
2659.60266	0.0084	0	0
2659.70266	0.00844	0	0
2659.80266	0.00847	0	0
2659.90266	0.0085	0	0
2660.00266	0.00854	0	0
2660.10266	0.00857	0	0
2660.20266	0.00861	0	0
2660.30266	0.00864	0	0
2660.40266	0.00867	0	0
2660.50266	0.00871	0	0
2660.60266	0.00874	0	0
2660.70266	0.00877	0	0
2660.80266	0.00881	0	0
2660.90266	0.00884	0	0
2661.00266	0.00887	0	0
2661.10266	0.0089	0	0
2661.20266	0.00894	0	0
2661.30266	0.00897	0	0
2661.40266	0.009	0	0
2661.50266	0.00904	0	0
2661.60266	0.00907	0	0
2661.70266	0.0091	0	0
2661.80266	0.00913	0	0
2661.90266	0.00917	0	0
2662.00266	0.0092	0	0
2662.10266	0.00923	0	0
2662.20266	0.00926	0	0
2662.30266	0.0093	0	0
2662.40266	0.00933	0	0
2662.50266	0.00936	0	0
2662.60266	0.00939	0	0
2662.70266	0.00942	0	0
2662.80266	0.00946	0	0
2662.90266	0.00949	0	0
2663.00266	0.00952	0	0
2663.10266	0.00955	0	0
2663.20266	0.00958	0	0
2663.30266	0.00962	0	0
2663.40266	0.00965	0	0
2663.50266	0.00968	0	0
2663.60266	0.00971	0	0
2663.70266	0.00974	0	0
2663.80266	0.00977	0	0
2663.90266	0.0098	0	0
2664.00266	0.00984	0	0
2664.10266	0.00987	0	0
2664.20266	0.0099	0	0
2664.30266	0.00993	0	0
2664.40266	0.00996	0	0
2664.50266	0.00999	0	0
2664.60266	0.01002	0	0
2664.70266	0.01005	0	0
2664.80266	0.01008	0	0
2664.90266	0.01011	0	0
2665.00267	0.01014	0	0
2665.10267	0.01018	0	0
2665.20267	0.01021	0	0
2665.30267	0.01024	0	0
2665.40267	0.01027	0	0
2665.50267	0.0103	0	0
2665.60267	0.01033	0	0
2665.70267	0.01036	0	0
2665.80267	0.01039	0	0
2665.90267	0.01042	0	0
2666.00267	0.01045	0	0
2666.10267	0.01048	0	0
2666.20267	0.01051	0	0
2666.30267	0.01054	0	0
2666.40267	0.01057	0	0
2666.50267	0.0106	0	0
2666.60267	0.01063	0	0
2666.70267	0.01065	0	0
2666.80267	0.01068	0	0
2666.90267	0.01071	0	0
2667.00267	0.01074	0	0
2667.10267	0.01077	0	0
2667.20267	0.0108	0	0
2667.30267	0.01083	0	0
2667.40267	0.01086	0	0
2667.50267	0.01089	0	0
2667.60267	0.01092	0	0
2667.70267	0.01095	0	0
2667.80267	0.01098	0	0
2667.90267	0.011	0	0
2668.00267	0.01103	0	0
2668.10267	0.01106	0	0
2668.20267	0.01109	0	0
2668.30267	0.01112	0	0
2668.40267	0.01115	0	0
2668.50267	0.01117	0	0
2668.60267	0.0112	0	0
2668.70267	0.01123	0	0
2668.80267	0.01126	0	0
2668.90267	0.01129	0	0
2669.00267	0.01131	0	0
2669.10267	0.01134	0	0
2669.20267	0.01137	0	0
2669.30267	0.0114	0	0
2669.40267	0.01143	0	0
2669.50267	0.01145	0	0
2669.60267	0.01148	0	0
2669.70267	0.01151	0	0
2669.80267	0.01154	0	0
2669.90267	0.01156	0	0
2670.00267	0.01159	0	0
2670.10267	0.01162	0	0
2670.20267	0.01165	0	0
2670.30267	0.01167	0	0
2670.40267	0.0117	0	0
2670.50267	0.01173	0	0
2670.60267	0.01175	0	0
2670.70267	0.01178	0	0
2670.80267	0.01181	0	0
2670.90267	0.01183	0	0
2671.00267	0.01186	0	0
2671.10267	0.01189	0	0
2671.20267	0.01191	0	0
2671.30267	0.01194	0	0
2671.40267	0.01197	0	0
2671.50267	0.01199	0	0
2671.60267	0.01202	0	0
2671.70267	0.01204	0	0
2671.80267	0.01207	0	0
2671.90267	0.0121	0	0
2672.00267	0.01212	0	0
2672.10267	0.01215	0	0
2672.20267	0.01217	0	0
2672.30267	0.0122	0	0
2672.40267	0.01222	0	0
2672.50267	0.01225	0	0
2672.60267	0.01228	0	0
2672.70267	0.0123	0	0
2672.80267	0.01233	0	0
2672.90267	0.01235	0	0
2673.00267	0.01238	0	0
2673.10267	0.0124	0	0
2673.20267	0.01243	0	0
2673.30267	0.01245	0	0
2673.40267	0.01248	0	0
2673.50267	0.0125	0	0
2673.60267	0.01253	0	0
2673.70267	0.01255	0	0
2673.80267	0.01258	0	0
2673.90267	0.0126	0	0
2674.00267	0.01262	0	0
2674.10267	0.01265	0	0
2674.20267	0.01267	0	0
2674.30267	0.0127	0	0
2674.40267	0.01272	0	0
2674.50267	0.01275	0	0
2674.60267	0.01277	0	0
2674.70267	0.01279	0	0
2674.80267	0.01282	0	0
2674.90267	0.01284	0	0
2675.00268	0.01287	0	0
2675.10268	0.01289	0	0
2675.20268	0.01291	0	0
2675.30268	0.01294	0	0
2675.40268	0.01296	0	0
2675.50268	0.01298	0	0
2675.60268	0.01301	0	0
2675.70268	0.01303	0	0
2675.80268	0.01305	0	0
2675.90268	0.01308	0	0
2676.00268	0.0131	0	0
2676.10268	0.01312	0	0
2676.20268	0.01314	0	0
2676.30268	0.01317	0	0
2676.40268	0.01319	0	0
2676.50268	0.01321	0	0
2676.60268	0.01324	0	0
2676.70268	0.01326	0	0
2676.80268	0.01328	0	0
2676.90268	0.0133	0	0
2677.00268	0.01333	0	0
2677.10268	0.01335	0	0
2677.20268	0.01337	0	0
2677.30268	0.01339	0	0
2677.40268	0.01341	0	0
2677.50268	0.01344	0	0
2677.60268	0.01346	0	0
2677.70268	0.01348	0	0
2677.80268	0.0135	0	0
2677.90268	0.01352	0	0
2678.00268	0.01354	0	0
2678.10268	0.01357	0	0
2678.20268	0.01359	0	0
2678.30268	0.01361	0	0
2678.40268	0.01363	0	0
2678.50268	0.01365	0	0
2678.60268	0.01367	0	0
2678.70268	0.01369	0	0
2678.80268	0.01371	0	0
2678.90268	0.01374	0	0
2679.00268	0.01376	0	0
2679.10268	0.01378	0	0
2679.20268	0.0138	0	0
2679.30268	0.01382	0	0
2679.40268	0.01384	0	0
2679.50268	0.01386	0	0
2679.60268	0.01388	0	0
2679.70268	0.0139	0	0
2679.80268	0.01392	0	0
2679.90268	0.01394	0	0
2680.00268	0.01396	0	0
2680.10268	0.01398	0	0
2680.20268	0.014	0	0
2680.30268	0.01402	0	0
2680.40268	0.01404	0	0
2680.50268	0.01406	0	0
2680.60268	0.01408	0	0
2680.70268	0.0141	0	0
2680.80268	0.01412	0	0
2680.90268	0.01414	0	0
2681.00268	0.01416	0	0
2681.10268	0.01418	0	0
2681.20268	0.0142	0	0
2681.30268	0.01421	0	0
2681.40268	0.01423	0	0
2681.50268	0.01425	0	0
2681.60268	0.01427	0	0
2681.70268	0.01429	0	0
2681.80268	0.01431	0	0
2681.90268	0.01433	0	0
2682.00268	0.01435	0	0
2682.10268	0.01436	0	0
2682.20268	0.01438	0	0
2682.30268	0.0144	0	0
2682.40268	0.01442	0	0
2682.50268	0.01444	0	0
2682.60268	0.01446	0	0
2682.70268	0.01447	0	0
2682.80268	0.01449	0	0
2682.90268	0.01451	0	0
2683.00268	0.01453	0	0
2683.10268	0.01454	0	0
2683.20268	0.01456	0	0
2683.30268	0.01458	0	0
2683.40268	0.0146	0	0
2683.50268	0.01462	0	0
2683.60268	0.01463	0	0
2683.70268	0.01465	0	0
2683.80268	0.01467	0	0
2683.90268	0.01468	0	0
2684.00268	0.0147	0	0
2684.10268	0.01472	0	0
2684.20268	0.01473	0	0
2684.30268	0.01475	0	0
2684.40268	0.01477	0	0
2684.50268	0.01479	0	0
2684.60268	0.0148	0	0
2684.70268	0.01482	0	0
2684.80268	0.01483	0	0
2684.90268	0.01485	0	0
2685.00269	0.01487	0	0
2685.10269	0.01488	0	0
2685.20269	0.0149	0	0
2685.30269	0.01492	0	0
2685.40269	0.01493	0	0
2685.50269	0.01495	0	0
2685.60269	0.01496	0	0
2685.70269	0.01498	0	0
2685.80269	0.01499	0	0
2685.90269	0.01501	0	0
2686.00269	0.01503	0	0
2686.10269	0.01504	0	0
2686.20269	0.01506	0	0
2686.30269	0.01507	0	0
2686.40269	0.01509	0	0
2686.50269	0.0151	0	0
2686.60269	0.01512	0	0
2686.70269	0.01513	0	0
2686.80269	0.01515	0	0
2686.90269	0.01516	0	0
2687.00269	0.01518	0	0
2687.10269	0.01519	0	0
2687.20269	0.01521	0	0
2687.30269	0.01522	0	0
2687.40269	0.01523	0	0
2687.50269	0.01525	0	0
2687.60269	0.01526	0	0
2687.70269	0.01528	0	0
2687.80269	0.01529	0	0
2687.90269	0.01531	0	0
2688.00269	0.01532	0	0
2688.10269	0.01533	0	0
2688.20269	0.01535	0	0
2688.30269	0.01536	0	0
2688.40269	0.01537	0	0
2688.50269	0.01539	0	0
2688.60269	0.0154	0	0
2688.70269	0.01541	0	0
2688.80269	0.01543	0	0
2688.90269	0.01544	0	0
2689.00269	0.01545	0	0
2689.10269	0.01547	0	0
2689.20269	0.01548	0	0
2689.30269	0.01549	0	0
2689.40269	0.01551	0	0
2689.50269	0.01552	0	0
2689.60269	0.01553	0	0
2689.70269	0.01554	0	0
2689.80269	0.01556	0	0
2689.90269	0.01557	0	0
2690.00269	0.01558	0	0
2690.10269	0.01559	0	0
2690.20269	0.01561	0	0
2690.30269	0.01562	0	0
2690.40269	0.01563	0	0
2690.50269	0.01564	0	0
2690.60269	0.01565	0	0
2690.70269	0.01567	0	0
2690.80269	0.01568	0	0
2690.90269	0.01569	0	0
2691.00269	0.0157	0	0
2691.10269	0.01571	0	0
2691.20269	0.01572	0	0
2691.30269	0.01574	0	0
2691.40269	0.01575	0	0
2691.50269	0.01576	0	0
2691.60269	0.01577	0	0
2691.70269	0.01578	0	0
2691.80269	0.01579	0	0
2691.90269	0.0158	0	0
2692.00269	0.01581	0	0
2692.10269	0.01582	0	0
2692.20269	0.01583	0	0
2692.30269	0.01584	0	0
2692.40269	0.01586	0	0
2692.50269	0.01587	0	0
2692.60269	0.01588	0	0
2692.70269	0.01589	0	0
2692.80269	0.0159	0	0
2692.90269	0.01591	0	0
2693.00269	0.01592	0	0
2693.10269	0.01593	0	0
2693.20269	0.01594	0	0
2693.30269	0.01595	0	0
2693.40269	0.01596	0	0
2693.50269	0.01597	0	0
2693.60269	0.01597	0	0
2693.70269	0.01598	0	0
2693.80269	0.01599	0	0
2693.90269	0.016	0	0
2694.00269	0.01601	0	0
2694.10269	0.01602	0	0
2694.20269	0.01603	0	0
2694.30269	0.01604	0	0
2694.40269	0.01605	0	0
2694.50269	0.01606	0	0
2694.60269	0.01607	0	0
2694.70269	0.01607	0	0
2694.80269	0.01608	0	0
2694.90269	0.01609	0	0
2695.0027	0.0161	0	0
2695.1027	0.01611	0	0
2695.2027	0.01612	0	0
2695.3027	0.01612	0	0
2695.4027	0.01613	0	0
2695.5027	0.01614	0	0
2695.6027	0.01615	0	0
2695.7027	0.01616	0	0
2695.8027	0.01616	0	0
2695.9027	0.01617	0	0
2696.0027	0.01618	0	0
2696.1027	0.01619	0	0
2696.2027	0.01619	0	0
2696.3027	0.0162	0	0
2696.4027	0.01621	0	0
2696.5027	0.01622	0	0
2696.6027	0.01622	0	0
2696.7027	0.01623	0	0
2696.8027	0.01624	0	0
2696.9027	0.01624	0	0
2697.0027	0.01625	0	0
2697.1027	0.01626	0	0
2697.2027	0.01627	0	0
2697.3027	0.01627	0	0
2697.4027	0.01628	0	0
2697.5027	0.01628	0	0
2697.6027	0.01629	0	0
2697.7027	0.0163	0	0
2697.8027	0.0163	0	0
2697.9027	0.01631	0	0
2698.0027	0.01632	0	0
2698.1027	0.01632	0	0
2698.2027	0.01633	0	0
2698.3027	0.01633	0	0
2698.4027	0.01634	0	0
2698.5027	0.01634	0	0
2698.6027	0.01635	0	0
2698.7027	0.01636	0	0
2698.8027	0.01636	0	0
2698.9027	0.01637	0	0
2699.0027	0.01637	0	0
2699.1027	0.01638	0	0
2699.2027	0.01638	0	0
2699.3027	0.01639	0	0
2699.4027	0.01639	0	0
2699.5027	0.0164	0	0
2699.6027	0.0164	0	0
2699.7027	0.01641	0	0
2699.8027	0.01641	0	0
2699.9027	0.01642	0	0
2700.0027	0.01642	0	0
2700.1027	0.01642	0	0
2700.2027	0.01643	0	0
2700.3027	0.01643	0	0
2700.4027	0.01644	0	0
2700.5027	0.01644	0	0
2700.6027	0.01644	0	0
2700.7027	0.01645	0	0
2700.8027	0.01645	0	0
2700.9027	0.01646	0	0
2701.0027	0.01646	0	0
2701.1027	0.01646	0	0
2701.2027	0.01647	0	0
2701.3027	0.01647	0	0
2701.4027	0.01647	0	0
2701.5027	0.01648	0	0
2701.6027	0.01648	0	0
2701.7027	0.01648	0	0
2701.8027	0.01649	0	0
2701.9027	0.01649	0	0
2702.0027	0.01649	0	0
2702.1027	0.01649	0	0
2702.2027	0.0165	0	0
2702.3027	0.0165	0	0
2702.4027	0.0165	0	0
2702.5027	0.0165	0	0
2702.6027	0.01651	0	0
2702.7027	0.01651	0	0
2702.8027	0.01651	0	0
2702.9027	0.01651	0	0
2703.0027	0.01652	0	0
2703.1027	0.01652	0	0
2703.2027	0.01652	0	0
2703.3027	0.01652	0	0
2703.4027	0.01652	0	0
2703.5027	0.01652	0	0
2703.6027	0.01653	0	0
2703.7027	0.01653	0	0
2703.8027	0.01653	0	0
2703.9027	0.01653	0	0
2704.0027	0.01653	0	0
2704.1027	0.01653	0	0
2704.2027	0.01653	0	0
2704.3027	0.01654	0	0
2704.4027	0.01654	0	0
2704.5027	0.01654	0	0
2704.6027	0.01654	0	0
2704.7027	0.01654	0	0
2704.8027	0.01654	0	0
2704.9027	0.01654	0	0
2705.00271	0.01654	0	0
2705.10271	0.01654	0	0
2705.20271	0.01654	0	0
2705.30271	0.01654	0	0
2705.40271	0.01654	0	0
2705.50271	0.01654	0	0
2705.60271	0.01654	0	0
2705.70271	0.01654	0	0
2705.80271	0.01654	0	0
2705.90271	0.01654	0	0
2706.00271	0.01654	0	0
2706.10271	0.01654	0	0
2706.20271	0.01654	0	0
2706.30271	0.01654	0	0
2706.40271	0.01654	0	0
2706.50271	0.01654	0	0
2706.60271	0.01654	0	0
2706.70271	0.01654	0	0
2706.80271	0.01654	0	0
2706.90271	0.01653	0	0
2707.00271	0.01653	0	0
2707.10271	0.01653	0	0
2707.20271	0.01653	0	0
2707.30271	0.01653	0	0
2707.40271	0.01653	0	0
2707.50271	0.01653	0	0
2707.60271	0.01653	0	0
2707.70271	0.01652	0	0
2707.80271	0.01652	0	0
2707.90271	0.01652	0	0
2708.00271	0.01652	0	0
2708.10271	0.01652	0	0
2708.20271	0.01651	0	0
2708.30271	0.01651	0	0
2708.40271	0.01651	0	0
2708.50271	0.01651	0	0
2708.60271	0.0165	0	0
2708.70271	0.0165	0	0
2708.80271	0.0165	0	0
2708.90271	0.0165	0	0
2709.00271	0.01649	0	0
2709.10271	0.01649	0	0
2709.20271	0.01649	0	0
2709.30271	0.01649	0	0
2709.40271	0.01648	0	0
2709.50271	0.01648	0	0
2709.60271	0.01648	0	0
2709.70271	0.01647	0	0
2709.80271	0.01647	0	0
2709.90271	0.01647	0	0
2710.00271	0.01646	0	0
2710.10271	0.01646	0	0
2710.20271	0.01646	0	0
2710.30271	0.01645	0	0
2710.40271	0.01645	0	0
2710.50271	0.01645	0	0
2710.60271	0.01644	0	0
2710.70271	0.01644	0	0
2710.80271	0.01643	0	0
2710.90271	0.01643	0	0
2711.00271	0.01643	0	0
2711.10271	0.01642	0	0
2711.20271	0.01642	0	0
2711.30271	0.01641	0	0
2711.40271	0.01641	0	0
2711.50271	0.0164	0	0
2711.60271	0.0164	0	0
2711.70271	0.01639	0	0
2711.80271	0.01639	0	0
2711.90271	0.01638	0	0
2712.00271	0.01638	0	0
2712.10271	0.01637	0	0
2712.20271	0.01637	0	0
2712.30271	0.01636	0	0
2712.40271	0.01636	0	0
2712.50271	0.01635	0	0
2712.60271	0.01635	0	0
2712.70271	0.01634	0	0
2712.80271	0.01634	0	0
2712.90271	0.01633	0	0
2713.00271	0.01632	0	0
2713.10271	0.01632	0	0
2713.20271	0.01631	0	0
2713.30271	0.01631	0	0
2713.40271	0.0163	0	0
2713.50271	0.01629	0	0
2713.60271	0.01629	0	0
2713.70271	0.01628	0	0
2713.80271	0.01628	0	0
2713.90271	0.01627	0	0
2714.00271	0.01626	0	0
2714.10271	0.01626	0	0
2714.20271	0.01625	0	0
2714.30271	0.01624	0	0
2714.40271	0.01624	0	0
2714.50271	0.01623	0	0
2714.60271	0.01622	0	0
2714.70271	0.01621	0	0
2714.80271	0.01621	0	0
2714.90271	0.0162	0	0
2715.00272	0.01619	0	0
2715.10272	0.01619	0	0
2715.20272	0.01618	0	0
2715.30272	0.01617	0	0
2715.40272	0.01616	0	0
2715.50272	0.01616	0	0
2715.60272	0.01615	0	0
2715.70272	0.01614	0	0
2715.80272	0.01613	0	0
2715.90272	0.01612	0	0
2716.00272	0.01612	0	0
2716.10272	0.01611	0	0
2716.20272	0.0161	0	0
2716.30272	0.01609	0	0
2716.40272	0.01608	0	0
2716.50272	0.01607	0	0
2716.60272	0.01607	0	0
2716.70272	0.01606	0	0
2716.80272	0.01605	0	0
2716.90272	0.01604	0	0
2717.00272	0.01603	0	0
2717.10272	0.01602	0	0
2717.20272	0.01601	0	0
2717.30272	0.016	0	0
2717.40272	0.016	0	0
2717.50272	0.01599	0	0
2717.60272	0.01598	0	0
2717.70272	0.01597	0	0
2717.80272	0.01596	0	0
2717.90272	0.01595	0	0
2718.00272	0.01594	0	0
2718.10272	0.01593	0	0
2718.20272	0.01592	0	0
2718.30272	0.01591	0	0
2718.40272	0.0159	0	0
2718.50272	0.01589	0	0
2718.60272	0.01588	0	0
2718.70272	0.01587	0	0
2718.80272	0.01586	0	0
2718.90272	0.01585	0	0
2719.00272	0.01584	0	0
2719.10272	0.01583	0	0
2719.20272	0.01582	0	0
2719.30272	0.01581	0	0
2719.40272	0.0158	0	0
2719.50272	0.01579	0	0
2719.60272	0.01578	0	0
2719.70272	0.01577	0	0
2719.80272	0.01576	0	0
2719.90272	0.01574	0	0
2720.00272	0.01573	0	0
2720.10272	0.01572	0	0
2720.20272	0.01571	0	0
2720.30272	0.0157	0	0
2720.40272	0.01569	0	0
2720.50272	0.01568	0	0
2720.60272	0.01567	0	0
2720.70272	0.01565	0	0
2720.80272	0.01564	0	0
2720.90272	0.01563	0	0
2721.00272	0.01562	0	0
2721.10272	0.01561	0	0
2721.20272	0.0156	0	0
2721.30272	0.01558	0	0
2721.40272	0.01557	0	0
2721.50272	0.01556	0	0
2721.60272	0.01555	0	0
2721.70272	0.01553	0	0
2721.80272	0.01552	0	0
2721.90272	0.01551	0	0
2722.00272	0.0155	0	0
2722.10272	0.01549	0	0
2722.20272	0.01547	0	0
2722.30272	0.01546	0	0
2722.40272	0.01545	0	0
2722.50272	0.01543	0	0
2722.60272	0.01542	0	0
2722.70272	0.01541	0	0
2722.80272	0.0154	0	0
2722.90272	0.01538	0	0
2723.00272	0.01537	0	0
2723.10272	0.01536	0	0
2723.20272	0.01534	0	0
2723.30272	0.01533	0	0
2723.40272	0.01532	0	0
2723.50272	0.0153	0	0
2723.60272	0.01529	0	0
2723.70272	0.01527	0	0
2723.80272	0.01526	0	0
2723.90272	0.01525	0	0
2724.00272	0.01523	0	0
2724.10272	0.01522	0	0
2724.20272	0.01521	0	0
2724.30272	0.01519	0	0
2724.40272	0.01518	0	0
2724.50272	0.01516	0	0
2724.60272	0.01515	0	0
2724.70272	0.01513	0	0
2724.80272	0.01512	0	0
2724.90272	0.0151	0	0
2725.00273	0.01509	0	0
2725.10273	0.01508	0	0
2725.20273	0.01506	0	0
2725.30273	0.01505	0	0
2725.40273	0.01503	0	0
2725.50273	0.01502	0	0
2725.60273	0.015	0	0
2725.70273	0.01499	0	0
2725.80273	0.01497	0	0
2725.90273	0.01496	0	0
2726.00273	0.01494	0	0
2726.10273	0.01493	0	0
2726.20273	0.01491	0	0
2726.30273	0.01489	0	0
2726.40273	0.01488	0	0
2726.50273	0.01486	0	0
2726.60273	0.01485	0	0
2726.70273	0.01483	0	0
2726.80273	0.01482	0	0
2726.90273	0.0148	0	0
2727.00273	0.01478	0	0
2727.10273	0.01477	0	0
2727.20273	0.01475	0	0
2727.30273	0.01474	0	0
2727.40273	0.01472	0	0
2727.50273	0.0147	0	0
2727.60273	0.01469	0	0
2727.70273	0.01467	0	0
2727.80273	0.01465	0	0
2727.90273	0.01464	0	0
2728.00273	0.01462	0	0
2728.10273	0.0146	0	0
2728.20273	0.01459	0	0
2728.30273	0.01457	0	0
2728.40273	0.01455	0	0
2728.50273	0.01454	0	0
2728.60273	0.01452	0	0
2728.70273	0.0145	0	0
2728.80273	0.01448	0	0
2728.90273	0.01447	0	0
2729.00273	0.01445	0	0
2729.10273	0.01443	0	0
2729.20273	0.01441	0	0
2729.30273	0.0144	0	0
2729.40273	0.01438	0	0
2729.50273	0.01436	0	0
2729.60273	0.01434	0	0
2729.70273	0.01433	0	0
2729.80273	0.01431	0	0
2729.90273	0.01429	0	0
2730.00273	0.01427	0	0
2730.10273	0.01425	0	0
2730.20273	0.01424	0	0
2730.30273	0.01422	0	0
2730.40273	0.0142	0	0
2730.50273	0.01418	0	0
2730.60273	0.01416	0	0
2730.70273	0.01414	0	0
2730.80273	0.01413	0	0
2730.90273	0.01411	0	0
2731.00273	0.01409	0	0
2731.10273	0.01407	0	0
2731.20273	0.01405	0	0
2731.30273	0.01403	0	0
2731.40273	0.01401	0	0
2731.50273	0.01399	0	0
2731.60273	0.01397	0	0
2731.70273	0.01396	0	0
2731.80273	0.01394	0	0
2731.90273	0.01392	0	0
2732.00273	0.0139	0	0
2732.10273	0.01388	0	0
2732.20273	0.01386	0	0
2732.30273	0.01384	0	0
2732.40273	0.01382	0	0
2732.50273	0.0138	0	0
2732.60273	0.01378	0	0
2732.70273	0.01376	0	0
2732.80273	0.01374	0	0
2732.90273	0.01372	0	0
2733.00273	0.0137	0	0
2733.10273	0.01368	0	0
2733.20273	0.01366	0	0
2733.30273	0.01364	0	0
2733.40273	0.01362	0	0
2733.50273	0.0136	0	0
2733.60273	0.01358	0	0
2733.70273	0.01356	0	0
2733.80273	0.01354	0	0
2733.90273	0.01352	0	0
2734.00273	0.0135	0	0
2734.10273	0.01348	0	0
2734.20273	0.01346	0	0
2734.30273	0.01344	0	0
2734.40273	0.01341	0	0
2734.50273	0.01339	0	0
2734.60273	0.01337	0	0
2734.70273	0.01335	0	0
2734.80273	0.01333	0	0
2734.90273	0.01331	0	0
2735.00274	0.01329	0	0
2735.10274	0.01327	0	0
2735.20274	0.01325	0	0
2735.30274	0.01322	0	0
2735.40274	0.0132	0	0
2735.50274	0.01318	0	0
2735.60274	0.01316	0	0
2735.70274	0.01314	0	0
2735.80274	0.01312	0	0
2735.90274	0.01309	0	0
2736.00274	0.01307	0	0
2736.10274	0.01305	0	0
2736.20274	0.01303	0	0
2736.30274	0.01301	0	0
2736.40274	0.01298	0	0
2736.50274	0.01296	0	0
2736.60274	0.01294	0	0
2736.70274	0.01292	0	0
2736.80274	0.0129	0	0
2736.90274	0.01287	0	0
2737.00274	0.01285	0	0
2737.10274	0.01283	0	0
2737.20274	0.01281	0	0
2737.30274	0.01278	0	0
2737.40274	0.01276	0	0
2737.50274	0.01274	0	0
2737.60274	0.01271	0	0
2737.70274	0.01269	0	0
2737.80274	0.01267	0	0
2737.90274	0.01265	0	0
2738.00274	0.01262	0	0
2738.10274	0.0126	0	0
2738.20274	0.01258	0	0
2738.30274	0.01255	0	0
2738.40274	0.01253	0	0
2738.50274	0.01251	0	0
2738.60274	0.01248	0	0
2738.70274	0.01246	0	0
2738.80274	0.01244	0	0
2738.90274	0.01241	0	0
2739.00274	0.01239	0	0
2739.10274	0.01236	0	0
2739.20274	0.01234	0	0
2739.30274	0.01232	0	0
2739.40274	0.01229	0	0
2739.50274	0.01227	0	0
2739.60274	0.01225	0	0
2739.70274	0.01222	0	0
2739.80274	0.0122	0	0
2739.90274	0.01217	0	0
2740.00274	0.01215	0	0
2740.10274	0.01212	0	0
2740.20274	0.0121	0	0
2740.30274	0.01208	0	0
2740.40274	0.01205	0	0
2740.50274	0.01203	0	0
2740.60274	0.012	0	0
2740.70274	0.01198	0	0
2740.80274	0.01195	0	0
2740.90274	0.01193	0	0
2741.00274	0.0119	0	0
2741.10274	0.01188	0	0
2741.20274	0.01185	0	0
2741.30274	0.01183	0	0
2741.40274	0.0118	0	0
2741.50274	0.01178	0	0
2741.60274	0.01175	0	0
2741.70274	0.01173	0	0
2741.80274	0.0117	0	0
2741.90274	0.01168	0	0
2742.00274	0.01165	0	0
2742.10274	0.01163	0	0
2742.20274	0.0116	0	0
2742.30274	0.01158	0	0
2742.40274	0.01155	0	0
2742.50274	0.01152	0	0
2742.60274	0.0115	0	0
2742.70274	0.01147	0	0
2742.80274	0.01145	0	0
2742.90274	0.01142	0	0
2743.00274	0.0114	0	0
2743.10274	0.01137	0	0
2743.20274	0.01134	0	0
2743.30274	0.01132	0	0
2743.40274	0.01129	0	0
2743.50274	0.01126	0	0
2743.60274	0.01124	0	0
2743.70274	0.01121	0	0
2743.80274	0.01119	0	0
2743.90274	0.01116	0	0
2744.00274	0.01113	0	0
2744.10274	0.01111	0	0
2744.20274	0.01108	0	0
2744.30274	0.01105	0	0
2744.40274	0.01103	0	0
2744.50274	0.011	0	0
2744.60274	0.01097	0	0
2744.70274	0.01095	0	0
2744.80274	0.01092	0	0
2744.90274	0.01089	0	0
2745.00275	0.01087	0	0
2745.10275	0.01084	0	0
2745.20275	0.01081	0	0
2745.30275	0.01078	0	0
2745.40275	0.01076	0	0
2745.50275	0.01073	0	0
2745.60275	0.0107	0	0
2745.70275	0.01067	0	0
2745.80275	0.01065	0	0
2745.90275	0.01062	0	0
2746.00275	0.01059	0	0
2746.10275	0.01057	0	0
2746.20275	0.01054	0	0
2746.30275	0.01051	0	0
2746.40275	0.01048	0	0
2746.50275	0.01045	0	0
2746.60275	0.01043	0	0
2746.70275	0.0104	0	0
2746.80275	0.01037	0	0
2746.90275	0.01034	0	0
2747.00275	0.01031	0	0
2747.10275	0.01029	0	0
2747.20275	0.01026	0	0
2747.30275	0.01023	0	0
2747.40275	0.0102	0	0
2747.50275	0.01017	0	0
2747.60275	0.01015	0	0
2747.70275	0.01012	0	0
2747.80275	0.01009	0	0
2747.90275	0.01006	0	0
2748.00275	0.01003	0	0
2748.10275	0.01	0	0
2748.20275	0.00997	0	0
2748.30275	0.00995	0	0
2748.40275	0.00992	0	0
2748.50275	0.00989	0	0
2748.60275	0.00986	0	0
2748.70275	0.00983	0	0
2748.80275	0.0098	0	0
2748.90275	0.00977	0	0
2749.00275	0.00974	0	0
2749.10275	0.00971	0	0
2749.20275	0.00969	0	0
2749.30275	0.00966	0	0
2749.40275	0.00963	0	0
2749.50275	0.0096	0	0
2749.60275	0.00957	0	0
2749.70275	0.00954	0	0
2749.80275	0.00951	0	0
2749.90275	0.00948	0	0
2750.00275	0.00945	0	0
2750.10275	0.00942	0	0
2750.20275	0.00939	0	0
2750.30275	0.00936	0	0
2750.40275	0.00933	0	0
2750.50275	0.0093	0	0
2750.60275	0.00927	0	0
2750.70275	0.00924	0	0
2750.80275	0.00921	0	0
2750.90275	0.00918	0	0
2751.00275	0.00915	0	0
2751.10275	0.00912	0	0
2751.20275	0.00909	0	0
2751.30275	0.00906	0	0
2751.40275	0.00903	0	0
2751.50275	0.009	0	0
2751.60275	0.00897	0	0
2751.70275	0.00894	0	0
2751.80275	0.00891	0	0
2751.90275	0.00888	0	0
2752.00275	0.00885	0	0
2752.10275	0.00882	0	0
2752.20275	0.00879	0	0
2752.30275	0.00876	0	0
2752.40275	0.00873	0	0
2752.50275	0.0087	0	0
2752.60275	0.00867	0	0
2752.70275	0.00864	0	0
2752.80275	0.00861	0	0
2752.90275	0.00858	0	0
2753.00275	0.00855	0	0
2753.10275	0.00851	0	0
2753.20275	0.00848	0	0
2753.30275	0.00845	0	0
2753.40275	0.00842	0	0
2753.50275	0.00839	0	0
2753.60275	0.00836	0	0
2753.70275	0.00833	0	0
2753.80275	0.0083	0	0
2753.90275	0.00827	0	0
2754.00275	0.00823	0	0
2754.10275	0.0082	0	0
2754.20275	0.00817	0	0
2754.30275	0.00814	0	0
2754.40275	0.00811	0	0
2754.50275	0.00808	0	0
2754.60275	0.00805	0	0
2754.70275	0.00801	0	0
2754.80275	0.00798	0	0
2754.90275	0.00795	0	0
2755.00276	0.00792	0	0
2755.10276	0.00789	0	0
2755.20276	0.00786	0	0
2755.30276	0.00782	0	0
2755.40276	0.00779	0	0
2755.50276	0.00776	0	0
2755.60276	0.00773	0	0
2755.70276	0.0077	0	0
2755.80276	0.00766	0	0
2755.90276	0.00763	0	0
2756.00276	0.0076	0	0
2756.10276	0.00757	0	0
2756.20276	0.00754	0	0
2756.30276	0.0075	0	0
2756.40276	0.00747	0	0
2756.50276	0.00744	0	0
2756.60276	0.00741	0	0
2756.70276	0.00737	0	0
2756.80276	0.00734	0	0
2756.90276	0.00731	0	0
2757.00276	0.00728	0	0
2757.10276	0.00724	0	0
2757.20276	0.00721	0	0
2757.30276	0.00718	0	0
2757.40276	0.00715	0	0
2757.50276	0.00711	0	0
2757.60276	0.00708	0	0
2757.70276	0.00705	0	0
2757.80276	0.00702	0	0
2757.90276	0.00698	0	0
2758.00276	0.00695	0	0
2758.10276	0.00692	0	0
2758.20276	0.00688	0	0
2758.30276	0.00685	0	0
2758.40276	0.00682	0	0
2758.50276	0.00678	0	0
2758.60276	0.00675	0	0
2758.70276	0.00672	0	0
2758.80276	0.00669	0	0
2758.90276	0.00665	0	0
2759.00276	0.00662	0	0
2759.10276	0.00659	0	0
2759.20276	0.00655	0	0
2759.30276	0.00652	0	0
2759.40276	0.00649	0	0
2759.50276	0.00645	0	0
2759.60276	0.00642	0	0
2759.70276	0.00638	0	0
2759.80276	0.00635	0	0
2759.90276	0.00632	0	0
2760.00276	0.00628	0	0
2760.10276	0.00625	0	0
2760.20276	0.00622	0	0
2760.30276	0.00618	0	0
2760.40276	0.00615	0	0
2760.50276	0.00612	0	0
2760.60276	0.00608	0	0
2760.70276	0.00605	0	0
2760.80276	0.00601	0	0
2760.90276	0.00598	0	0
2761.00276	0.00595	0	0
2761.10276	0.00591	0	0
2761.20276	0.00588	0	0
2761.30276	0.00584	0	0
2761.40276	0.00581	0	0
2761.50276	0.00578	0	0
2761.60276	0.00574	0	0
2761.70276	0.00571	0	0
2761.80276	0.00567	0	0
2761.90276	0.00564	0	0
2762.00276	0.0056	0	0
2762.10276	0.00557	0	0
2762.20276	0.00554	0	0
2762.30276	0.0055	0	0
2762.40276	0.00547	0	0
2762.50276	0.00543	0	0
2762.60276	0.0054	0	0
2762.70276	0.00536	0	0
2762.80276	0.00533	0	0
2762.90276	0.00529	0	0
2763.00276	0.00526	0	0
2763.10276	0.00523	0	0
2763.20276	0.00519	0	0
2763.30276	0.00516	0	0
2763.40276	0.00512	0	0
2763.50276	0.00509	0	0
2763.60276	0.00505	0	0
2763.70276	0.00502	0	0
2763.80276	0.00498	0	0
2763.90276	0.00495	0	0
2764.00276	0.00491	0	0
2764.10276	0.00488	0	0
2764.20276	0.00484	0	0
2764.30276	0.00481	0	0
2764.40276	0.00477	0	0
2764.50276	0.00474	0	0
2764.60276	0.0047	0	0
2764.70276	0.00467	0	0
2764.80276	0.00463	0	0
2764.90276	0.0046	0	0
2765.00277	0.00456	0	0
2765.10277	0.00453	0	0
2765.20277	0.00449	0	0
2765.30277	0.00445	0	0
2765.40277	0.00442	0	0
2765.50277	0.00438	0	0
2765.60277	0.00435	0	0
2765.70277	0.00431	0	0
2765.80277	0.00428	0	0
2765.90277	0.00424	0	0
2766.00277	0.00421	0	0
2766.10277	0.00417	0	0
2766.20277	0.00414	0	0
2766.30277	0.0041	0	0
2766.40277	0.00406	0	0
2766.50277	0.00403	0	0
2766.60277	0.00399	0	0
2766.70277	0.00396	0	0
2766.80277	0.00392	0	0
2766.90277	0.00389	0	0
2767.00277	0.00385	0	0
2767.10277	0.00381	0	0
2767.20277	0.00378	0	0
2767.30277	0.00374	0	0
2767.40277	0.00371	0	0
2767.50277	0.00367	0	0
2767.60277	0.00363	0	0
2767.70277	0.0036	0	0
2767.80277	0.00356	0	0
2767.90277	0.00353	0	0
2768.00277	0.00349	0	0
2768.10277	0.00345	0	0
2768.20277	0.00342	0	0
2768.30277	0.00338	0	0
2768.40277	0.00335	0	0
2768.50277	0.00331	0	0
2768.60277	0.00327	0	0
2768.70277	0.00324	0	0
2768.80277	0.0032	0	0
2768.90277	0.00316	0	0
2769.00277	0.00313	0	0
2769.10277	0.00309	0	0
2769.20277	0.00306	0	0
2769.30277	0.00302	0	0
2769.40277	0.00298	0	0
2769.50277	0.00295	0	0
2769.60277	0.00291	0	0
2769.70277	0.00287	0	0
2769.80277	0.00284	0	0
2769.90277	0.0028	0	0
2770.00277	0.00276	0	0
2770.10277	0.00273	0	0
2770.20277	0.00269	0	0
2770.30277	0.00265	0	0
2770.40277	0.00262	0	0
2770.50277	0.00258	0	0
2770.60277	0.00254	0	0
2770.70277	0.00251	0	0
2770.80277	0.00247	0	0
2770.90277	0.00243	0	0
2771.00277	0.0024	0	0
2771.10277	0.00236	0	0
2771.20277	0.00232	0	0
2771.30277	0.00229	0	0
2771.40277	0.00225	0	0
2771.50277	0.00221	0	0
2771.60277	0.00218	0	0
2771.70277	0.00214	0	0
2771.80277	0.0021	0	0
2771.90277	0.00207	0	0
2772.00277	0.00203	0	0
2772.10277	0.00199	0	0
2772.20277	0.00195	0	0
2772.30277	0.00192	0	0
2772.40277	0.00188	0	0
2772.50277	0.00184	0	0
2772.60277	0.00181	0	0
2772.70277	0.00177	0	0
2772.80277	0.00173	0	0
2772.90277	0.00169	0	0
2773.00277	0.00166	0	0
2773.10277	0.00162	0	0
2773.20277	0.00158	0	0
2773.30277	0.00155	0	0
2773.40277	0.00151	0	0
2773.50277	0.00147	0	0
2773.60277	0.00143	0	0
2773.70277	0.0014	0	0
2773.80277	0.00136	0	0
2773.90277	0.00132	0	0
2774.00277	0.00128	0	0
2774.10277	0.00125	0	0
2774.20277	0.00121	0	0
2774.30277	0.00117	0	0
2774.40277	0.00114	0	0
2774.50277	0.0011	0	0
2774.60277	0.00106	0	0
2774.70277	0.00102	0	0
2774.80277	9.85268E-4	0	0
2774.90277	9.47741E-4	0	0
2775.00278	9.10197E-4	0	0
2775.10278	8.72637E-4	0	0
2775.20278	8.3506E-4	0	0
2775.30278	7.97467E-4	0	0
2775.40278	7.59857E-4	0	0
2775.50278	7.22231E-4	0	0
2775.60278	6.84589E-4	0	0
2775.70278	6.46931E-4	0	0
2775.80278	6.09257E-4	0	0
2775.90278	5.71567E-4	0	0
2776.00278	5.33862E-4	0	0
2776.10278	4.96142E-4	0	0
2776.20278	4.58406E-4	0	0
2776.30278	4.20654E-4	0	0
2776.40278	3.82888E-4	0	0
2776.50278	3.45107E-4	0	0
2776.60278	3.07311E-4	0	0
2776.70278	2.695E-4	0	0
2776.80278	2.31675E-4	0	0
2776.90278	1.93835E-4	0	0
2777.00278	1.55981E-4	0	0
2777.10278	1.18112E-4	0	0
2777.20278	8.02297E-5	0	0
2777.30278	4.23333E-5	0	0
2777.40278	4.42301E-6	0	0
2777.50278	-3.3501E-5	0	0
2777.60278	-7.14385E-5	0	0
2777.70278	-1.0939E-4	0	0
2777.80278	-1.47354E-4	0	0
2777.90278	-1.85331E-4	0	0
2778.00278	-2.23322E-4	0	0
2778.10278	-2.61326E-4	0	0
2778.20278	-2.99342E-4	0	0
2778.30278	-3.37371E-4	0	0
2778.40278	-3.75413E-4	0	0
2778.50278	-4.13467E-4	0	0
2778.60278	-4.51534E-4	0	0
2778.70278	-4.89612E-4	0	0
2778.80278	-5.27703E-4	0	0
2778.90278	-5.65806E-4	0	0
2779.00278	-6.03921E-4	0	0
2779.10278	-6.42047E-4	0	0
2779.20278	-6.80185E-4	0	0
2779.30278	-7.18334E-4	0	0
2779.40278	-7.56495E-4	0	0
2779.50278	-7.94667E-4	0	0
2779.60278	-8.3285E-4	0	0
2779.70278	-8.71044E-4	0	0
2779.80278	-9.09249E-4	0	0
2779.90278	-9.47464E-4	0	0
2780.00278	-9.8569E-4	0	0
2780.10278	-0.00102	0	0
2780.20278	-0.00106	0	0
2780.30278	-0.0011	0	0
2780.40278	-0.00114	0	0
2780.50278	-0.00118	0	0
2780.60278	-0.00122	0	0
2780.70278	-0.00125	0	0
2780.80278	-0.00129	0	0
2780.90278	-0.00133	0	0
2781.00278	-0.00137	0	0
2781.10278	-0.00141	0	0
2781.20278	-0.00145	0	0
2781.30278	-0.00148	0	0
2781.40278	-0.00152	0	0
2781.50278	-0.00156	0	0
2781.60278	-0.0016	0	0
2781.70278	-0.00164	0	0
2781.80278	-0.00168	0	0
2781.90278	-0.00171	0	0
2782.00278	-0.00175	0	0
2782.10278	-0.00179	0	0
2782.20278	-0.00183	0	0
2782.30278	-0.00187	0	0
2782.40278	-0.00191	0	0
2782.50278	-0.00194	0	0
2782.60278	-0.00198	0	0
2782.70278	-0.00202	0	0
2782.80278	-0.00206	0	0
2782.90278	-0.0021	0	0
2783.00278	-0.00214	0	0
2783.10278	-0.00218	0	0
2783.20278	-0.00221	0	0
2783.30278	-0.00225	0	0
2783.40278	-0.00229	0	0
2783.50278	-0.00233	0	0
2783.60278	-0.00237	0	0
2783.70278	-0.00241	0	0
2783.80278	-0.00244	0	0
2783.90278	-0.00248	0	0
2784.00278	-0.00252	0	0
2784.10278	-0.00256	0	0
2784.20278	-0.0026	0	0
2784.30278	-0.00264	0	0
2784.40278	-0.00268	0	0
2784.50278	-0.00271	0	0
2784.60278	-0.00275	0	0
2784.70278	-0.00279	0	0
2784.80278	-0.00283	0	0
2784.90278	-0.00287	0	0
2785.00279	-0.00291	0	0
2785.10279	-0.00295	0	0
2785.20279	-0.00298	0	0
2785.30279	-0.00302	0	0
2785.40279	-0.00306	0	0
2785.50279	-0.0031	0	0
2785.60279	-0.00314	0	0
2785.70279	-0.00318	0	0
2785.80279	-0.00322	0	0
2785.90279	-0.00326	0	0
2786.00279	-0.00329	0	0
2786.10279	-0.00333	0	0
2786.20279	-0.00337	0	0
2786.30279	-0.00341	0	0
2786.40279	-0.00345	0	0
2786.50279	-0.00349	0	0
2786.60279	-0.00353	0	0
2786.70279	-0.00356	0	0
2786.80279	-0.0036	0	0
2786.90279	-0.00364	0	0
2787.00279	-0.00368	0	0
2787.10279	-0.00372	0	0
2787.20279	-0.00376	0	0
2787.30279	-0.0038	0	0
2787.40279	-0.00384	0	0
2787.50279	-0.00387	0	0
2787.60279	-0.00391	0	0
2787.70279	-0.00395	0	0
2787.80279	-0.00399	0	0
2787.90279	-0.00403	0	0
2788.00279	-0.00407	0	0
2788.10279	-0.00411	0	0
2788.20279	-0.00414	0	0
2788.30279	-0.00418	0	0
2788.40279	-0.00422	0	0
2788.50279	-0.00426	0	0
2788.60279	-0.0043	0	0
2788.70279	-0.00434	0	0
2788.80279	-0.00438	0	0
2788.90279	-0.00442	0	0
2789.00279	-0.00445	0	0
2789.10279	-0.00449	0	0
2789.20279	-0.00453	0	0
2789.30279	-0.00457	0	0
2789.40279	-0.00461	0	0
2789.50279	-0.00465	0	0
2789.60279	-0.00469	0	0
2789.70279	-0.00472	0	0
2789.80279	-0.00476	0	0
2789.90279	-0.0048	0	0
2790.00279	-0.00484	0	0
2790.10279	-0.00488	0	0
2790.20279	-0.00492	0	0
2790.30279	-0.00496	0	0
2790.40279	-0.005	0	0
2790.50279	-0.00503	0	0
2790.60279	-0.00507	0	0
2790.70279	-0.00511	0	0
2790.80279	-0.00515	0	0
2790.90279	-0.00519	0	0
2791.00279	-0.00523	0	0
2791.10279	-0.00527	0	0
2791.20279	-0.0053	0	0
2791.30279	-0.00534	0	0
2791.40279	-0.00538	0	0
2791.50279	-0.00542	0	0
2791.60279	-0.00546	0	0
2791.70279	-0.0055	0	0
2791.80279	-0.00554	0	0
2791.90279	-0.00557	0	0
2792.00279	-0.00561	0	0
2792.10279	-0.00565	0	0
2792.20279	-0.00569	0	0
2792.30279	-0.00573	0	0
2792.40279	-0.00577	0	0
2792.50279	-0.00581	0	0
2792.60279	-0.00584	0	0
2792.70279	-0.00588	0	0
2792.80279	-0.00592	0	0
2792.90279	-0.00596	0	0
2793.00279	-0.006	0	0
2793.10279	-0.00604	0	0
2793.20279	-0.00608	0	0
2793.30279	-0.00611	0	0
2793.40279	-0.00615	0	0
2793.50279	-0.00619	0	0
2793.60279	-0.00623	0	0
2793.70279	-0.00627	0	0
2793.80279	-0.00631	0	0
2793.90279	-0.00635	0	0
2794.00279	-0.00638	0	0
2794.10279	-0.00642	0	0
2794.20279	-0.00646	0	0
2794.30279	-0.0065	0	0
2794.40279	-0.00654	0	0
2794.50279	-0.00658	0	0
2794.60279	-0.00662	0	0
2794.70279	-0.00665	0	0
2794.80279	-0.00669	0	0
2794.90279	-0.00673	0	0
2795.0028	-0.00677	0	0
2795.1028	-0.00681	0	0
2795.2028	-0.00685	0	0
2795.3028	-0.00688	0	0
2795.4028	-0.00692	0	0
2795.5028	-0.00696	0	0
2795.6028	-0.007	0	0
2795.7028	-0.00704	0	0
2795.8028	-0.00708	0	0
2795.9028	-0.00711	0	0
2796.0028	-0.00715	0	0
2796.1028	-0.00719	0	0
2796.2028	-0.00723	0	0
2796.3028	-0.00727	0	0
2796.4028	-0.00731	0	0
2796.5028	-0.00734	0	0
2796.6028	-0.00738	0	0
2796.7028	-0.00742	0	0
2796.8028	-0.00746	0	0
2796.9028	-0.0075	0	0
2797.0028	-0.00754	0	0
2797.1028	-0.00757	0	0
2797.2028	-0.00761	0	0
2797.3028	-0.00765	0	0
2797.4028	-0.00769	0	0
2797.5028	-0.00773	0	0
2797.6028	-0.00777	0	0
2797.7028	-0.0078	0	0
2797.8028	-0.00784	0	0
2797.9028	-0.00788	0	0
2798.0028	-0.00792	0	0
2798.1028	-0.00796	0	0
2798.2028	-0.00799	0	0
2798.3028	-0.00803	0	0
2798.4028	-0.00807	0	0
2798.5028	-0.00811	0	0
2798.6028	-0.00815	0	0
2798.7028	-0.00818	0	0
2798.8028	-0.00822	0	0
2798.9028	-0.00826	0	0
2799.0028	-0.0083	0	0
2799.1028	-0.00834	0	0
2799.2028	-0.00838	0	0
2799.3028	-0.00841	0	0
2799.4028	-0.00845	0	0
2799.5028	-0.00849	0	0
2799.6028	-0.00853	0	0
2799.7028	-0.00857	0	0
2799.8028	-0.0086	0	0
2799.9028	-0.00864	0	0
2800.0028	-0.00868	0	0
2800.1028	-0.00872	0	0
2800.2028	-0.00875	0	0
2800.3028	-0.00879	0	0
2800.4028	-0.00883	0	0
2800.5028	-0.00887	0	0
2800.6028	-0.00891	0	0
2800.7028	-0.00894	0	0
2800.8028	-0.00898	0	0
2800.9028	-0.00902	0	0
2801.0028	-0.00906	0	0
2801.1028	-0.00909	0	0
2801.2028	-0.00913	0	0
2801.3028	-0.00917	0	0
2801.4028	-0.00921	0	0
2801.5028	-0.00925	0	0
2801.6028	-0.00928	0	0
2801.7028	-0.00932	0	0
2801.8028	-0.00936	0	0
2801.9028	-0.0094	0	0
2802.0028	-0.00943	0	0
2802.1028	-0.00947	0	0
2802.2028	-0.00951	0	0
2802.3028	-0.00955	0	0
2802.4028	-0.00958	0	0
2802.5028	-0.00962	0	0
2802.6028	-0.00966	0	0
2802.7028	-0.0097	0	0
2802.8028	-0.00973	0	0
2802.9028	-0.00977	0	0
2803.0028	-0.00981	0	0
2803.1028	-0.00985	0	0
2803.2028	-0.00988	0	0
2803.3028	-0.00992	0	0
2803.4028	-0.00996	0	0
2803.5028	-0.01	0	0
2803.6028	-0.01003	0	0
2803.7028	-0.01007	0	0
2803.8028	-0.01011	0	0
2803.9028	-0.01015	0	0
2804.0028	-0.01018	0	0
2804.1028	-0.01022	0	0
2804.2028	-0.01026	0	0
2804.3028	-0.0103	0	0
2804.4028	-0.01033	0	0
2804.5028	-0.01037	0	0
2804.6028	-0.01041	0	0
2804.7028	-0.01044	0	0
2804.8028	-0.01048	0	0
2804.9028	-0.01052	0	0
2805.00281	-0.01056	0	0
2805.10281	-0.01059	0	0
2805.20281	-0.01063	0	0
2805.30281	-0.01067	0	0
2805.40281	-0.0107	0	0
2805.50281	-0.01074	0	0
2805.60281	-0.01078	0	0
2805.70281	-0.01081	0	0
2805.80281	-0.01085	0	0
2805.90281	-0.01089	0	0
2806.00281	-0.01093	0	0
2806.10281	-0.01096	0	0
2806.20281	-0.011	0	0
2806.30281	-0.01104	0	0
2806.40281	-0.01107	0	0
2806.50281	-0.01111	0	0
2806.60281	-0.01115	0	0
2806.70281	-0.01118	0	0
2806.80281	-0.01122	0	0
2806.90281	-0.01126	0	0
2807.00281	-0.01129	0	0
2807.10281	-0.01133	0	0
2807.20281	-0.01137	0	0
2807.30281	-0.0114	0	0
2807.40281	-0.01144	0	0
2807.50281	-0.01148	0	0
2807.60281	-0.01151	0	0
2807.70281	-0.01155	0	0
2807.80281	-0.01159	0	0
2807.90281	-0.01162	0	0
2808.00281	-0.01166	0	0
2808.10281	-0.0117	0	0
2808.20281	-0.01173	0	0
2808.30281	-0.01177	0	0
2808.40281	-0.01181	0	0
2808.50281	-0.01184	0	0
2808.60281	-0.01188	0	0
2808.70281	-0.01192	0	0
2808.80281	-0.01195	0	0
2808.90281	-0.01199	0	0
2809.00281	-0.01202	0	0
2809.10281	-0.01206	0	0
2809.20281	-0.0121	0	0
2809.30281	-0.01213	0	0
2809.40281	-0.01217	0	0
2809.50281	-0.01221	0	0
2809.60281	-0.01224	0	0
2809.70281	-0.01228	0	0
2809.80281	-0.01231	0	0
2809.90281	-0.01235	0	0
2810.00281	-0.01239	0	0
2810.10281	-0.01242	0	0
2810.20281	-0.01246	0	0
2810.30281	-0.01249	0	0
2810.40281	-0.01253	0	0
2810.50281	-0.01257	0	0
2810.60281	-0.0126	0	0
2810.70281	-0.01264	0	0
2810.80281	-0.01267	0	0
2810.90281	-0.01271	0	0
2811.00281	-0.01275	0	0
2811.10281	-0.01278	0	0
2811.20281	-0.01282	0	0
2811.30281	-0.01285	0	0
2811.40281	-0.01289	0	0
2811.50281	-0.01292	0	0
2811.60281	-0.01296	0	0
2811.70281	-0.013	0	0
2811.80281	-0.01303	0	0
2811.90281	-0.01307	0	0
2812.00281	-0.0131	0	0
2812.10281	-0.01314	0	0
2812.20281	-0.01317	0	0
2812.30281	-0.01321	0	0
2812.40281	-0.01324	0	0
2812.50281	-0.01328	0	0
2812.60281	-0.01332	0	0
2812.70281	-0.01335	0	0
2812.80281	-0.01339	0	0
2812.90281	-0.01342	0	0
2813.00281	-0.01346	0	0
2813.10281	-0.01349	0	0
2813.20281	-0.01353	0	0
2813.30281	-0.01356	0	0
2813.40281	-0.0136	0	0
2813.50281	-0.01363	0	0
2813.60281	-0.01367	0	0
2813.70281	-0.0137	0	0
2813.80281	-0.01374	0	0
2813.90281	-0.01377	0	0
2814.00281	-0.01381	0	0
2814.10281	-0.01384	0	0
2814.20281	-0.01388	0	0
2814.30281	-0.01391	0	0
2814.40281	-0.01395	0	0
2814.50281	-0.01398	0	0
2814.60281	-0.01402	0	0
2814.70281	-0.01405	0	0
2814.80281	-0.01409	0	0
2814.90281	-0.01412	0	0
2815.00282	-0.01416	0	0
2815.10282	-0.01419	0	0
2815.20282	-0.01423	0	0
2815.30282	-0.01426	0	0
2815.40282	-0.0143	0	0
2815.50282	-0.01433	0	0
2815.60282	-0.01437	0	0
2815.70282	-0.0144	0	0
2815.80282	-0.01443	0	0
2815.90282	-0.01447	0	0
2816.00282	-0.0145	0	0
2816.10282	-0.01454	0	0
2816.20282	-0.01457	0	0
2816.30282	-0.01461	0	0
2816.40282	-0.01464	0	0
2816.50282	-0.01468	0	0
2816.60282	-0.01471	0	0
2816.70282	-0.01474	0	0
2816.80282	-0.01478	0	0
2816.90282	-0.01481	0	0
2817.00282	-0.01485	0	0
2817.10282	-0.01488	0	0
2817.20282	-0.01492	0	0
2817.30282	-0.01495	0	0
2817.40282	-0.01498	0	0
2817.50282	-0.01502	0	0
2817.60282	-0.01505	0	0
2817.70282	-0.01509	0	0
2817.80282	-0.01512	0	0
2817.90282	-0.01515	0	0
2818.00282	-0.01519	0	0
2818.10282	-0.01522	0	0
2818.20282	-0.01526	0	0
2818.30282	-0.01529	0	0
2818.40282	-0.01532	0	0
2818.50282	-0.01536	0	0
2818.60282	-0.01539	0	0
2818.70282	-0.01542	0	0
2818.80282	-0.01546	0	0
2818.90282	-0.01549	0	0
2819.00282	-0.01552	0	0
2819.10282	-0.01556	0	0
2819.20282	-0.01559	0	0
2819.30282	-0.01563	0	0
2819.40282	-0.01566	0	0
2819.50282	-0.01569	0	0
2819.60282	-0.01573	0	0
2819.70282	-0.01576	0	0
2819.80282	-0.01579	0	0
2819.90282	-0.01583	0	0
2820.00282	-0.01586	0	0
2820.10282	-0.01589	0	0
2820.20282	-0.01593	0	0
2820.30282	-0.01596	0	0
2820.40282	-0.01599	0	0
2820.50282	-0.01603	0	0
2820.60282	-0.01606	0	0
2820.70282	-0.01609	0	0
2820.80282	-0.01612	0	0
2820.90282	-0.01616	0	0
2821.00282	-0.01619	0	0
2821.10282	-0.01622	0	0
2821.20282	-0.01626	0	0
2821.30282	-0.01629	0	0
2821.40282	-0.01632	0	0
2821.50282	-0.01635	0	0
2821.60282	-0.01639	0	0
2821.70282	-0.01642	0	0
2821.80282	-0.01645	0	0
2821.90282	-0.01649	0	0
2822.00282	-0.01652	0	0
2822.10282	-0.01655	0	0
2822.20282	-0.01658	0	0
2822.30282	-0.01662	0	0
2822.40282	-0.01665	0	0
2822.50282	-0.01668	0	0
2822.60282	-0.01671	0	0
2822.70282	-0.01675	0	0
2822.80282	-0.01678	0	0
2822.90282	-0.01681	0	0
2823.00282	-0.01684	0	0
2823.10282	-0.01687	0	0
2823.20282	-0.01691	0	0
2823.30282	-0.01694	0	0
2823.40282	-0.01697	0	0
2823.50282	-0.017	0	0
2823.60282	-0.01703	0	0
2823.70282	-0.01707	0	0
2823.80282	-0.0171	0	0
2823.90282	-0.01713	0	0
2824.00282	-0.01716	0	0
2824.10282	-0.01719	0	0
2824.20282	-0.01723	0	0
2824.30282	-0.01726	0	0
2824.40282	-0.01729	0	0
2824.50282	-0.01732	0	0
2824.60282	-0.01735	0	0
2824.70282	-0.01739	0	0
2824.80282	-0.01742	0	0
2824.90282	-0.01745	0	0
2825.00283	-0.01748	0	0
2825.10283	-0.01751	0	0
2825.20283	-0.01754	0	0
2825.30283	-0.01757	0	0
2825.40283	-0.01761	0	0
2825.50283	-0.01764	0	0
2825.60283	-0.01767	0	0
2825.70283	-0.0177	0	0
2825.80283	-0.01773	0	0
2825.90283	-0.01776	0	0
2826.00283	-0.01779	0	0
2826.10283	-0.01782	0	0
2826.20283	-0.01786	0	0
2826.30283	-0.01789	0	0
2826.40283	-0.01792	0	0
2826.50283	-0.01795	0	0
2826.60283	-0.01798	0	0
2826.70283	-0.01801	0	0
2826.80283	-0.01804	0	0
2826.90283	-0.01807	0	0
2827.00283	-0.0181	0	0
2827.10283	-0.01813	0	0
2827.20283	-0.01817	0	0
2827.30283	-0.0182	0	0
2827.40283	-0.01823	0	0
2827.50283	-0.01826	0	0
2827.60283	-0.01829	0	0
2827.70283	-0.01832	0	0
2827.80283	-0.01835	0	0
2827.90283	-0.01838	0	0
2828.00283	-0.01841	0	0
2828.10283	-0.01844	0	0
2828.20283	-0.01847	0	0
2828.30283	-0.0185	0	0
2828.40283	-0.01853	0	0
2828.50283	-0.01856	0	0
2828.60283	-0.01859	0	0
2828.70283	-0.01862	0	0
2828.80283	-0.01865	0	0
2828.90283	-0.01868	0	0
2829.00283	-0.01871	0	0
2829.10283	-0.01874	0	0
2829.20283	-0.01877	0	0
2829.30283	-0.0188	0	0
2829.40283	-0.01883	0	0
2829.50283	-0.01886	0	0
2829.60283	-0.01889	0	0
2829.70283	-0.01892	0	0
2829.80283	-0.01895	0	0
2829.90283	-0.01898	0	0
2830.00283	-0.01901	0	0
2830.10283	-0.01904	0	0
2830.20283	-0.01907	0	0
2830.30283	-0.0191	0	0
2830.40283	-0.01913	0	0
2830.50283	-0.01916	0	0
2830.60283	-0.01919	0	0
2830.70283	-0.01922	0	0
2830.80283	-0.01925	0	0
2830.90283	-0.01928	0	0
2831.00283	-0.01931	0	0
2831.10283	-0.01933	0	0
2831.20283	-0.01936	0	0
2831.30283	-0.01939	0	0
2831.40283	-0.01942	0	0
2831.50283	-0.01945	0	0
2831.60283	-0.01948	0	0
2831.70283	-0.01951	0	0
2831.80283	-0.01954	0	0
2831.90283	-0.01957	0	0
2832.00283	-0.0196	0	0
2832.10283	-0.01962	0	0
2832.20283	-0.01965	0	0
2832.30283	-0.01968	0	0
2832.40283	-0.01971	0	0
2832.50283	-0.01974	0	0
2832.60283	-0.01977	0	0
2832.70283	-0.0198	0	0
2832.80283	-0.01983	0	0
2832.90283	-0.01985	0	0
2833.00283	-0.01988	0	0
2833.10283	-0.01991	0	0
2833.20283	-0.01994	0	0
2833.30283	-0.01997	0	0
2833.40283	-0.02	0	0
2833.50283	-0.02002	0	0
2833.60283	-0.02005	0	0
2833.70283	-0.02008	0	0
2833.80283	-0.02011	0	0
2833.90283	-0.02014	0	0
2834.00283	-0.02017	0	0
2834.10283	-0.02019	0	0
2834.20283	-0.02022	0	0
2834.30283	-0.02025	0	0
2834.40283	-0.02028	0	0
2834.50283	-0.0203	0	0
2834.60283	-0.02033	0	0
2834.70283	-0.02036	0	0
2834.80283	-0.02039	0	0
2834.90283	-0.02042	0	0
2835.00284	-0.02044	0	0
2835.10284	-0.02047	0	0
2835.20284	-0.0205	0	0
2835.30284	-0.02053	0	0
2835.40284	-0.02055	0	0
2835.50284	-0.02058	0	0
2835.60284	-0.02061	0	0
2835.70284	-0.02064	0	0
2835.80284	-0.02066	0	0
2835.90284	-0.02069	0	0
2836.00284	-0.02072	0	0
2836.10284	-0.02074	0	0
2836.20284	-0.02077	0	0
2836.30284	-0.0208	0	0
2836.40284	-0.02083	0	0
2836.50284	-0.02085	0	0
2836.60284	-0.02088	0	0
2836.70284	-0.02091	0	0
2836.80284	-0.02093	0	0
2836.90284	-0.02096	0	0
2837.00284	-0.02099	0	0
2837.10284	-0.02101	0	0
2837.20284	-0.02104	0	0
2837.30284	-0.02107	0	0
2837.40284	-0.02109	0	0
2837.50284	-0.02112	0	0
2837.60284	-0.02115	0	0
2837.70284	-0.02117	0	0
2837.80284	-0.0212	0	0
2837.90284	-0.02123	0	0
2838.00284	-0.02125	0	0
2838.10284	-0.02128	0	0
2838.20284	-0.02131	0	0
2838.30284	-0.02133	0	0
2838.40284	-0.02136	0	0
2838.50284	-0.02138	0	0
2838.60284	-0.02141	0	0
2838.70284	-0.02144	0	0
2838.80284	-0.02146	0	0
2838.90284	-0.02149	0	0
2839.00284	-0.02151	0	0
2839.10284	-0.02154	0	0
2839.20284	-0.02157	0	0
2839.30284	-0.02159	0	0
2839.40284	-0.02162	0	0
2839.50284	-0.02164	0	0
2839.60284	-0.02167	0	0
2839.70284	-0.02169	0	0
2839.80284	-0.02172	0	0
2839.90284	-0.02175	0	0
2840.00284	-0.02177	0	0
2840.10284	-0.0218	0	0
2840.20284	-0.02182	0	0
2840.30284	-0.02185	0	0
2840.40284	-0.02187	0	0
2840.50284	-0.0219	0	0
2840.60284	-0.02192	0	0
2840.70284	-0.02195	0	0
2840.80284	-0.02197	0	0
2840.90284	-0.022	0	0
2841.00284	-0.02202	0	0
2841.10284	-0.02205	0	0
2841.20284	-0.02207	0	0
2841.30284	-0.0221	0	0
2841.40284	-0.02212	0	0
2841.50284	-0.02215	0	0
2841.60284	-0.02217	0	0
2841.70284	-0.0222	0	0
2841.80284	-0.02222	0	0
2841.90284	-0.02225	0	0
2842.00284	-0.02227	0	0
2842.10284	-0.0223	0	0
2842.20284	-0.02232	0	0
2842.30284	-0.02234	0	0
2842.40284	-0.02237	0	0
2842.50284	-0.02239	0	0
2842.60284	-0.02242	0	0
2842.70284	-0.02244	0	0
2842.80284	-0.02247	0	0
2842.90284	-0.02249	0	0
2843.00284	-0.02251	0	0
2843.10284	-0.02254	0	0
2843.20284	-0.02256	0	0
2843.30284	-0.02259	0	0
2843.40284	-0.02261	0	0
2843.50284	-0.02263	0	0
2843.60284	-0.02266	0	0
2843.70284	-0.02268	0	0
2843.80284	-0.02271	0	0
2843.90284	-0.02273	0	0
2844.00284	-0.02275	0	0
2844.10284	-0.02278	0	0
2844.20284	-0.0228	0	0
2844.30284	-0.02282	0	0
2844.40284	-0.02285	0	0
2844.50284	-0.02287	0	0
2844.60284	-0.02289	0	0
2844.70284	-0.02292	0	0
2844.80284	-0.02294	0	0
2844.90284	-0.02296	0	0
2845.00285	-0.02299	0	0
2845.10285	-0.02301	0	0
2845.20285	-0.02303	0	0
2845.30285	-0.02306	0	0
2845.40285	-0.02308	0	0
2845.50285	-0.0231	0	0
2845.60285	-0.02313	0	0
2845.70285	-0.02315	0	0
2845.80285	-0.02317	0	0
2845.90285	-0.02319	0	0
2846.00285	-0.02322	0	0
2846.10285	-0.02324	0	0
2846.20285	-0.02326	0	0
2846.30285	-0.02328	0	0
2846.40285	-0.02331	0	0
2846.50285	-0.02333	0	0
2846.60285	-0.02335	0	0
2846.70285	-0.02337	0	0
2846.80285	-0.0234	0	0
2846.90285	-0.02342	0	0
2847.00285	-0.02344	0	0
2847.10285	-0.02346	0	0
2847.20285	-0.02349	0	0
2847.30285	-0.02351	0	0
2847.40285	-0.02353	0	0
2847.50285	-0.02355	0	0
2847.60285	-0.02357	0	0
2847.70285	-0.0236	0	0
2847.80285	-0.02362	0	0
2847.90285	-0.02364	0	0
2848.00285	-0.02366	0	0
2848.10285	-0.02368	0	0
2848.20285	-0.02371	0	0
2848.30285	-0.02373	0	0
2848.40285	-0.02375	0	0
2848.50285	-0.02377	0	0
2848.60285	-0.02379	0	0
2848.70285	-0.02381	0	0
2848.80285	-0.02383	0	0
2848.90285	-0.02386	0	0
2849.00285	-0.02388	0	0
2849.10285	-0.0239	0	0
2849.20285	-0.02392	0	0
2849.30285	-0.02394	0	0
2849.40285	-0.02396	0	0
2849.50285	-0.02398	0	0
2849.60285	-0.024	0	0
2849.70285	-0.02403	0	0
2849.80285	-0.02405	0	0
2849.90285	-0.02407	0	0
2850.00285	-0.02409	0	0
2850.10285	-0.02411	0	0
2850.20285	-0.02413	0	0
2850.30285	-0.02415	0	0
2850.40285	-0.02417	0	0
2850.50285	-0.02419	0	0
2850.60285	-0.02421	0	0
2850.70285	-0.02423	0	0
2850.80285	-0.02425	0	0
2850.90285	-0.02427	0	0
2851.00285	-0.02429	0	0
2851.10285	-0.02431	0	0
2851.20285	-0.02433	0	0
2851.30285	-0.02435	0	0
2851.40285	-0.02437	0	0
2851.50285	-0.02439	0	0
2851.60285	-0.02441	0	0
2851.70285	-0.02444	0	0
2851.80285	-0.02446	0	0
2851.90285	-0.02447	0	0
2852.00285	-0.02449	0	0
2852.10285	-0.02451	0	0
2852.20285	-0.02453	0	0
2852.30285	-0.02455	0	0
2852.40285	-0.02457	0	0
2852.50285	-0.02459	0	0
2852.60285	-0.02461	0	0
2852.70285	-0.02463	0	0
2852.80285	-0.02465	0	0
2852.90285	-0.02467	0	0
2853.00285	-0.02469	0	0
2853.10285	-0.02471	0	0
2853.20285	-0.02473	0	0
2853.30285	-0.02475	0	0
2853.40285	-0.02477	0	0
2853.50285	-0.02479	0	0
2853.60285	-0.02481	0	0
2853.70285	-0.02483	0	0
2853.80285	-0.02484	0	0
2853.90285	-0.02486	0	0
2854.00285	-0.02488	0	0
2854.10285	-0.0249	0	0
2854.20285	-0.02492	0	0
2854.30285	-0.02494	0	0
2854.40285	-0.02496	0	0
2854.50285	-0.02498	0	0
2854.60285	-0.025	0	0
2854.70285	-0.02501	0	0
2854.80285	-0.02503	0	0
2854.90285	-0.02505	0	0
2855.00286	-0.02507	0	0
2855.10286	-0.02509	0	0
2855.20286	-0.02511	0	0
2855.30286	-0.02512	0	0
2855.40286	-0.02514	0	0
2855.50286	-0.02516	0	0
2855.60286	-0.02518	0	0
2855.70286	-0.0252	0	0
2855.80286	-0.02522	0	0
2855.90286	-0.02523	0	0
2856.00286	-0.02525	0	0
2856.10286	-0.02527	0	0
2856.20286	-0.02529	0	0
2856.30286	-0.02531	0	0
2856.40286	-0.02532	0	0
2856.50286	-0.02534	0	0
2856.60286	-0.02536	0	0
2856.70286	-0.02538	0	0
2856.80286	-0.02539	0	0
2856.90286	-0.02541	0	0
2857.00286	-0.02543	0	0
2857.10286	-0.02545	0	0
2857.20286	-0.02546	0	0
2857.30286	-0.02548	0	0
2857.40286	-0.0255	0	0
2857.50286	-0.02552	0	0
2857.60286	-0.02553	0	0
2857.70286	-0.02555	0	0
2857.80286	-0.02557	0	0
2857.90286	-0.02558	0	0
2858.00286	-0.0256	0	0
2858.10286	-0.02562	0	0
2858.20286	-0.02563	0	0
2858.30286	-0.02565	0	0
2858.40286	-0.02567	0	0
2858.50286	-0.02569	0	0
2858.60286	-0.0257	0	0
2858.70286	-0.02572	0	0
2858.80286	-0.02573	0	0
2858.90286	-0.02575	0	0
2859.00286	-0.02577	0	0
2859.10286	-0.02578	0	0
2859.20286	-0.0258	0	0
2859.30286	-0.02582	0	0
2859.40286	-0.02583	0	0
2859.50286	-0.02585	0	0
2859.60286	-0.02587	0	0
2859.70286	-0.02588	0	0
2859.80286	-0.0259	0	0
2859.90286	-0.02591	0	0
2860.00286	-0.02593	0	0
2860.10286	-0.02595	0	0
2860.20286	-0.02596	0	0
2860.30286	-0.02598	0	0
2860.40286	-0.02599	0	0
2860.50286	-0.02601	0	0
2860.60286	-0.02603	0	0
2860.70286	-0.02604	0	0
2860.80286	-0.02606	0	0
2860.90286	-0.02607	0	0
2861.00286	-0.02609	0	0
2861.10286	-0.0261	0	0
2861.20286	-0.02612	0	0
2861.30286	-0.02613	0	0
2861.40286	-0.02615	0	0
2861.50286	-0.02617	0	0
2861.60286	-0.02618	0	0
2861.70286	-0.0262	0	0
2861.80286	-0.02621	0	0
2861.90286	-0.02623	0	0
2862.00286	-0.02624	0	0
2862.10286	-0.02626	0	0
2862.20286	-0.02627	0	0
2862.30286	-0.02629	0	0
2862.40286	-0.0263	0	0
2862.50286	-0.02632	0	0
2862.60286	-0.02633	0	0
2862.70286	-0.02634	0	0
2862.80286	-0.02636	0	0
2862.90286	-0.02637	0	0
2863.00286	-0.02639	0	0
2863.10286	-0.0264	0	0
2863.20286	-0.02642	0	0
2863.30286	-0.02643	0	0
2863.40286	-0.02645	0	0
2863.50286	-0.02646	0	0
2863.60286	-0.02648	0	0
2863.70286	-0.02649	0	0
2863.80286	-0.0265	0	0
2863.90286	-0.02652	0	0
2864.00286	-0.02653	0	0
2864.10286	-0.02655	0	0
2864.20286	-0.02656	0	0
2864.30286	-0.02657	0	0
2864.40286	-0.02659	0	0
2864.50286	-0.0266	0	0
2864.60286	-0.02662	0	0
2864.70286	-0.02663	0	0
2864.80286	-0.02664	0	0
2864.90286	-0.02666	0	0
2865.00287	-0.02667	0	0
2865.10287	-0.02668	0	0
2865.20287	-0.0267	0	0
2865.30287	-0.02671	0	0
2865.40287	-0.02672	0	0
2865.50287	-0.02674	0	0
2865.60287	-0.02675	0	0
2865.70287	-0.02676	0	0
2865.80287	-0.02678	0	0
2865.90287	-0.02679	0	0
2866.00287	-0.0268	0	0
2866.10287	-0.02682	0	0
2866.20287	-0.02683	0	0
2866.30287	-0.02684	0	0
2866.40287	-0.02686	0	0
2866.50287	-0.02687	0	0
2866.60287	-0.02688	0	0
2866.70287	-0.02689	0	0
2866.80287	-0.02691	0	0
2866.90287	-0.02692	0	0
2867.00287	-0.02693	0	0
2867.10287	-0.02694	0	0
2867.20287	-0.02696	0	0
2867.30287	-0.02697	0	0
2867.40287	-0.02698	0	0
2867.50287	-0.02699	0	0
2867.60287	-0.02701	0	0
2867.70287	-0.02702	0	0
2867.80287	-0.02703	0	0
2867.90287	-0.02704	0	0
2868.00287	-0.02706	0	0
2868.10287	-0.02707	0	0
2868.20287	-0.02708	0	0
2868.30287	-0.02709	0	0
2868.40287	-0.0271	0	0
2868.50287	-0.02712	0	0
2868.60287	-0.02713	0	0
2868.70287	-0.02714	0	0
2868.80287	-0.02715	0	0
2868.90287	-0.02716	0	0
2869.00287	-0.02717	0	0
2869.10287	-0.02719	0	0
2869.20287	-0.0272	0	0
2869.30287	-0.02721	0	0
2869.40287	-0.02722	0	0
2869.50287	-0.02723	0	0
2869.60287	-0.02724	0	0
2869.70287	-0.02725	0	0
2869.80287	-0.02727	0	0
2869.90287	-0.02728	0	0
2870.00287	-0.02729	0	0
2870.10287	-0.0273	0	0
2870.20287	-0.02731	0	0
2870.30287	-0.02732	0	0
2870.40287	-0.02733	0	0
2870.50287	-0.02734	0	0
2870.60287	-0.02735	0	0
2870.70287	-0.02736	0	0
2870.80287	-0.02738	0	0
2870.90287	-0.02739	0	0
2871.00287	-0.0274	0	0
2871.10287	-0.02741	0	0
2871.20287	-0.02742	0	0
2871.30287	-0.02743	0	0
2871.40287	-0.02744	0	0
2871.50287	-0.02745	0	0
2871.60287	-0.02746	0	0
2871.70287	-0.02747	0	0
2871.80287	-0.02748	0	0
2871.90287	-0.02749	0	0
2872.00287	-0.0275	0	0
2872.10287	-0.02751	0	0
2872.20287	-0.02752	0	0
2872.30287	-0.02753	0	0
2872.40287	-0.02754	0	0
2872.50287	-0.02755	0	0
2872.60287	-0.02756	0	0
2872.70287	-0.02757	0	0
2872.80287	-0.02758	0	0
2872.90287	-0.02759	0	0
2873.00287	-0.0276	0	0
2873.10287	-0.02761	0	0
2873.20287	-0.02762	0	0
2873.30287	-0.02763	0	0
2873.40287	-0.02764	0	0
2873.50287	-0.02765	0	0
2873.60287	-0.02766	0	0
2873.70287	-0.02767	0	0
2873.80287	-0.02768	0	0
2873.90287	-0.02769	0	0
2874.00287	-0.0277	0	0
2874.10287	-0.02771	0	0
2874.20287	-0.02771	0	0
2874.30287	-0.02772	0	0
2874.40287	-0.02773	0	0
2874.50287	-0.02774	0	0
2874.60287	-0.02775	0	0
2874.70287	-0.02776	0	0
2874.80287	-0.02777	0	0
2874.90287	-0.02778	0	0
2875.00288	-0.02779	0	0
2875.10288	-0.0278	0	0
2875.20288	-0.0278	0	0
2875.30288	-0.02781	0	0
2875.40288	-0.02782	0	0
2875.50288	-0.02783	0	0
2875.60288	-0.02784	0	0
2875.70288	-0.02785	0	0
2875.80288	-0.02786	0	0
2875.90288	-0.02786	0	0
2876.00288	-0.02787	0	0
2876.10288	-0.02788	0	0
2876.20288	-0.02789	0	0
2876.30288	-0.0279	0	0
2876.40288	-0.0279	0	0
2876.50288	-0.02791	0	0
2876.60288	-0.02792	0	0
2876.70288	-0.02793	0	0
2876.80288	-0.02794	0	0
2876.90288	-0.02794	0	0
2877.00288	-0.02795	0	0
2877.10288	-0.02796	0	0
2877.20288	-0.02797	0	0
2877.30288	-0.02798	0	0
2877.40288	-0.02798	0	0
2877.50288	-0.02799	0	0
2877.60288	-0.028	0	0
2877.70288	-0.02801	0	0
2877.80288	-0.02801	0	0
2877.90288	-0.02802	0	0
2878.00288	-0.02803	0	0
2878.10288	-0.02804	0	0
2878.20288	-0.02804	0	0
2878.30288	-0.02805	0	0
2878.40288	-0.02806	0	0
2878.50288	-0.02807	0	0
2878.60288	-0.02807	0	0
2878.70288	-0.02808	0	0
2878.80288	-0.02809	0	0
2878.90288	-0.02809	0	0
2879.00288	-0.0281	0	0
2879.10288	-0.02811	0	0
2879.20288	-0.02811	0	0
2879.30288	-0.02812	0	0
2879.40288	-0.02813	0	0
2879.50288	-0.02813	0	0
2879.60288	-0.02814	0	0
2879.70288	-0.02815	0	0
2879.80288	-0.02815	0	0
2879.90288	-0.02816	0	0
2880.00288	-0.02817	0	0
2880.10288	-0.02817	0	0
2880.20288	-0.02818	0	0
2880.30288	-0.02819	0	0
2880.40288	-0.02819	0	0
2880.50288	-0.0282	0	0
2880.60288	-0.02821	0	0
2880.70288	-0.02821	0	0
2880.80288	-0.02822	0	0
2880.90288	-0.02822	0	0
2881.00288	-0.02823	0	0
2881.10288	-0.02824	0	0
2881.20288	-0.02824	0	0
2881.30288	-0.02825	0	0
2881.40288	-0.02825	0	0
2881.50288	-0.02826	0	0
2881.60288	-0.02827	0	0
2881.70288	-0.02827	0	0
2881.80288	-0.02828	0	0
2881.90288	-0.02828	0	0
2882.00288	-0.02829	0	0
2882.10288	-0.02829	0	0
2882.20288	-0.0283	0	0
2882.30288	-0.0283	0	0
2882.40288	-0.02831	0	0
2882.50288	-0.02832	0	0
2882.60288	-0.02832	0	0
2882.70288	-0.02833	0	0
2882.80288	-0.02833	0	0
2882.90288	-0.02834	0	0
2883.00288	-0.02834	0	0
2883.10288	-0.02835	0	0
2883.20288	-0.02835	0	0
2883.30288	-0.02836	0	0
2883.40288	-0.02836	0	0
2883.50288	-0.02837	0	0
2883.60288	-0.02837	0	0
2883.70288	-0.02838	0	0
2883.80288	-0.02838	0	0
2883.90288	-0.02839	0	0
2884.00288	-0.02839	0	0
2884.10288	-0.0284	0	0
2884.20288	-0.0284	0	0
2884.30288	-0.0284	0	0
2884.40288	-0.02841	0	0
2884.50288	-0.02841	0	0
2884.60288	-0.02842	0	0
2884.70288	-0.02842	0	0
2884.80288	-0.02843	0	0
2884.90288	-0.02843	0	0
2885.00289	-0.02844	0	0
2885.10289	-0.02844	0	0
2885.20289	-0.02844	0	0
2885.30289	-0.02845	0	0
2885.40289	-0.02845	0	0
2885.50289	-0.02846	0	0
2885.60289	-0.02846	0	0
2885.70289	-0.02846	0	0
2885.80289	-0.02847	0	0
2885.90289	-0.02847	0	0
2886.00289	-0.02848	0	0
2886.10289	-0.02848	0	0
2886.20289	-0.02848	0	0
2886.30289	-0.02849	0	0
2886.40289	-0.02849	0	0
2886.50289	-0.02849	0	0
2886.60289	-0.0285	0	0
2886.70289	-0.0285	0	0
2886.80289	-0.0285	0	0
2886.90289	-0.02851	0	0
2887.00289	-0.02851	0	0
2887.10289	-0.02851	0	0
2887.20289	-0.02852	0	0
2887.30289	-0.02852	0	0
2887.40289	-0.02852	0	0
2887.50289	-0.02853	0	0
2887.60289	-0.02853	0	0
2887.70289	-0.02853	0	0
2887.80289	-0.02854	0	0
2887.90289	-0.02854	0	0
2888.00289	-0.02854	0	0
2888.10289	-0.02855	0	0
2888.20289	-0.02855	0	0
2888.30289	-0.02855	0	0
2888.40289	-0.02855	0	0
2888.50289	-0.02856	0	0
2888.60289	-0.02856	0	0
2888.70289	-0.02856	0	0
2888.80289	-0.02857	0	0
2888.90289	-0.02857	0	0
2889.00289	-0.02857	0	0
2889.10289	-0.02857	0	0
2889.20289	-0.02858	0	0
2889.30289	-0.02858	0	0
2889.40289	-0.02858	0	0
2889.50289	-0.02858	0	0
2889.60289	-0.02859	0	0
2889.70289	-0.02859	0	0
2889.80289	-0.02859	0	0
2889.90289	-0.02859	0	0
2890.00289	-0.02859	0	0
2890.10289	-0.0286	0	0
2890.20289	-0.0286	0	0
2890.30289	-0.0286	0	0
2890.40289	-0.0286	0	0
2890.50289	-0.0286	0	0
2890.60289	-0.02861	0	0
2890.70289	-0.02861	0	0
2890.80289	-0.02861	0	0
2890.90289	-0.02861	0	0
2891.00289	-0.02861	0	0
2891.10289	-0.02861	0	0
2891.20289	-0.02862	0	0
2891.30289	-0.02862	0	0
2891.40289	-0.02862	0	0
2891.50289	-0.02862	0	0
2891.60289	-0.02862	0	0
2891.70289	-0.02862	0	0
2891.80289	-0.02863	0	0
2891.90289	-0.02863	0	0
2892.00289	-0.02863	0	0
2892.10289	-0.02863	0	0
2892.20289	-0.02863	0	0
2892.30289	-0.02863	0	0
2892.40289	-0.02863	0	0
2892.50289	-0.02863	0	0
2892.60289	-0.02864	0	0
2892.70289	-0.02864	0	0
2892.80289	-0.02864	0	0
2892.90289	-0.02864	0	0
2893.00289	-0.02864	0	0
2893.10289	-0.02864	0	0
2893.20289	-0.02864	0	0
2893.30289	-0.02864	0	0
2893.40289	-0.02864	0	0
2893.50289	-0.02864	0	0
2893.60289	-0.02864	0	0
2893.70289	-0.02864	0	0
2893.80289	-0.02864	0	0
2893.90289	-0.02865	0	0
2894.00289	-0.02865	0	0
2894.10289	-0.02865	0	0
2894.20289	-0.02865	0	0
2894.30289	-0.02865	0	0
2894.40289	-0.02865	0	0
2894.50289	-0.02865	0	0
2894.60289	-0.02865	0	0
2894.70289	-0.02865	0	0
2894.80289	-0.02865	0	0
2894.90289	-0.02865	0	0
2895.0029	-0.02865	0	0
2895.1029	-0.02865	0	0
2895.2029	-0.02865	0	0
2895.3029	-0.02865	0	0
2895.4029	-0.02865	0	0
2895.5029	-0.02865	0	0
2895.6029	-0.02865	0	0
2895.7029	-0.02865	0	0
2895.8029	-0.02865	0	0
2895.9029	-0.02865	0	0
2896.0029	-0.02865	0	0
2896.1029	-0.02865	0	0
2896.2029	-0.02865	0	0
2896.3029	-0.02865	0	0
2896.4029	-0.02865	0	0
2896.5029	-0.02865	0	0
2896.6029	-0.02865	0	0
2896.7029	-0.02865	0	0
2896.8029	-0.02864	0	0
2896.9029	-0.02864	0	0
2897.0029	-0.02864	0	0
2897.1029	-0.02864	0	0
2897.2029	-0.02864	0	0
2897.3029	-0.02864	0	0
2897.4029	-0.02864	0	0
2897.5029	-0.02864	0	0
2897.6029	-0.02864	0	0
2897.7029	-0.02864	0	0
2897.8029	-0.02864	0	0
2897.9029	-0.02864	0	0
2898.0029	-0.02863	0	0
2898.1029	-0.02863	0	0
2898.2029	-0.02863	0	0
2898.3029	-0.02863	0	0
2898.4029	-0.02863	0	0
2898.5029	-0.02863	0	0
2898.6029	-0.02863	0	0
2898.7029	-0.02863	0	0
2898.8029	-0.02863	0	0
2898.9029	-0.02862	0	0
2899.0029	-0.02862	0	0
2899.1029	-0.02862	0	0
2899.2029	-0.02862	0	0
2899.3029	-0.02862	0	0
2899.4029	-0.02862	0	0
2899.5029	-0.02862	0	0
2899.6029	-0.02861	0	0
2899.7029	-0.02861	0	0
2899.8029	-0.02861	0	0
2899.9029	-0.02861	0	0
2900.0029	-0.02861	0	0
2900.1029	-0.0286	0	0
2900.2029	-0.0286	0	0
2900.3029	-0.0286	0	0
2900.4029	-0.0286	0	0
2900.5029	-0.0286	0	0
2900.6029	-0.0286	0	0
2900.7029	-0.02859	0	0
2900.8029	-0.02859	0	0
2900.9029	-0.02859	0	0
2901.0029	-0.02859	0	0
2901.1029	-0.02859	0	0
2901.2029	-0.02858	0	0
2901.3029	-0.02858	0	0
2901.4029	-0.02858	0	0
2901.5029	-0.02858	0	0
2901.6029	-0.02857	0	0
2901.7029	-0.02857	0	0
2901.8029	-0.02857	0	0
2901.9029	-0.02857	0	0
2902.0029	-0.02856	0	0
2902.1029	-0.02856	0	0
2902.2029	-0.02856	0	0
2902.3029	-0.02856	0	0
2902.4029	-0.02855	0	0
2902.5029	-0.02855	0	0
2902.6029	-0.02855	0	0
2902.7029	-0.02855	0	0
2902.8029	-0.02854	0	0
2902.9029	-0.02854	0	0
2903.0029	-0.02854	0	0
2903.1029	-0.02853	0	0
2903.2029	-0.02853	0	0
2903.3029	-0.02853	0	0
2903.4029	-0.02853	0	0
2903.5029	-0.02852	0	0
2903.6029	-0.02852	0	0
2903.7029	-0.02852	0	0
2903.8029	-0.02851	0	0
2903.9029	-0.02851	0	0
2904.0029	-0.02851	0	0
2904.1029	-0.0285	0	0
2904.2029	-0.0285	0	0
2904.3029	-0.0285	0	0
2904.4029	-0.02849	0	0
2904.5029	-0.02849	0	0
2904.6029	-0.02849	0	0
2904.7029	-0.02848	0	0
2904.8029	-0.02848	0	0
2904.9029	-0.02848	0	0
2905.00291	-0.02847	0	0
2905.10291	-0.02847	0	0
2905.20291	-0.02847	0	0
2905.30291	-0.02846	0	0
2905.40291	-0.02846	0	0
2905.50291	-0.02846	0	0
2905.60291	-0.02845	0	0
2905.70291	-0.02845	0	0
2905.80291	-0.02844	0	0
2905.90291	-0.02844	0	0
2906.00291	-0.02844	0	0
2906.10291	-0.02843	0	0
2906.20291	-0.02843	0	0
2906.30291	-0.02843	0	0
2906.40291	-0.02842	0	0
2906.50291	-0.02842	0	0
2906.60291	-0.02841	0	0
2906.70291	-0.02841	0	0
2906.80291	-0.02841	0	0
2906.90291	-0.0284	0	0
2907.00291	-0.0284	0	0
2907.10291	-0.02839	0	0
2907.20291	-0.02839	0	0
2907.30291	-0.02838	0	0
2907.40291	-0.02838	0	0
2907.50291	-0.02838	0	0
2907.60291	-0.02837	0	0
2907.70291	-0.02837	0	0
2907.80291	-0.02836	0	0
2907.90291	-0.02836	0	0
2908.00291	-0.02835	0	0
2908.10291	-0.02835	0	0
2908.20291	-0.02834	0	0
2908.30291	-0.02834	0	0
2908.40291	-0.02834	0	0
2908.50291	-0.02833	0	0
2908.60291	-0.02833	0	0
2908.70291	-0.02832	0	0
2908.80291	-0.02832	0	0
2908.90291	-0.02831	0	0
2909.00291	-0.02831	0	0
2909.10291	-0.0283	0	0
2909.20291	-0.0283	0	0
2909.30291	-0.02829	0	0
2909.40291	-0.02829	0	0
2909.50291	-0.02828	0	0
2909.60291	-0.02828	0	0
2909.70291	-0.02827	0	0
2909.80291	-0.02827	0	0
2909.90291	-0.02826	0	0
2910.00291	-0.02826	0	0
2910.10291	-0.02825	0	0
2910.20291	-0.02825	0	0
2910.30291	-0.02824	0	0
2910.40291	-0.02824	0	0
2910.50291	-0.02823	0	0
2910.60291	-0.02823	0	0
2910.70291	-0.02822	0	0
2910.80291	-0.02822	0	0
2910.90291	-0.02821	0	0
2911.00291	-0.02821	0	0
2911.10291	-0.0282	0	0
2911.20291	-0.02819	0	0
2911.30291	-0.02819	0	0
2911.40291	-0.02818	0	0
2911.50291	-0.02818	0	0
2911.60291	-0.02817	0	0
2911.70291	-0.02817	0	0
2911.80291	-0.02816	0	0
2911.90291	-0.02816	0	0
2912.00291	-0.02815	0	0
2912.10291	-0.02814	0	0
2912.20291	-0.02814	0	0
2912.30291	-0.02813	0	0
2912.40291	-0.02813	0	0
2912.50291	-0.02812	0	0
2912.60291	-0.02812	0	0
2912.70291	-0.02811	0	0
2912.80291	-0.0281	0	0
2912.90291	-0.0281	0	0
2913.00291	-0.02809	0	0
2913.10291	-0.02809	0	0
2913.20291	-0.02808	0	0
2913.30291	-0.02807	0	0
2913.40291	-0.02807	0	0
2913.50291	-0.02806	0	0
2913.60291	-0.02805	0	0
2913.70291	-0.02805	0	0
2913.80291	-0.02804	0	0
2913.90291	-0.02804	0	0
2914.00291	-0.02803	0	0
2914.10291	-0.02802	0	0
2914.20291	-0.02802	0	0
2914.30291	-0.02801	0	0
2914.40291	-0.028	0	0
2914.50291	-0.028	0	0
2914.60291	-0.02799	0	0
2914.70291	-0.02799	0	0
2914.80291	-0.02798	0	0
2914.90291	-0.02797	0	0
2915.00292	-0.02797	0	0
2915.10292	-0.02796	0	0
2915.20292	-0.02795	0	0
2915.30292	-0.02795	0	0
2915.40292	-0.02794	0	0
2915.50292	-0.02793	0	0
2915.60292	-0.02793	0	0
2915.70292	-0.02792	0	0
2915.80292	-0.02791	0	0
2915.90292	-0.02791	0	0
2916.00292	-0.0279	0	0
2916.10292	-0.02789	0	0
2916.20292	-0.02789	0	0
2916.30292	-0.02788	0	0
2916.40292	-0.02787	0	0
2916.50292	-0.02787	0	0
2916.60292	-0.02786	0	0
2916.70292	-0.02785	0	0
2916.80292	-0.02784	0	0
2916.90292	-0.02784	0	0
2917.00292	-0.02783	0	0
2917.10292	-0.02782	0	0
2917.20292	-0.02782	0	0
2917.30292	-0.02781	0	0
2917.40292	-0.0278	0	0
2917.50292	-0.02779	0	0
2917.60292	-0.02779	0	0
2917.70292	-0.02778	0	0
2917.80292	-0.02777	0	0
2917.90292	-0.02777	0	0
2918.00292	-0.02776	0	0
2918.10292	-0.02775	0	0
2918.20292	-0.02774	0	0
2918.30292	-0.02774	0	0
2918.40292	-0.02773	0	0
2918.50292	-0.02772	0	0
2918.60292	-0.02771	0	0
2918.70292	-0.02771	0	0
2918.80292	-0.0277	0	0
2918.90292	-0.02769	0	0
2919.00292	-0.02768	0	0
2919.10292	-0.02768	0	0
2919.20292	-0.02767	0	0
2919.30292	-0.02766	0	0
2919.40292	-0.02765	0	0
2919.50292	-0.02765	0	0
2919.60292	-0.02764	0	0
2919.70292	-0.02763	0	0
2919.80292	-0.02762	0	0
2919.90292	-0.02761	0	0
2920.00292	-0.02761	0	0
2920.10292	-0.0276	0	0
2920.20292	-0.02759	0	0
2920.30292	-0.02758	0	0
2920.40292	-0.02758	0	0
2920.50292	-0.02757	0	0
2920.60292	-0.02756	0	0
2920.70292	-0.02755	0	0
2920.80292	-0.02754	0	0
2920.90292	-0.02754	0	0
2921.00292	-0.02753	0	0
2921.10292	-0.02752	0	0
2921.20292	-0.02751	0	0
2921.30292	-0.0275	0	0
2921.40292	-0.0275	0	0
2921.50292	-0.02749	0	0
2921.60292	-0.02748	0	0
2921.70292	-0.02747	0	0
2921.80292	-0.02746	0	0
2921.90292	-0.02745	0	0
2922.00292	-0.02745	0	0
2922.10292	-0.02744	0	0
2922.20292	-0.02743	0	0
2922.30292	-0.02742	0	0
2922.40292	-0.02741	0	0
2922.50292	-0.02741	0	0
2922.60292	-0.0274	0	0
2922.70292	-0.02739	0	0
2922.80292	-0.02738	0	0
2922.90292	-0.02737	0	0
2923.00292	-0.02736	0	0
2923.10292	-0.02735	0	0
2923.20292	-0.02735	0	0
2923.30292	-0.02734	0	0
2923.40292	-0.02733	0	0
2923.50292	-0.02732	0	0
2923.60292	-0.02731	0	0
2923.70292	-0.0273	0	0
2923.80292	-0.02729	0	0
2923.90292	-0.02729	0	0
2924.00292	-0.02728	0	0
2924.10292	-0.02727	0	0
2924.20292	-0.02726	0	0
2924.30292	-0.02725	0	0
2924.40292	-0.02724	0	0
2924.50292	-0.02723	0	0
2924.60292	-0.02722	0	0
2924.70292	-0.02722	0	0
2924.80292	-0.02721	0	0
2924.90292	-0.0272	0	0
2925.00293	-0.02719	0	0
2925.10293	-0.02718	0	0
2925.20293	-0.02717	0	0
2925.30293	-0.02716	0	0
2925.40293	-0.02715	0	0
2925.50293	-0.02714	0	0
2925.60293	-0.02714	0	0
2925.70293	-0.02713	0	0
2925.80293	-0.02712	0	0
2925.90293	-0.02711	0	0
2926.00293	-0.0271	0	0
2926.10293	-0.02709	0	0
2926.20293	-0.02708	0	0
2926.30293	-0.02707	0	0
2926.40293	-0.02706	0	0
2926.50293	-0.02705	0	0
2926.60293	-0.02704	0	0
2926.70293	-0.02704	0	0
2926.80293	-0.02703	0	0
2926.90293	-0.02702	0	0
2927.00293	-0.02701	0	0
2927.10293	-0.027	0	0
2927.20293	-0.02699	0	0
2927.30293	-0.02698	0	0
2927.40293	-0.02697	0	0
2927.50293	-0.02696	0	0
2927.60293	-0.02695	0	0
2927.70293	-0.02694	0	0
2927.80293	-0.02693	0	0
2927.90293	-0.02692	0	0
2928.00293	-0.02691	0	0
2928.10293	-0.0269	0	0
2928.20293	-0.02689	0	0
2928.30293	-0.02689	0	0
2928.40293	-0.02688	0	0
2928.50293	-0.02687	0	0
2928.60293	-0.02686	0	0
2928.70293	-0.02685	0	0
2928.80293	-0.02684	0	0
2928.90293	-0.02683	0	0
2929.00293	-0.02682	0	0
2929.10293	-0.02681	0	0
2929.20293	-0.0268	0	0
2929.30293	-0.02679	0	0
2929.40293	-0.02678	0	0
2929.50293	-0.02677	0	0
2929.60293	-0.02676	0	0
2929.70293	-0.02675	0	0
2929.80293	-0.02674	0	0
2929.90293	-0.02673	0	0
2930.00293	-0.02672	0	0
2930.10293	-0.02671	0	0
2930.20293	-0.0267	0	0
2930.30293	-0.02669	0	0
2930.40293	-0.02668	0	0
2930.50293	-0.02667	0	0
2930.60293	-0.02666	0	0
2930.70293	-0.02665	0	0
2930.80293	-0.02664	0	0
2930.90293	-0.02663	0	0
2931.00293	-0.02662	0	0
2931.10293	-0.02661	0	0
2931.20293	-0.0266	0	0
2931.30293	-0.02659	0	0
2931.40293	-0.02658	0	0
2931.50293	-0.02657	0	0
2931.60293	-0.02656	0	0
2931.70293	-0.02655	0	0
2931.80293	-0.02654	0	0
2931.90293	-0.02653	0	0
2932.00293	-0.02652	0	0
2932.10293	-0.02651	0	0
2932.20293	-0.0265	0	0
2932.30293	-0.02649	0	0
2932.40293	-0.02648	0	0
2932.50293	-0.02647	0	0
2932.60293	-0.02646	0	0
2932.70293	-0.02645	0	0
2932.80293	-0.02644	0	0
2932.90293	-0.02643	0	0
2933.00293	-0.02642	0	0
2933.10293	-0.02641	0	0
2933.20293	-0.0264	0	0
2933.30293	-0.02639	0	0
2933.40293	-0.02638	0	0
2933.50293	-0.02637	0	0
2933.60293	-0.02636	0	0
2933.70293	-0.02635	0	0
2933.80293	-0.02634	0	0
2933.90293	-0.02633	0	0
2934.00293	-0.02632	0	0
2934.10293	-0.02631	0	0
2934.20293	-0.02629	0	0
2934.30293	-0.02628	0	0
2934.40293	-0.02627	0	0
2934.50293	-0.02626	0	0
2934.60293	-0.02625	0	0
2934.70293	-0.02624	0	0
2934.80293	-0.02623	0	0
2934.90293	-0.02622	0	0
2935.00294	-0.02621	0	0
2935.10294	-0.0262	0	0
2935.20294	-0.02619	0	0
2935.30294	-0.02618	0	0
2935.40294	-0.02617	0	0
2935.50294	-0.02616	0	0
2935.60294	-0.02615	0	0
2935.70294	-0.02614	0	0
2935.80294	-0.02613	0	0
2935.90294	-0.02611	0	0
2936.00294	-0.0261	0	0
2936.10294	-0.02609	0	0
2936.20294	-0.02608	0	0
2936.30294	-0.02607	0	0
2936.40294	-0.02606	0	0
2936.50294	-0.02605	0	0
2936.60294	-0.02604	0	0
2936.70294	-0.02603	0	0
2936.80294	-0.02602	0	0
2936.90294	-0.02601	0	0
2937.00294	-0.026	0	0
2937.10294	-0.02599	0	0
2937.20294	-0.02597	0	0
2937.30294	-0.02596	0	0
2937.40294	-0.02595	0	0
2937.50294	-0.02594	0	0
2937.60294	-0.02593	0	0
2937.70294	-0.02592	0	0
2937.80294	-0.02591	0	0
2937.90294	-0.0259	0	0
2938.00294	-0.02589	0	0
2938.10294	-0.02588	0	0
2938.20294	-0.02587	0	0
2938.30294	-0.02585	0	0
2938.40294	-0.02584	0	0
2938.50294	-0.02583	0	0
2938.60294	-0.02582	0	0
2938.70294	-0.02581	0	0
2938.80294	-0.0258	0	0
2938.90294	-0.02579	0	0
2939.00294	-0.02578	0	0
2939.10294	-0.02577	0	0
2939.20294	-0.02576	0	0
2939.30294	-0.02574	0	0
2939.40294	-0.02573	0	0
2939.50294	-0.02572	0	0
2939.60294	-0.02571	0	0
2939.70294	-0.0257	0	0
2939.80294	-0.02569	0	0
2939.90294	-0.02568	0	0
2940.00294	-0.02567	0	0
2940.10294	-0.02566	0	0
2940.20294	-0.02564	0	0
2940.30294	-0.02563	0	0
2940.40294	-0.02562	0	0
2940.50294	-0.02561	0	0
2940.60294	-0.0256	0	0
2940.70294	-0.02559	0	0
2940.80294	-0.02558	0	0
2940.90294	-0.02557	0	0
2941.00294	-0.02555	0	0
2941.10294	-0.02554	0	0
2941.20294	-0.02553	0	0
2941.30294	-0.02552	0	0
2941.40294	-0.02551	0	0
2941.50294	-0.0255	0	0
2941.60294	-0.02549	0	0
2941.70294	-0.02548	0	0
2941.80294	-0.02546	0	0
2941.90294	-0.02545	0	0
2942.00294	-0.02544	0	0
2942.10294	-0.02543	0	0
2942.20294	-0.02542	0	0
2942.30294	-0.02541	0	0
2942.40294	-0.0254	0	0
2942.50294	-0.02538	0	0
2942.60294	-0.02537	0	0
2942.70294	-0.02536	0	0
2942.80294	-0.02535	0	0
2942.90294	-0.02534	0	0
2943.00294	-0.02533	0	0
2943.10294	-0.02532	0	0
2943.20294	-0.0253	0	0
2943.30294	-0.02529	0	0
2943.40294	-0.02528	0	0
2943.50294	-0.02527	0	0
2943.60294	-0.02526	0	0
2943.70294	-0.02525	0	0
2943.80294	-0.02524	0	0
2943.90294	-0.02522	0	0
2944.00294	-0.02521	0	0
2944.10294	-0.0252	0	0
2944.20294	-0.02519	0	0
2944.30294	-0.02518	0	0
2944.40294	-0.02517	0	0
2944.50294	-0.02515	0	0
2944.60294	-0.02514	0	0
2944.70294	-0.02513	0	0
2944.80294	-0.02512	0	0
2944.90294	-0.02511	0	0
2945.00295	-0.0251	0	0
2945.10295	-0.02509	0	0
2945.20295	-0.02507	0	0
2945.30295	-0.02506	0	0
2945.40295	-0.02505	0	0
2945.50295	-0.02504	0	0
2945.60295	-0.02503	0	0
2945.70295	-0.02502	0	0
2945.80295	-0.025	0	0
2945.90295	-0.02499	0	0
2946.00295	-0.02498	0	0
2946.10295	-0.02497	0	0
2946.20295	-0.02496	0	0
2946.30295	-0.02495	0	0
2946.40295	-0.02493	0	0
2946.50295	-0.02492	0	0
2946.60295	-0.02491	0	0
2946.70295	-0.0249	0	0
2946.80295	-0.02489	0	0
2946.90295	-0.02488	0	0
2947.00295	-0.02486	0	0
2947.10295	-0.02485	0	0
2947.20295	-0.02484	0	0
2947.30295	-0.02483	0	0
2947.40295	-0.02482	0	0
2947.50295	-0.02481	0	0
2947.60295	-0.02479	0	0
2947.70295	-0.02478	0	0
2947.80295	-0.02477	0	0
2947.90295	-0.02476	0	0
2948.00295	-0.02475	0	0
2948.10295	-0.02473	0	0
2948.20295	-0.02472	0	0
2948.30295	-0.02471	0	0
2948.40295	-0.0247	0	0
2948.50295	-0.02469	0	0
2948.60295	-0.02468	0	0
2948.70295	-0.02466	0	0
2948.80295	-0.02465	0	0
2948.90295	-0.02464	0	0
2949.00295	-0.02463	0	0
2949.10295	-0.02462	0	0
2949.20295	-0.02461	0	0
2949.30295	-0.02459	0	0
2949.40295	-0.02458	0	0
2949.50295	-0.02457	0	0
2949.60295	-0.02456	0	0
2949.70295	-0.02455	0	0
2949.80295	-0.02453	0	0
2949.90295	-0.02452	0	0
2950.00295	-0.02451	0	0
2950.10295	-0.0245	0	0
2950.20295	-0.02449	0	0
2950.30295	-0.02447	0	0
2950.40295	-0.02446	0	0
2950.50295	-0.02445	0	0
2950.60295	-0.02444	0	0
2950.70295	-0.02443	0	0
2950.80295	-0.02442	0	0
2950.90295	-0.0244	0	0
2951.00295	-0.02439	0	0
2951.10295	-0.02438	0	0
2951.20295	-0.02437	0	0
2951.30295	-0.02436	0	0
2951.40295	-0.02434	0	0
2951.50295	-0.02433	0	0
2951.60295	-0.02432	0	0
2951.70295	-0.02431	0	0
2951.80295	-0.0243	0	0
2951.90295	-0.02428	0	0
2952.00295	-0.02427	0	0
2952.10295	-0.02426	0	0
2952.20295	-0.02425	0	0
2952.30295	-0.02424	0	0
2952.40295	-0.02422	0	0
2952.50295	-0.02421	0	0
2952.60295	-0.0242	0	0
2952.70295	-0.02419	0	0
2952.80295	-0.02418	0	0
2952.90295	-0.02417	0	0
2953.00295	-0.02415	0	0
2953.10295	-0.02414	0	0
2953.20295	-0.02413	0	0
2953.30295	-0.02412	0	0
2953.40295	-0.02411	0	0
2953.50295	-0.02409	0	0
2953.60295	-0.02408	0	0
2953.70295	-0.02407	0	0
2953.80295	-0.02406	0	0
2953.90295	-0.02405	0	0
2954.00295	-0.02403	0	0
2954.10295	-0.02402	0	0
2954.20295	-0.02401	0	0
2954.30295	-0.024	0	0
2954.40295	-0.02399	0	0
2954.50295	-0.02397	0	0
2954.60295	-0.02396	0	0
2954.70295	-0.02395	0	0
2954.80295	-0.02394	0	0
2954.90295	-0.02393	0	0
2955.00296	-0.02391	0	0
2955.10296	-0.0239	0	0
2955.20296	-0.02389	0	0
2955.30296	-0.02388	0	0
2955.40296	-0.02387	0	0
2955.50296	-0.02385	0	0
2955.60296	-0.02384	0	0
2955.70296	-0.02383	0	0
2955.80296	-0.02382	0	0
2955.90296	-0.02381	0	0
2956.00296	-0.02379	0	0
2956.10296	-0.02378	0	0
2956.20296	-0.02377	0	0
2956.30296	-0.02376	0	0
2956.40296	-0.02375	0	0
2956.50296	-0.02373	0	0
2956.60296	-0.02372	0	0
2956.70296	-0.02371	0	0
2956.80296	-0.0237	0	0
2956.90296	-0.02369	0	0
2957.00296	-0.02367	0	0
2957.10296	-0.02366	0	0
2957.20296	-0.02365	0	0
2957.30296	-0.02364	0	0
2957.40296	-0.02363	0	0
2957.50296	-0.02361	0	0
2957.60296	-0.0236	0	0
2957.70296	-0.02359	0	0
2957.80296	-0.02358	0	0
2957.90296	-0.02357	0	0
2958.00296	-0.02355	0	0
2958.10296	-0.02354	0	0
2958.20296	-0.02353	0	0
2958.30296	-0.02352	0	0
2958.40296	-0.02351	0	0
2958.50296	-0.02349	0	0
2958.60296	-0.02348	0	0
2958.70296	-0.02347	0	0
2958.80296	-0.02346	0	0
2958.90296	-0.02345	0	0
2959.00296	-0.02343	0	0
2959.10296	-0.02342	0	0
2959.20296	-0.02341	0	0
2959.30296	-0.0234	0	0
2959.40296	-0.02339	0	0
2959.50296	-0.02337	0	0
2959.60296	-0.02336	0	0
2959.70296	-0.02335	0	0
2959.80296	-0.02334	0	0
2959.90296	-0.02333	0	0
2960.00296	-0.02331	0	0
2960.10296	-0.0233	0	0
2960.20296	-0.02329	0	0
2960.30296	-0.02328	0	0
2960.40296	-0.02327	0	0
2960.50296	-0.02326	0	0
2960.60296	-0.02324	0	0
2960.70296	-0.02323	0	0
2960.80296	-0.02322	0	0
2960.90296	-0.02321	0	0
2961.00296	-0.0232	0	0
2961.10296	-0.02318	0	0
2961.20296	-0.02317	0	0
2961.30296	-0.02316	0	0
2961.40296	-0.02315	0	0
2961.50296	-0.02314	0	0
2961.60296	-0.02312	0	0
2961.70296	-0.02311	0	0
2961.80296	-0.0231	0	0
2961.90296	-0.02309	0	0
2962.00296	-0.02308	0	0
2962.10296	-0.02306	0	0
2962.20296	-0.02305	0	0
2962.30296	-0.02304	0	0
2962.40296	-0.02303	0	0
2962.50296	-0.02302	0	0
2962.60296	-0.023	0	0
2962.70296	-0.02299	0	0
2962.80296	-0.02298	0	0
2962.90296	-0.02297	0	0
2963.00296	-0.02296	0	0
2963.10296	-0.02295	0	0
2963.20296	-0.02293	0	0
2963.30296	-0.02292	0	0
2963.40296	-0.02291	0	0
2963.50296	-0.0229	0	0
2963.60296	-0.02289	0	0
2963.70296	-0.02287	0	0
2963.80296	-0.02286	0	0
2963.90296	-0.02285	0	0
2964.00296	-0.02284	0	0
2964.10296	-0.02283	0	0
2964.20296	-0.02281	0	0
2964.30296	-0.0228	0	0
2964.40296	-0.02279	0	0
2964.50296	-0.02278	0	0
2964.60296	-0.02277	0	0
2964.70296	-0.02276	0	0
2964.80296	-0.02274	0	0
2964.90296	-0.02273	0	0
2965.00297	-0.02272	0	0
2965.10297	-0.02271	0	0
2965.20297	-0.0227	0	0
2965.30297	-0.02268	0	0
2965.40297	-0.02267	0	0
2965.50297	-0.02266	0	0
2965.60297	-0.02265	0	0
2965.70297	-0.02264	0	0
2965.80297	-0.02263	0	0
2965.90297	-0.02261	0	0
2966.00297	-0.0226	0	0
2966.10297	-0.02259	0	0
2966.20297	-0.02258	0	0
2966.30297	-0.02257	0	0
2966.40297	-0.02255	0	0
2966.50297	-0.02254	0	0
2966.60297	-0.02253	0	0
2966.70297	-0.02252	0	0
2966.80297	-0.02251	0	0
2966.90297	-0.0225	0	0
2967.00297	-0.02248	0	0
2967.10297	-0.02247	0	0
2967.20297	-0.02246	0	0
2967.30297	-0.02245	0	0
2967.40297	-0.02244	0	0
2967.50297	-0.02243	0	0
2967.60297	-0.02241	0	0
2967.70297	-0.0224	0	0
2967.80297	-0.02239	0	0
2967.90297	-0.02238	0	0
2968.00297	-0.02237	0	0
2968.10297	-0.02236	0	0
2968.20297	-0.02234	0	0
2968.30297	-0.02233	0	0
2968.40297	-0.02232	0	0
2968.50297	-0.02231	0	0
2968.60297	-0.0223	0	0
2968.70297	-0.02229	0	0
2968.80297	-0.02227	0	0
2968.90297	-0.02226	0	0
2969.00297	-0.02225	0	0
2969.10297	-0.02224	0	0
2969.20297	-0.02223	0	0
2969.30297	-0.02222	0	0
2969.40297	-0.0222	0	0
2969.50297	-0.02219	0	0
2969.60297	-0.02218	0	0
2969.70297	-0.02217	0	0
2969.80297	-0.02216	0	0
2969.90297	-0.02215	0	0
2970.00297	-0.02214	0	0
2970.10297	-0.02212	0	0
2970.20297	-0.02211	0	0
2970.30297	-0.0221	0	0
2970.40297	-0.02209	0	0
2970.50297	-0.02208	0	0
2970.60297	-0.02207	0	0
2970.70297	-0.02205	0	0
2970.80297	-0.02204	0	0
2970.90297	-0.02203	0	0
2971.00297	-0.02202	0	0
2971.10297	-0.02201	0	0
2971.20297	-0.022	0	0
2971.30297	-0.02199	0	0
2971.40297	-0.02197	0	0
2971.50297	-0.02196	0	0
2971.60297	-0.02195	0	0
2971.70297	-0.02194	0	0
2971.80297	-0.02193	0	0
2971.90297	-0.02192	0	0
2972.00297	-0.02191	0	0
2972.10297	-0.02189	0	0
2972.20297	-0.02188	0	0
2972.30297	-0.02187	0	0
2972.40297	-0.02186	0	0
2972.50297	-0.02185	0	0
2972.60297	-0.02184	0	0
2972.70297	-0.02183	0	0
2972.80297	-0.02181	0	0
2972.90297	-0.0218	0	0
2973.00297	-0.02179	0	0
2973.10297	-0.02178	0	0
2973.20297	-0.02177	0	0
2973.30297	-0.02176	0	0
2973.40297	-0.02175	0	0
2973.50297	-0.02174	0	0
2973.60297	-0.02172	0	0
2973.70297	-0.02171	0	0
2973.80297	-0.0217	0	0
2973.90297	-0.02169	0	0
2974.00297	-0.02168	0	0
2974.10297	-0.02167	0	0
2974.20297	-0.02166	0	0
2974.30297	-0.02164	0	0
2974.40297	-0.02163	0	0
2974.50297	-0.02162	0	0
2974.60297	-0.02161	0	0
2974.70297	-0.0216	0	0
2974.80297	-0.02159	0	0
2974.90297	-0.02158	0	0
2975.00298	-0.02157	0	0
2975.10298	-0.02156	0	0
2975.20298	-0.02154	0	0
2975.30298	-0.02153	0	0
2975.40298	-0.02152	0	0
2975.50298	-0.02151	0	0
2975.60298	-0.0215	0	0
2975.70298	-0.02149	0	0
2975.80298	-0.02148	0	0
2975.90298	-0.02147	0	0
2976.00298	-0.02145	0	0
2976.10298	-0.02144	0	0
2976.20298	-0.02143	0	0
2976.30298	-0.02142	0	0
2976.40298	-0.02141	0	0
2976.50298	-0.0214	0	0
2976.60298	-0.02139	0	0
2976.70298	-0.02138	0	0
2976.80298	-0.02137	0	0
2976.90298	-0.02136	0	0
2977.00298	-0.02134	0	0
2977.10298	-0.02133	0	0
2977.20298	-0.02132	0	0
2977.30298	-0.02131	0	0
2977.40298	-0.0213	0	0
2977.50298	-0.02129	0	0
2977.60298	-0.02128	0	0
2977.70298	-0.02127	0	0
2977.80298	-0.02126	0	0
2977.90298	-0.02125	0	0
2978.00298	-0.02123	0	0
2978.10298	-0.02122	0	0
2978.20298	-0.02121	0	0
2978.30298	-0.0212	0	0
2978.40298	-0.02119	0	0
2978.50298	-0.02118	0	0
2978.60298	-0.02117	0	0
2978.70298	-0.02116	0	0
2978.80298	-0.02115	0	0
2978.90298	-0.02114	0	0
2979.00298	-0.02113	0	0
2979.10298	-0.02112	0	0
2979.20298	-0.0211	0	0
2979.30298	-0.02109	0	0
2979.40298	-0.02108	0	0
2979.50298	-0.02107	0	0
2979.60298	-0.02106	0	0
2979.70298	-0.02105	0	0
2979.80298	-0.02104	0	0
2979.90298	-0.02103	0	0
2980.00298	-0.02102	0	0
2980.10298	-0.02101	0	0
2980.20298	-0.021	0	0
2980.30298	-0.02099	0	0
2980.40298	-0.02098	0	0
2980.50298	-0.02096	0	0
2980.60298	-0.02095	0	0
2980.70298	-0.02094	0	0
2980.80298	-0.02093	0	0
2980.90298	-0.02092	0	0
2981.00298	-0.02091	0	0
2981.10298	-0.0209	0	0
2981.20298	-0.02089	0	0
2981.30298	-0.02088	0	0
2981.40298	-0.02087	0	0
2981.50298	-0.02086	0	0
2981.60298	-0.02085	0	0
2981.70298	-0.02084	0	0
2981.80298	-0.02083	0	0
2981.90298	-0.02082	0	0
2982.00298	-0.02081	0	0
2982.10298	-0.0208	0	0
2982.20298	-0.02078	0	0
2982.30298	-0.02077	0	0
2982.40298	-0.02076	0	0
2982.50298	-0.02075	0	0
2982.60298	-0.02074	0	0
2982.70298	-0.02073	0	0
2982.80298	-0.02072	0	0
2982.90298	-0.02071	0	0
2983.00298	-0.0207	0	0
2983.10298	-0.02069	0	0
2983.20298	-0.02068	0	0
2983.30298	-0.02067	0	0
2983.40298	-0.02066	0	0
2983.50298	-0.02065	0	0
2983.60298	-0.02064	0	0
2983.70298	-0.02063	0	0
2983.80298	-0.02062	0	0
2983.90298	-0.02061	0	0
2984.00298	-0.0206	0	0
2984.10298	-0.02059	0	0
2984.20298	-0.02058	0	0
2984.30298	-0.02057	0	0
2984.40298	-0.02056	0	0
2984.50298	-0.02055	0	0
2984.60298	-0.02054	0	0
2984.70298	-0.02053	0	0
2984.80298	-0.02052	0	0
2984.90298	-0.0205	0	0
2985.00299	-0.02049	0	0
2985.10299	-0.02048	0	0
2985.20299	-0.02047	0	0
2985.30299	-0.02046	0	0
2985.40299	-0.02045	0	0
2985.50299	-0.02044	0	0
2985.60299	-0.02043	0	0
2985.70299	-0.02042	0	0
2985.80299	-0.02041	0	0
2985.90299	-0.0204	0	0
2986.00299	-0.02039	0	0
2986.10299	-0.02038	0	0
2986.20299	-0.02037	0	0
2986.30299	-0.02036	0	0
2986.40299	-0.02035	0	0
2986.50299	-0.02034	0	0
2986.60299	-0.02033	0	0
2986.70299	-0.02032	0	0
2986.80299	-0.02031	0	0
2986.90299	-0.0203	0	0
2987.00299	-0.02029	0	0
2987.10299	-0.02028	0	0
2987.20299	-0.02027	0	0
2987.30299	-0.02026	0	0
2987.40299	-0.02025	0	0
2987.50299	-0.02024	0	0
2987.60299	-0.02023	0	0
2987.70299	-0.02022	0	0
2987.80299	-0.02021	0	0
2987.90299	-0.0202	0	0
2988.00299	-0.02019	0	0
2988.10299	-0.02018	0	0
2988.20299	-0.02017	0	0
2988.30299	-0.02016	0	0
2988.40299	-0.02015	0	0
2988.50299	-0.02014	0	0
2988.60299	-0.02014	0	0
2988.70299	-0.02013	0	0
2988.80299	-0.02012	0	0
2988.90299	-0.02011	0	0
2989.00299	-0.0201	0	0
2989.10299	-0.02009	0	0
2989.20299	-0.02008	0	0
2989.30299	-0.02007	0	0
2989.40299	-0.02006	0	0
2989.50299	-0.02005	0	0
2989.60299	-0.02004	0	0
2989.70299	-0.02003	0	0
2989.80299	-0.02002	0	0
2989.90299	-0.02001	0	0
2990.00299	-0.02	0	0
2990.10299	-0.01999	0	0
2990.20299	-0.01998	0	0
2990.30299	-0.01997	0	0
2990.40299	-0.01996	0	0
2990.50299	-0.01995	0	0
2990.60299	-0.01994	0	0
2990.70299	-0.01993	0	0
2990.80299	-0.01992	0	0
2990.90299	-0.01991	0	0
2991.00299	-0.0199	0	0
2991.10299	-0.01989	0	0
2991.20299	-0.01989	0	0
2991.30299	-0.01988	0	0
2991.40299	-0.01987	0	0
2991.50299	-0.01986	0	0
2991.60299	-0.01985	0	0
2991.70299	-0.01984	0	0
2991.80299	-0.01983	0	0
2991.90299	-0.01982	0	0
2992.00299	-0.01981	0	0
2992.10299	-0.0198	0	0
2992.20299	-0.01979	0	0
2992.30299	-0.01978	0	0
2992.40299	-0.01977	0	0
2992.50299	-0.01976	0	0
2992.60299	-0.01975	0	0
2992.70299	-0.01974	0	0
2992.80299	-0.01974	0	0
2992.90299	-0.01973	0	0
2993.00299	-0.01972	0	0
2993.10299	-0.01971	0	0
2993.20299	-0.0197	0	0
2993.30299	-0.01969	0	0
2993.40299	-0.01968	0	0
2993.50299	-0.01967	0	0
2993.60299	-0.01966	0	0
2993.70299	-0.01965	0	0
2993.80299	-0.01964	0	0
2993.90299	-0.01963	0	0
2994.00299	-0.01963	0	0
2994.10299	-0.01962	0	0
2994.20299	-0.01961	0	0
2994.30299	-0.0196	0	0
2994.40299	-0.01959	0	0
2994.50299	-0.01958	0	0
2994.60299	-0.01957	0	0
2994.70299	-0.01956	0	0
2994.80299	-0.01955	0	0
2994.90299	-0.01954	0	0
2995.003	-0.01954	0	0
2995.103	-0.01953	0	0
2995.203	-0.01952	0	0
2995.303	-0.01951	0	0
2995.403	-0.0195	0	0
2995.503	-0.01949	0	0
2995.603	-0.01948	0	0
2995.703	-0.01947	0	0
2995.803	-0.01946	0	0
2995.903	-0.01946	0	0
2996.003	-0.01945	0	0
2996.103	-0.01944	0	0
2996.203	-0.01943	0	0
2996.303	-0.01942	0	0
2996.403	-0.01941	0	0
2996.503	-0.0194	0	0
2996.603	-0.01939	0	0
2996.703	-0.01938	0	0
2996.803	-0.01938	0	0
2996.903	-0.01937	0	0
2997.003	-0.01936	0	0
2997.103	-0.01935	0	0
2997.203	-0.01934	0	0
2997.303	-0.01933	0	0
2997.403	-0.01932	0	0
2997.503	-0.01932	0	0
2997.603	-0.01931	0	0
2997.703	-0.0193	0	0
2997.803	-0.01929	0	0
2997.903	-0.01928	0	0
2998.003	-0.01927	0	0
2998.103	-0.01926	0	0
2998.203	-0.01926	0	0
2998.303	-0.01925	0	0
2998.403	-0.01924	0	0
2998.503	-0.01923	0	0
2998.603	-0.01922	0	0
2998.703	-0.01921	0	0
2998.803	-0.0192	0	0
2998.903	-0.0192	0	0
2999.003	-0.01919	0	0
2999.103	-0.01918	0	0
2999.203	-0.01917	0	0
2999.303	-0.01916	0	0
2999.403	-0.01915	0	0
2999.503	-0.01915	0	0
2999.603	-0.01914	0	0
2999.703	-0.01913	0	0
2999.803	-0.01912	0	0
2999.903	-0.01911	0	0
3000.003	-0.0191	0	0
3000.103	-0.0191	0	0
3000.203	-0.01909	0	0
3000.303	-0.01908	0	0
3000.403	-0.01907	0	0
3000.503	-0.01906	0	0
3000.603	-0.01905	0	0
3000.703	-0.01905	0	0
3000.803	-0.01904	0	0
3000.903	-0.01903	0	0
3001.003	-0.01902	0	0
3001.103	-0.01901	0	0
3001.203	-0.01901	0	0
3001.303	-0.019	0	0
3001.403	-0.01899	0	0
3001.503	-0.01898	0	0
3001.603	-0.01897	0	0
3001.703	-0.01897	0	0
3001.803	-0.01896	0	0
3001.903	-0.01895	0	0
3002.003	-0.01894	0	0
3002.103	-0.01893	0	0
3002.203	-0.01893	0	0
3002.303	-0.01892	0	0
3002.403	-0.01891	0	0
3002.503	-0.0189	0	0
3002.603	-0.01889	0	0
3002.703	-0.01889	0	0
3002.803	-0.01888	0	0
3002.903	-0.01887	0	0
3003.003	-0.01886	0	0
3003.103	-0.01885	0	0
3003.203	-0.01885	0	0
3003.303	-0.01884	0	0
3003.403	-0.01883	0	0
3003.503	-0.01882	0	0
3003.603	-0.01881	0	0
3003.703	-0.01881	0	0
3003.803	-0.0188	0	0
3003.903	-0.01879	0	0
3004.003	-0.01878	0	0
3004.103	-0.01878	0	0
3004.203	-0.01877	0	0
3004.303	-0.01876	0	0
3004.403	-0.01875	0	0
3004.503	-0.01875	0	0
3004.603	-0.01874	0	0
3004.703	-0.01873	0	0
3004.803	-0.01872	0	0
3004.903	-0.01871	0	0
3005.00301	-0.01871	0	0
3005.10301	-0.0187	0	0
3005.20301	-0.01869	0	0
3005.30301	-0.01868	0	0
3005.40301	-0.01868	0	0
3005.50301	-0.01867	0	0
3005.60301	-0.01866	0	0
3005.70301	-0.01865	0	0
3005.80301	-0.01865	0	0
3005.90301	-0.01864	0	0
3006.00301	-0.01863	0	0
3006.10301	-0.01862	0	0
3006.20301	-0.01862	0	0
3006.30301	-0.01861	0	0
3006.40301	-0.0186	0	0
3006.50301	-0.01859	0	0
3006.60301	-0.01859	0	0
3006.70301	-0.01858	0	0
3006.80301	-0.01857	0	0
3006.90301	-0.01857	0	0
3007.00301	-0.01856	0	0
3007.10301	-0.01855	0	0
3007.20301	-0.01854	0	0
3007.30301	-0.01854	0	0
3007.40301	-0.01853	0	0
3007.50301	-0.01852	0	0
3007.60301	-0.01851	0	0
3007.70301	-0.01851	0	0
3007.80301	-0.0185	0	0
3007.90301	-0.01849	0	0
3008.00301	-0.01849	0	0
3008.10301	-0.01848	0	0
3008.20301	-0.01847	0	0
3008.30301	-0.01846	0	0
3008.40301	-0.01846	0	0
3008.50301	-0.01845	0	0
3008.60301	-0.01844	0	0
3008.70301	-0.01844	0	0
3008.80301	-0.01843	0	0
3008.90301	-0.01842	0	0
3009.00301	-0.01841	0	0
3009.10301	-0.01841	0	0
3009.20301	-0.0184	0	0
3009.30301	-0.01839	0	0
3009.40301	-0.01839	0	0
3009.50301	-0.01838	0	0
3009.60301	-0.01837	0	0
3009.70301	-0.01837	0	0
3009.80301	-0.01836	0	0
3009.90301	-0.01835	0	0
3010.00301	-0.01835	0	0
3010.10301	-0.01834	0	0
3010.20301	-0.01833	0	0
3010.30301	-0.01832	0	0
3010.40301	-0.01832	0	0
3010.50301	-0.01831	0	0
3010.60301	-0.0183	0	0
3010.70301	-0.0183	0	0
3010.80301	-0.01829	0	0
3010.90301	-0.01828	0	0
3011.00301	-0.01828	0	0
3011.10301	-0.01827	0	0
3011.20301	-0.01826	0	0
3011.30301	-0.01826	0	0
3011.40301	-0.01825	0	0
3011.50301	-0.01824	0	0
3011.60301	-0.01824	0	0
3011.70301	-0.01823	0	0
3011.80301	-0.01822	0	0
3011.90301	-0.01822	0	0
3012.00301	-0.01821	0	0
3012.10301	-0.0182	0	0
3012.20301	-0.0182	0	0
3012.30301	-0.01819	0	0
3012.40301	-0.01818	0	0
3012.50301	-0.01818	0	0
3012.60301	-0.01817	0	0
3012.70301	-0.01816	0	0
3012.80301	-0.01816	0	0
3012.90301	-0.01815	0	0
3013.00301	-0.01814	0	0
3013.10301	-0.01814	0	0
3013.20301	-0.01813	0	0
3013.30301	-0.01813	0	0
3013.40301	-0.01812	0	0
3013.50301	-0.01811	0	0
3013.60301	-0.01811	0	0
3013.70301	-0.0181	0	0
3013.80301	-0.01809	0	0
3013.90301	-0.01809	0	0
3014.00301	-0.01808	0	0
3014.10301	-0.01807	0	0
3014.20301	-0.01807	0	0
3014.30301	-0.01806	0	0
3014.40301	-0.01806	0	0
3014.50301	-0.01805	0	0
3014.60301	-0.01804	0	0
3014.70301	-0.01804	0	0
3014.80301	-0.01803	0	0
3014.90301	-0.01802	0	0
3015.00302	-0.01802	0	0
3015.10302	-0.01801	0	0
3015.20302	-0.01801	0	0
3015.30302	-0.018	0	0
3015.40302	-0.01799	0	0
3015.50302	-0.01799	0	0
3015.60302	-0.01798	0	0
3015.70302	-0.01798	0	0
3015.80302	-0.01797	0	0
3015.90302	-0.01796	0	0
3016.00302	-0.01796	0	0
3016.10302	-0.01795	0	0
3016.20302	-0.01794	0	0
3016.30302	-0.01794	0	0
3016.40302	-0.01793	0	0
3016.50302	-0.01793	0	0
3016.60302	-0.01792	0	0
3016.70302	-0.01791	0	0
3016.80302	-0.01791	0	0
3016.90302	-0.0179	0	0
3017.00302	-0.0179	0	0
3017.10302	-0.01789	0	0
3017.20302	-0.01789	0	0
3017.30302	-0.01788	0	0
3017.40302	-0.01787	0	0
3017.50302	-0.01787	0	0
3017.60302	-0.01786	0	0
3017.70302	-0.01786	0	0
3017.80302	-0.01785	0	0
3017.90302	-0.01784	0	0
3018.00302	-0.01784	0	0
3018.10302	-0.01783	0	0
3018.20302	-0.01783	0	0
3018.30302	-0.01782	0	0
3018.40302	-0.01782	0	0
3018.50302	-0.01781	0	0
3018.60302	-0.0178	0	0
3018.70302	-0.0178	0	0
3018.80302	-0.01779	0	0
3018.90302	-0.01779	0	0
3019.00302	-0.01778	0	0
3019.10302	-0.01778	0	0
3019.20302	-0.01777	0	0
3019.30302	-0.01776	0	0
3019.40302	-0.01776	0	0
3019.50302	-0.01775	0	0
3019.60302	-0.01775	0	0
3019.70302	-0.01774	0	0
3019.80302	-0.01774	0	0
3019.90302	-0.01773	0	0
3020.00302	-0.01773	0	0
3020.10302	-0.01772	0	0
3020.20302	-0.01771	0	0
3020.30302	-0.01771	0	0
3020.40302	-0.0177	0	0
3020.50302	-0.0177	0	0
3020.60302	-0.01769	0	0
3020.70302	-0.01769	0	0
3020.80302	-0.01768	0	0
3020.90302	-0.01768	0	0
3021.00302	-0.01767	0	0
3021.10302	-0.01767	0	0
3021.20302	-0.01766	0	0
3021.30302	-0.01765	0	0
3021.40302	-0.01765	0	0
3021.50302	-0.01764	0	0
3021.60302	-0.01764	0	0
3021.70302	-0.01763	0	0
3021.80302	-0.01763	0	0
3021.90302	-0.01762	0	0
3022.00302	-0.01762	0	0
3022.10302	-0.01761	0	0
3022.20302	-0.01761	0	0
3022.30302	-0.0176	0	0
3022.40302	-0.0176	0	0
3022.50302	-0.01759	0	0
3022.60302	-0.01759	0	0
3022.70302	-0.01758	0	0
3022.80302	-0.01758	0	0
3022.90302	-0.01757	0	0
3023.00302	-0.01757	0	0
3023.10302	-0.01756	0	0
3023.20302	-0.01756	0	0
3023.30302	-0.01755	0	0
3023.40302	-0.01755	0	0
3023.50302	-0.01754	0	0
3023.60302	-0.01753	0	0
3023.70302	-0.01753	0	0
3023.80302	-0.01752	0	0
3023.90302	-0.01752	0	0
3024.00302	-0.01751	0	0
3024.10302	-0.01751	0	0
3024.20302	-0.0175	0	0
3024.30302	-0.0175	0	0
3024.40302	-0.01749	0	0
3024.50302	-0.01749	0	0
3024.60302	-0.01748	0	0
3024.70302	-0.01748	0	0
3024.80302	-0.01748	0	0
3024.90302	-0.01747	0	0
3025.00303	-0.01747	0	0
3025.10303	-0.01746	0	0
3025.20303	-0.01746	0	0
3025.30303	-0.01745	0	0
3025.40303	-0.01745	0	0
3025.50303	-0.01744	0	0
3025.60303	-0.01744	0	0
3025.70303	-0.01743	0	0
3025.80303	-0.01743	0	0
3025.90303	-0.01742	0	0
3026.00303	-0.01742	0	0
3026.10303	-0.01741	0	0
3026.20303	-0.01741	0	0
3026.30303	-0.0174	0	0
3026.40303	-0.0174	0	0
3026.50303	-0.01739	0	0
3026.60303	-0.01739	0	0
3026.70303	-0.01738	0	0
3026.80303	-0.01738	0	0
3026.90303	-0.01737	0	0
3027.00303	-0.01737	0	0
3027.10303	-0.01737	0	0
3027.20303	-0.01736	0	0
3027.30303	-0.01736	0	0
3027.40303	-0.01735	0	0
3027.50303	-0.01735	0	0
3027.60303	-0.01734	0	0
3027.70303	-0.01734	0	0
3027.80303	-0.01733	0	0
3027.90303	-0.01733	0	0
3028.00303	-0.01732	0	0
3028.10303	-0.01732	0	0
3028.20303	-0.01732	0	0
3028.30303	-0.01731	0	0
3028.40303	-0.01731	0	0
3028.50303	-0.0173	0	0
3028.60303	-0.0173	0	0
3028.70303	-0.01729	0	0
3028.80303	-0.01729	0	0
3028.90303	-0.01728	0	0
3029.00303	-0.01728	0	0
3029.10303	-0.01728	0	0
3029.20303	-0.01727	0	0
3029.30303	-0.01727	0	0
3029.40303	-0.01726	0	0
3029.50303	-0.01726	0	0
3029.60303	-0.01725	0	0
3029.70303	-0.01725	0	0
3029.80303	-0.01724	0	0
3029.90303	-0.01724	0	0
3030.00303	-0.01724	0	0
3030.10303	-0.01723	0	0
3030.20303	-0.01723	0	0
3030.30303	-0.01722	0	0
3030.40303	-0.01722	0	0
3030.50303	-0.01721	0	0
3030.60303	-0.01721	0	0
3030.70303	-0.01721	0	0
3030.80303	-0.0172	0	0
3030.90303	-0.0172	0	0
3031.00303	-0.01719	0	0
3031.10303	-0.01719	0	0
3031.20303	-0.01719	0	0
3031.30303	-0.01718	0	0
3031.40303	-0.01718	0	0
3031.50303	-0.01717	0	0
3031.60303	-0.01717	0	0
3031.70303	-0.01716	0	0
3031.80303	-0.01716	0	0
3031.90303	-0.01716	0	0
3032.00303	-0.01715	0	0
3032.10303	-0.01715	0	0
3032.20303	-0.01714	0	0
3032.30303	-0.01714	0	0
3032.40303	-0.01714	0	0
3032.50303	-0.01713	0	0
3032.60303	-0.01713	0	0
3032.70303	-0.01712	0	0
3032.80303	-0.01712	0	0
3032.90303	-0.01712	0	0
3033.00303	-0.01711	0	0
3033.10303	-0.01711	0	0
3033.20303	-0.0171	0	0
3033.30303	-0.0171	0	0
3033.40303	-0.0171	0	0
3033.50303	-0.01709	0	0
3033.60303	-0.01709	0	0
3033.70303	-0.01709	0	0
3033.80303	-0.01708	0	0
3033.90303	-0.01708	0	0
3034.00303	-0.01707	0	0
3034.10303	-0.01707	0	0
3034.20303	-0.01707	0	0
3034.30303	-0.01706	0	0
3034.40303	-0.01706	0	0
3034.50303	-0.01705	0	0
3034.60303	-0.01705	0	0
3034.70303	-0.01705	0	0
3034.80303	-0.01704	0	0
3034.90303	-0.01704	0	0
3035.00304	-0.01704	0	0
3035.10304	-0.01703	0	0
3035.20304	-0.01703	0	0
3035.30304	-0.01702	0	0
3035.40304	-0.01702	0	0
3035.50304	-0.01702	0	0
3035.60304	-0.01701	0	0
3035.70304	-0.01701	0	0
3035.80304	-0.01701	0	0
3035.90304	-0.017	0	0
3036.00304	-0.017	0	0
3036.10304	-0.017	0	0
3036.20304	-0.01699	0	0
3036.30304	-0.01699	0	0
3036.40304	-0.01698	0	0
3036.50304	-0.01698	0	0
3036.60304	-0.01698	0	0
3036.70304	-0.01697	0	0
3036.80304	-0.01697	0	0
3036.90304	-0.01697	0	0
3037.00304	-0.01696	0	0
3037.10304	-0.01696	0	0
3037.20304	-0.01696	0	0
3037.30304	-0.01695	0	0
3037.40304	-0.01695	0	0
3037.50304	-0.01695	0	0
3037.60304	-0.01694	0	0
3037.70304	-0.01694	0	0
3037.80304	-0.01693	0	0
3037.90304	-0.01693	0	0
3038.00304	-0.01693	0	0
3038.10304	-0.01692	0	0
3038.20304	-0.01692	0	0
3038.30304	-0.01692	0	0
3038.40304	-0.01691	0	0
3038.50304	-0.01691	0	0
3038.60304	-0.01691	0	0
3038.70304	-0.0169	0	0
3038.80304	-0.0169	0	0
3038.90304	-0.0169	0	0
3039.00304	-0.01689	0	0
3039.10304	-0.01689	0	0
3039.20304	-0.01689	0	0
3039.30304	-0.01688	0	0
3039.40304	-0.01688	0	0
3039.50304	-0.01688	0	0
3039.60304	-0.01687	0	0
3039.70304	-0.01687	0	0
3039.80304	-0.01687	0	0
3039.90304	-0.01686	0	0
3040.00304	-0.01686	0	0
3040.10304	-0.01686	0	0
3040.20304	-0.01685	0	0
3040.30304	-0.01685	0	0
3040.40304	-0.01685	0	0
3040.50304	-0.01684	0	0
3040.60304	-0.01684	0	0
3040.70304	-0.01684	0	0
3040.80304	-0.01684	0	0
3040.90304	-0.01683	0	0
3041.00304	-0.01683	0	0
3041.10304	-0.01683	0	0
3041.20304	-0.01682	0	0
3041.30304	-0.01682	0	0
3041.40304	-0.01682	0	0
3041.50304	-0.01681	0	0
3041.60304	-0.01681	0	0
3041.70304	-0.01681	0	0
3041.80304	-0.0168	0	0
3041.90304	-0.0168	0	0
3042.00304	-0.0168	0	0
3042.10304	-0.01679	0	0
3042.20304	-0.01679	0	0
3042.30304	-0.01679	0	0
3042.40304	-0.01679	0	0
3042.50304	-0.01678	0	0
3042.60304	-0.01678	0	0
3042.70304	-0.01678	0	0
3042.80304	-0.01677	0	0
3042.90304	-0.01677	0	0
3043.00304	-0.01677	0	0
3043.10304	-0.01676	0	0
3043.20304	-0.01676	0	0
3043.30304	-0.01676	0	0
3043.40304	-0.01676	0	0
3043.50304	-0.01675	0	0
3043.60304	-0.01675	0	0
3043.70304	-0.01675	0	0
3043.80304	-0.01674	0	0
3043.90304	-0.01674	0	0
3044.00304	-0.01674	0	0
3044.10304	-0.01673	0	0
3044.20304	-0.01673	0	0
3044.30304	-0.01673	0	0
3044.40304	-0.01673	0	0
3044.50304	-0.01672	0	0
3044.60304	-0.01672	0	0
3044.70304	-0.01672	0	0
3044.80304	-0.01671	0	0
3044.90304	-0.01671	0	0
3045.00305	-0.01671	0	0
3045.10305	-0.01671	0	0
3045.20305	-0.0167	0	0
3045.30305	-0.0167	0	0
3045.40305	-0.0167	0	0
3045.50305	-0.01669	0	0
3045.60305	-0.01669	0	0
3045.70305	-0.01669	0	0
3045.80305	-0.01669	0	0
3045.90305	-0.01668	0	0
3046.00305	-0.01668	0	0
3046.10305	-0.01668	0	0
3046.20305	-0.01668	0	0
3046.30305	-0.01667	0	0
3046.40305	-0.01667	0	0
3046.50305	-0.01667	0	0
3046.60305	-0.01666	0	0
3046.70305	-0.01666	0	0
3046.80305	-0.01666	0	0
3046.90305	-0.01666	0	0
3047.00305	-0.01665	0	0
3047.10305	-0.01665	0	0
3047.20305	-0.01665	0	0
3047.30305	-0.01665	0	0
3047.40305	-0.01664	0	0
3047.50305	-0.01664	0	0
3047.60305	-0.01664	0	0
3047.70305	-0.01663	0	0
3047.80305	-0.01663	0	0
3047.90305	-0.01663	0	0
3048.00305	-0.01663	0	0
3048.10305	-0.01662	0	0
3048.20305	-0.01662	0	0
3048.30305	-0.01662	0	0
3048.40305	-0.01662	0	0
3048.50305	-0.01661	0	0
3048.60305	-0.01661	0	0
3048.70305	-0.01661	0	0
3048.80305	-0.01661	0	0
3048.90305	-0.0166	0	0
3049.00305	-0.0166	0	0
3049.10305	-0.0166	0	0
3049.20305	-0.0166	0	0
3049.30305	-0.01659	0	0
3049.40305	-0.01659	0	0
3049.50305	-0.01659	0	0
3049.60305	-0.01659	0	0
3049.70305	-0.01658	0	0
3049.80305	-0.01658	0	0
3049.90305	-0.01658	0	0
3050.00305	-0.01658	0	0
3050.10305	-0.01657	0	0
3050.20305	-0.01657	0	0
3050.30305	-0.01657	0	0
3050.40305	-0.01657	0	0
3050.50305	-0.01656	0	0
3050.60305	-0.01656	0	0
3050.70305	-0.01656	0	0
3050.80305	-0.01656	0	0
3050.90305	-0.01655	0	0
3051.00305	-0.01655	0	0
3051.10305	-0.01655	0	0
3051.20305	-0.01655	0	0
3051.30305	-0.01654	0	0
3051.40305	-0.01654	0	0
3051.50305	-0.01654	0	0
3051.60305	-0.01654	0	0
3051.70305	-0.01653	0	0
3051.80305	-0.01653	0	0
3051.90305	-0.01653	0	0
3052.00305	-0.01653	0	0
3052.10305	-0.01652	0	0
3052.20305	-0.01652	0	0
3052.30305	-0.01652	0	0
3052.40305	-0.01652	0	0
3052.50305	-0.01651	0	0
3052.60305	-0.01651	0	0
3052.70305	-0.01651	0	0
3052.80305	-0.01651	0	0
3052.90305	-0.01651	0	0
3053.00305	-0.0165	0	0
3053.10305	-0.0165	0	0
3053.20305	-0.0165	0	0
3053.30305	-0.0165	0	0
3053.40305	-0.01649	0	0
3053.50305	-0.01649	0	0
3053.60305	-0.01649	0	0
3053.70305	-0.01649	0	0
3053.80305	-0.01648	0	0
3053.90305	-0.01648	0	0
3054.00305	-0.01648	0	0
3054.10305	-0.01648	0	0
3054.20305	-0.01648	0	0
3054.30305	-0.01647	0	0
3054.40305	-0.01647	0	0
3054.50305	-0.01647	0	0
3054.60305	-0.01647	0	0
3054.70305	-0.01646	0	0
3054.80305	-0.01646	0	0
3054.90305	-0.01646	0	0
3055.00306	-0.01646	0	0
3055.10306	-0.01646	0	0
3055.20306	-0.01645	0	0
3055.30306	-0.01645	0	0
3055.40306	-0.01645	0	0
3055.50306	-0.01645	0	0
3055.60306	-0.01644	0	0
3055.70306	-0.01644	0	0
3055.80306	-0.01644	0	0
3055.90306	-0.01644	0	0
3056.00306	-0.01644	0	0
3056.10306	-0.01643	0	0
3056.20306	-0.01643	0	0
3056.30306	-0.01643	0	0
3056.40306	-0.01643	0	0
3056.50306	-0.01642	0	0
3056.60306	-0.01642	0	0
3056.70306	-0.01642	0	0
3056.80306	-0.01642	0	0
3056.90306	-0.01642	0	0
3057.00306	-0.01641	0	0
3057.10306	-0.01641	0	0
3057.20306	-0.01641	0	0
3057.30306	-0.01641	0	0
3057.40306	-0.01641	0	0
3057.50306	-0.0164	0	0
3057.60306	-0.0164	0	0
3057.70306	-0.0164	0	0
3057.80306	-0.0164	0	0
3057.90306	-0.01639	0	0
3058.00306	-0.01639	0	0
3058.10306	-0.01639	0	0
3058.20306	-0.01639	0	0
3058.30306	-0.01639	0	0
3058.40306	-0.01638	0	0
3058.50306	-0.01638	0	0
3058.60306	-0.01638	0	0
3058.70306	-0.01638	0	0
3058.80306	-0.01638	0	0
3058.90306	-0.01637	0	0
3059.00306	-0.01637	0	0
3059.10306	-0.01637	0	0
3059.20306	-0.01637	0	0
3059.30306	-0.01637	0	0
3059.40306	-0.01636	0	0
3059.50306	-0.01636	0	0
3059.60306	-0.01636	0	0
3059.70306	-0.01636	0	0
3059.80306	-0.01635	0	0
3059.90306	-0.01635	0	0
3060.00306	-0.01635	0	0
3060.10306	-0.01635	0	0
3060.20306	-0.01635	0	0
3060.30306	-0.01634	0	0
3060.40306	-0.01634	0	0
3060.50306	-0.01634	0	0
3060.60306	-0.01634	0	0
3060.70306	-0.01634	0	0
3060.80306	-0.01633	0	0
3060.90306	-0.01633	0	0
3061.00306	-0.01633	0	0
3061.10306	-0.01633	0	0
3061.20306	-0.01633	0	0
3061.30306	-0.01632	0	0
3061.40306	-0.01632	0	0
3061.50306	-0.01632	0	0
3061.60306	-0.01632	0	0
3061.70306	-0.01632	0	0
3061.80306	-0.01631	0	0
3061.90306	-0.01631	0	0
3062.00306	-0.01631	0	0
3062.10306	-0.01631	0	0
3062.20306	-0.01631	0	0
3062.30306	-0.0163	0	0
3062.40306	-0.0163	0	0
3062.50306	-0.0163	0	0
3062.60306	-0.0163	0	0
3062.70306	-0.0163	0	0
3062.80306	-0.01629	0	0
3062.90306	-0.01629	0	0
3063.00306	-0.01629	0	0
3063.10306	-0.01629	0	0
3063.20306	-0.01629	0	0
3063.30306	-0.01628	0	0
3063.40306	-0.01628	0	0
3063.50306	-0.01628	0	0
3063.60306	-0.01628	0	0
3063.70306	-0.01628	0	0
3063.80306	-0.01627	0	0
3063.90306	-0.01627	0	0
3064.00306	-0.01627	0	0
3064.10306	-0.01627	0	0
3064.20306	-0.01627	0	0
3064.30306	-0.01626	0	0
3064.40306	-0.01626	0	0
3064.50306	-0.01626	0	0
3064.60306	-0.01626	0	0
3064.70306	-0.01626	0	0
3064.80306	-0.01626	0	0
3064.90306	-0.01625	0	0
3065.00307	-0.01625	0	0
3065.10307	-0.01625	0	0
3065.20307	-0.01625	0	0
3065.30307	-0.01625	0	0
3065.40307	-0.01624	0	0
3065.50307	-0.01624	0	0
3065.60307	-0.01624	0	0
3065.70307	-0.01624	0	0
3065.80307	-0.01624	0	0
3065.90307	-0.01623	0	0
3066.00307	-0.01623	0	0
3066.10307	-0.01623	0	0
3066.20307	-0.01623	0	0
3066.30307	-0.01623	0	0
3066.40307	-0.01622	0	0
3066.50307	-0.01622	0	0
3066.60307	-0.01622	0	0
3066.70307	-0.01622	0	0
3066.80307	-0.01622	0	0
3066.90307	-0.01621	0	0
3067.00307	-0.01621	0	0
3067.10307	-0.01621	0	0
3067.20307	-0.01621	0	0
3067.30307	-0.01621	0	0
3067.40307	-0.0162	0	0
3067.50307	-0.0162	0	0
3067.60307	-0.0162	0	0
3067.70307	-0.0162	0	0
3067.80307	-0.0162	0	0
3067.90307	-0.0162	0	0
3068.00307	-0.01619	0	0
3068.10307	-0.01619	0	0
3068.20307	-0.01619	0	0
3068.30307	-0.01619	0	0
3068.40307	-0.01619	0	0
3068.50307	-0.01618	0	0
3068.60307	-0.01618	0	0
3068.70307	-0.01618	0	0
3068.80307	-0.01618	0	0
3068.90307	-0.01618	0	0
3069.00307	-0.01617	0	0
3069.10307	-0.01617	0	0
3069.20307	-0.01617	0	0
3069.30307	-0.01617	0	0
3069.40307	-0.01617	0	0
3069.50307	-0.01616	0	0
3069.60307	-0.01616	0	0
3069.70307	-0.01616	0	0
3069.80307	-0.01616	0	0
3069.90307	-0.01616	0	0
3070.00307	-0.01615	0	0
3070.10307	-0.01615	0	0
3070.20307	-0.01615	0	0
3070.30307	-0.01615	0	0
3070.40307	-0.01615	0	0
3070.50307	-0.01614	0	0
3070.60307	-0.01614	0	0
3070.70307	-0.01614	0	0
3070.80307	-0.01614	0	0
3070.90307	-0.01614	0	0
3071.00307	-0.01614	0	0
3071.10307	-0.01613	0	0
3071.20307	-0.01613	0	0
3071.30307	-0.01613	0	0
3071.40307	-0.01613	0	0
3071.50307	-0.01613	0	0
3071.60307	-0.01612	0	0
3071.70307	-0.01612	0	0
3071.80307	-0.01612	0	0
3071.90307	-0.01612	0	0
3072.00307	-0.01612	0	0
3072.10307	-0.01611	0	0
3072.20307	-0.01611	0	0
3072.30307	-0.01611	0	0
3072.40307	-0.01611	0	0
3072.50307	-0.01611	0	0
3072.60307	-0.0161	0	0
3072.70307	-0.0161	0	0
3072.80307	-0.0161	0	0
3072.90307	-0.0161	0	0
3073.00307	-0.0161	0	0
3073.10307	-0.01609	0	0
3073.20307	-0.01609	0	0
3073.30307	-0.01609	0	0
3073.40307	-0.01609	0	0
3073.50307	-0.01609	0	0
3073.60307	-0.01608	0	0
3073.70307	-0.01608	0	0
3073.80307	-0.01608	0	0
3073.90307	-0.01608	0	0
3074.00307	-0.01608	0	0
3074.10307	-0.01607	0	0
3074.20307	-0.01607	0	0
3074.30307	-0.01607	0	0
3074.40307	-0.01607	0	0
3074.50307	-0.01607	0	0
3074.60307	-0.01606	0	0
3074.70307	-0.01606	0	0
3074.80307	-0.01606	0	0
3074.90307	-0.01606	0	0
3075.00308	-0.01606	0	0
3075.10308	-0.01606	0	0
3075.20308	-0.01605	0	0
3075.30308	-0.01605	0	0
3075.40308	-0.01605	0	0
3075.50308	-0.01605	0	0
3075.60308	-0.01605	0	0
3075.70308	-0.01604	0	0
3075.80308	-0.01604	0	0
3075.90308	-0.01604	0	0
3076.00308	-0.01604	0	0
3076.10308	-0.01604	0	0
3076.20308	-0.01603	0	0
3076.30308	-0.01603	0	0
3076.40308	-0.01603	0	0
3076.50308	-0.01603	0	0
3076.60308	-0.01602	0	0
3076.70308	-0.01602	0	0
3076.80308	-0.01602	0	0
3076.90308	-0.01602	0	0
3077.00308	-0.01602	0	0
3077.10308	-0.01601	0	0
3077.20308	-0.01601	0	0
3077.30308	-0.01601	0	0
3077.40308	-0.01601	0	0
3077.50308	-0.01601	0	0
3077.60308	-0.016	0	0
3077.70308	-0.016	0	0
3077.80308	-0.016	0	0
3077.90308	-0.016	0	0
3078.00308	-0.016	0	0
3078.10308	-0.01599	0	0
3078.20308	-0.01599	0	0
3078.30308	-0.01599	0	0
3078.40308	-0.01599	0	0
3078.50308	-0.01599	0	0
3078.60308	-0.01598	0	0
3078.70308	-0.01598	0	0
3078.80308	-0.01598	0	0
3078.90308	-0.01598	0	0
3079.00308	-0.01598	0	0
3079.10308	-0.01597	0	0
3079.20308	-0.01597	0	0
3079.30308	-0.01597	0	0
3079.40308	-0.01597	0	0
3079.50308	-0.01596	0	0
3079.60308	-0.01596	0	0
3079.70308	-0.01596	0	0
3079.80308	-0.01596	0	0
3079.90308	-0.01596	0	0
3080.00308	-0.01595	0	0
3080.10308	-0.01595	0	0
3080.20308	-0.01595	0	0
3080.30308	-0.01595	0	0
3080.40308	-0.01595	0	0
3080.50308	-0.01594	0	0
3080.60308	-0.01594	0	0
3080.70308	-0.01594	0	0
3080.80308	-0.01594	0	0
3080.90308	-0.01594	0	0
3081.00308	-0.01593	0	0
3081.10308	-0.01593	0	0
3081.20308	-0.01593	0	0
3081.30308	-0.01593	0	0
3081.40308	-0.01592	0	0
3081.50308	-0.01592	0	0
3081.60308	-0.01592	0	0
3081.70308	-0.01592	0	0
3081.80308	-0.01592	0	0
3081.90308	-0.01591	0	0
3082.00308	-0.01591	0	0
3082.10308	-0.01591	0	0
3082.20308	-0.01591	0	0
3082.30308	-0.0159	0	0
3082.40308	-0.0159	0	0
3082.50308	-0.0159	0	0
3082.60308	-0.0159	0	0
3082.70308	-0.0159	0	0
3082.80308	-0.01589	0	0
3082.90308	-0.01589	0	0
3083.00308	-0.01589	0	0
3083.10308	-0.01589	0	0
3083.20308	-0.01588	0	0
3083.30308	-0.01588	0	0
3083.40308	-0.01588	0	0
3083.50308	-0.01588	0	0
3083.60308	-0.01588	0	0
3083.70308	-0.01587	0	0
3083.80308	-0.01587	0	0
3083.90308	-0.01587	0	0
3084.00308	-0.01587	0	0
3084.10308	-0.01586	0	0
3084.20308	-0.01586	0	0
3084.30308	-0.01586	0	0
3084.40308	-0.01586	0	0
3084.50308	-0.01585	0	0
3084.60308	-0.01585	0	0
3084.70308	-0.01585	0	0
3084.80308	-0.01585	0	0
3084.90308	-0.01585	0	0
3085.00309	-0.01584	0	0
3085.10309	-0.01584	0	0
3085.20309	-0.01584	0	0
3085.30309	-0.01584	0	0
3085.40309	-0.01583	0	0
3085.50309	-0.01583	0	0
3085.60309	-0.01583	0	0
3085.70309	-0.01583	0	0
3085.80309	-0.01582	0	0
3085.90309	-0.01582	0	0
3086.00309	-0.01582	0	0
3086.10309	-0.01582	0	0
3086.20309	-0.01581	0	0
3086.30309	-0.01581	0	0
3086.40309	-0.01581	0	0
3086.50309	-0.01581	0	0
3086.60309	-0.0158	0	0
3086.70309	-0.0158	0	0
3086.80309	-0.0158	0	0
3086.90309	-0.0158	0	0
3087.00309	-0.01579	0	0
3087.10309	-0.01579	0	0
3087.20309	-0.01579	0	0
3087.30309	-0.01579	0	0
3087.40309	-0.01579	0	0
3087.50309	-0.01578	0	0
3087.60309	-0.01578	0	0
3087.70309	-0.01578	0	0
3087.80309	-0.01578	0	0
3087.90309	-0.01577	0	0
3088.00309	-0.01577	0	0
3088.10309	-0.01577	0	0
3088.20309	-0.01577	0	0
3088.30309	-0.01576	0	0
3088.40309	-0.01576	0	0
3088.50309	-0.01576	0	0
3088.60309	-0.01575	0	0
3088.70309	-0.01575	0	0
3088.80309	-0.01575	0	0
3088.90309	-0.01575	0	0
3089.00309	-0.01574	0	0
3089.10309	-0.01574	0	0
3089.20309	-0.01574	0	0
3089.30309	-0.01574	0	0
3089.40309	-0.01573	0	0
3089.50309	-0.01573	0	0
3089.60309	-0.01573	0	0
3089.70309	-0.01573	0	0
3089.80309	-0.01572	0	0
3089.90309	-0.01572	0	0
3090.00309	-0.01572	0	0
3090.10309	-0.01572	0	0
3090.20309	-0.01571	0	0
3090.30309	-0.01571	0	0
3090.40309	-0.01571	0	0
3090.50309	-0.01571	0	0
3090.60309	-0.0157	0	0
3090.70309	-0.0157	0	0
3090.80309	-0.0157	0	0
3090.90309	-0.01569	0	0
3091.00309	-0.01569	0	0
3091.10309	-0.01569	0	0
3091.20309	-0.01569	0	0
3091.30309	-0.01568	0	0
3091.40309	-0.01568	0	0
3091.50309	-0.01568	0	0
3091.60309	-0.01568	0	0
3091.70309	-0.01567	0	0
3091.80309	-0.01567	0	0
3091.90309	-0.01567	0	0
3092.00309	-0.01566	0	0
3092.10309	-0.01566	0	0
3092.20309	-0.01566	0	0
3092.30309	-0.01566	0	0
3092.40309	-0.01565	0	0
3092.50309	-0.01565	0	0
3092.60309	-0.01565	0	0
3092.70309	-0.01565	0	0
3092.80309	-0.01564	0	0
3092.90309	-0.01564	0	0
3093.00309	-0.01564	0	0
3093.10309	-0.01563	0	0
3093.20309	-0.01563	0	0
3093.30309	-0.01563	0	0
3093.40309	-0.01563	0	0
3093.50309	-0.01562	0	0
3093.60309	-0.01562	0	0
3093.70309	-0.01562	0	0
3093.80309	-0.01561	0	0
3093.90309	-0.01561	0	0
3094.00309	-0.01561	0	0
3094.10309	-0.01561	0	0
3094.20309	-0.0156	0	0
3094.30309	-0.0156	0	0
3094.40309	-0.0156	0	0
3094.50309	-0.01559	0	0
3094.60309	-0.01559	0	0
3094.70309	-0.01559	0	0
3094.80309	-0.01558	0	0
3094.90309	-0.01558	0	0
3095.0031	-0.01558	0	0
3095.1031	-0.01558	0	0
3095.2031	-0.01557	0	0
3095.3031	-0.01557	0	0
3095.4031	-0.01557	0	0
3095.5031	-0.01556	0	0
3095.6031	-0.01556	0	0
3095.7031	-0.01556	0	0
3095.8031	-0.01555	0	0
3095.9031	-0.01555	0	0
3096.0031	-0.01555	0	0
3096.1031	-0.01555	0	0
3096.2031	-0.01554	0	0
3096.3031	-0.01554	0	0
3096.4031	-0.01554	0	0
3096.5031	-0.01553	0	0
3096.6031	-0.01553	0	0
3096.7031	-0.01553	0	0
3096.8031	-0.01552	0	0
3096.9031	-0.01552	0	0
3097.0031	-0.01552	0	0
3097.1031	-0.01551	0	0
3097.2031	-0.01551	0	0
3097.3031	-0.01551	0	0
3097.4031	-0.0155	0	0
3097.5031	-0.0155	0	0
3097.6031	-0.0155	0	0
3097.7031	-0.0155	0	0
3097.8031	-0.01549	0	0
3097.9031	-0.01549	0	0
3098.0031	-0.01549	0	0
3098.1031	-0.01548	0	0
3098.2031	-0.01548	0	0
3098.3031	-0.01548	0	0
3098.4031	-0.01547	0	0
3098.5031	-0.01547	0	0
3098.6031	-0.01547	0	0
3098.7031	-0.01546	0	0
3098.8031	-0.01546	0	0
3098.9031	-0.01546	0	0
3099.0031	-0.01545	0	0
3099.1031	-0.01545	0	0
3099.2031	-0.01545	0	0
3099.3031	-0.01544	0	0
3099.4031	-0.01544	0	0
3099.5031	-0.01544	0	0
3099.6031	-0.01543	0	0
3099.7031	-0.01543	0	0
3099.8031	-0.01543	0	0
3099.9031	-0.01542	0	0
3100.0031	-0.01542	0	0
3100.1031	-0.01542	0	0
3100.2031	-0.01541	0	0
3100.3031	-0.01541	0	0
3100.4031	-0.01541	0	0
3100.5031	-0.0154	0	0
3100.6031	-0.0154	0	0
3100.7031	-0.0154	0	0
3100.8031	-0.01539	0	0
3100.9031	-0.01539	0	0
3101.0031	-0.01539	0	0
3101.1031	-0.01538	0	0
3101.2031	-0.01538	0	0
3101.3031	-0.01537	0	0
3101.4031	-0.01537	0	0
3101.5031	-0.01537	0	0
3101.6031	-0.01536	0	0
3101.7031	-0.01536	0	0
3101.8031	-0.01536	0	0
3101.9031	-0.01535	0	0
3102.0031	-0.01535	0	0
3102.1031	-0.01535	0	0
3102.2031	-0.01534	0	0
3102.3031	-0.01534	0	0
3102.4031	-0.01534	0	0
3102.5031	-0.01533	0	0
3102.6031	-0.01533	0	0
3102.7031	-0.01532	0	0
3102.8031	-0.01532	0	0
3102.9031	-0.01532	0	0
3103.0031	-0.01531	0	0
3103.1031	-0.01531	0	0
3103.2031	-0.01531	0	0
3103.3031	-0.0153	0	0
3103.4031	-0.0153	0	0
3103.5031	-0.0153	0	0
3103.6031	-0.01529	0	0
3103.7031	-0.01529	0	0
3103.8031	-0.01528	0	0
3103.9031	-0.01528	0	0
3104.0031	-0.01528	0	0
3104.1031	-0.01527	0	0
3104.2031	-0.01527	0	0
3104.3031	-0.01527	0	0
3104.4031	-0.01526	0	0
3104.5031	-0.01526	0	0
3104.6031	-0.01525	0	0
3104.7031	-0.01525	0	0
3104.8031	-0.01525	0	0
3104.9031	-0.01524	0	0
3105.00311	-0.01524	0	0
3105.10311	-0.01524	0	0
3105.20311	-0.01523	0	0
3105.30311	-0.01523	0	0
3105.40311	-0.01522	0	0
3105.50311	-0.01522	0	0
3105.60311	-0.01522	0	0
3105.70311	-0.01521	0	0
3105.80311	-0.01521	0	0
3105.90311	-0.0152	0	0
3106.00311	-0.0152	0	0
3106.10311	-0.0152	0	0
3106.20311	-0.01519	0	0
3106.30311	-0.01519	0	0
3106.40311	-0.01518	0	0
3106.50311	-0.01518	0	0
3106.60311	-0.01518	0	0
3106.70311	-0.01517	0	0
3106.80311	-0.01517	0	0
3106.90311	-0.01516	0	0
3107.00311	-0.01516	0	0
3107.10311	-0.01516	0	0
3107.20311	-0.01515	0	0
3107.30311	-0.01515	0	0
3107.40311	-0.01514	0	0
3107.50311	-0.01514	0	0
3107.60311	-0.01514	0	0
3107.70311	-0.01513	0	0
3107.80311	-0.01513	0	0
3107.90311	-0.01512	0	0
3108.00311	-0.01512	0	0
3108.10311	-0.01511	0	0
3108.20311	-0.01511	0	0
3108.30311	-0.01511	0	0
3108.40311	-0.0151	0	0
3108.50311	-0.0151	0	0
3108.60311	-0.01509	0	0
3108.70311	-0.01509	0	0
3108.80311	-0.01509	0	0
3108.90311	-0.01508	0	0
3109.00311	-0.01508	0	0
3109.10311	-0.01507	0	0
3109.20311	-0.01507	0	0
3109.30311	-0.01506	0	0
3109.40311	-0.01506	0	0
3109.50311	-0.01506	0	0
3109.60311	-0.01505	0	0
3109.70311	-0.01505	0	0
3109.80311	-0.01504	0	0
3109.90311	-0.01504	0	0
3110.00311	-0.01503	0	0
3110.10311	-0.01503	0	0
3110.20311	-0.01503	0	0
3110.30311	-0.01502	0	0
3110.40311	-0.01502	0	0
3110.50311	-0.01501	0	0
3110.60311	-0.01501	0	0
3110.70311	-0.015	0	0
3110.80311	-0.015	0	0
3110.90311	-0.01499	0	0
3111.00311	-0.01499	0	0
3111.10311	-0.01499	0	0
3111.20311	-0.01498	0	0
3111.30311	-0.01498	0	0
3111.40311	-0.01497	0	0
3111.50311	-0.01497	0	0
3111.60311	-0.01496	0	0
3111.70311	-0.01496	0	0
3111.80311	-0.01495	0	0
3111.90311	-0.01495	0	0
3112.00311	-0.01495	0	0
3112.10311	-0.01494	0	0
3112.20311	-0.01494	0	0
3112.30311	-0.01493	0	0
3112.40311	-0.01493	0	0
3112.50311	-0.01492	0	0
3112.60311	-0.01492	0	0
3112.70311	-0.01491	0	0
3112.80311	-0.01491	0	0
3112.90311	-0.0149	0	0
3113.00311	-0.0149	0	0
3113.10311	-0.01489	0	0
3113.20311	-0.01489	0	0
3113.30311	-0.01489	0	0
3113.40311	-0.01488	0	0
3113.50311	-0.01488	0	0
3113.60311	-0.01487	0	0
3113.70311	-0.01487	0	0
3113.80311	-0.01486	0	0
3113.90311	-0.01486	0	0
3114.00311	-0.01485	0	0
3114.10311	-0.01485	0	0
3114.20311	-0.01484	0	0
3114.30311	-0.01484	0	0
3114.40311	-0.01483	0	0
3114.50311	-0.01483	0	0
3114.60311	-0.01482	0	0
3114.70311	-0.01482	0	0
3114.80311	-0.01481	0	0
3114.90311	-0.01481	0	0
3115.00312	-0.0148	0	0
3115.10312	-0.0148	0	0
3115.20312	-0.01479	0	0
3115.30312	-0.01479	0	0
3115.40312	-0.01478	0	0
3115.50312	-0.01478	0	0
3115.60312	-0.01477	0	0
3115.70312	-0.01477	0	0
3115.80312	-0.01476	0	0
3115.90312	-0.01476	0	0
3116.00312	-0.01475	0	0
3116.10312	-0.01475	0	0
3116.20312	-0.01474	0	0
3116.30312	-0.01474	0	0
3116.40312	-0.01473	0	0
3116.50312	-0.01473	0	0
3116.60312	-0.01472	0	0
3116.70312	-0.01472	0	0
3116.80312	-0.01471	0	0
3116.90312	-0.01471	0	0
3117.00312	-0.0147	0	0
3117.10312	-0.0147	0	0
3117.20312	-0.01469	0	0
3117.30312	-0.01469	0	0
3117.40312	-0.01468	0	0
3117.50312	-0.01468	0	0
3117.60312	-0.01467	0	0
3117.70312	-0.01467	0	0
3117.80312	-0.01466	0	0
3117.90312	-0.01466	0	0
3118.00312	-0.01465	0	0
3118.10312	-0.01465	0	0
3118.20312	-0.01464	0	0
3118.30312	-0.01464	0	0
3118.40312	-0.01463	0	0
3118.50312	-0.01463	0	0
3118.60312	-0.01462	0	0
3118.70312	-0.01462	0	0
3118.80312	-0.01461	0	0
3118.90312	-0.01461	0	0
3119.00312	-0.0146	0	0
3119.10312	-0.01459	0	0
3119.20312	-0.01459	0	0
3119.30312	-0.01458	0	0
3119.40312	-0.01458	0	0
3119.50312	-0.01457	0	0
3119.60312	-0.01457	0	0
3119.70312	-0.01456	0	0
3119.80312	-0.01456	0	0
3119.90312	-0.01455	0	0
3120.00312	-0.01455	0	0
3120.10312	-0.01454	0	0
3120.20312	-0.01454	0	0
3120.30312	-0.01453	0	0
3120.40312	-0.01452	0	0
3120.50312	-0.01452	0	0
3120.60312	-0.01451	0	0
3120.70312	-0.01451	0	0
3120.80312	-0.0145	0	0
3120.90312	-0.0145	0	0
3121.00312	-0.01449	0	0
3121.10312	-0.01449	0	0
3121.20312	-0.01448	0	0
3121.30312	-0.01447	0	0
3121.40312	-0.01447	0	0
3121.50312	-0.01446	0	0
3121.60312	-0.01446	0	0
3121.70312	-0.01445	0	0
3121.80312	-0.01445	0	0
3121.90312	-0.01444	0	0
3122.00312	-0.01444	0	0
3122.10312	-0.01443	0	0
3122.20312	-0.01442	0	0
3122.30312	-0.01442	0	0
3122.40312	-0.01441	0	0
3122.50312	-0.01441	0	0
3122.60312	-0.0144	0	0
3122.70312	-0.0144	0	0
3122.80312	-0.01439	0	0
3122.90312	-0.01438	0	0
3123.00312	-0.01438	0	0
3123.10312	-0.01437	0	0
3123.20312	-0.01437	0	0
3123.30312	-0.01436	0	0
3123.40312	-0.01435	0	0
3123.50312	-0.01435	0	0
3123.60312	-0.01434	0	0
3123.70312	-0.01434	0	0
3123.80312	-0.01433	0	0
3123.90312	-0.01433	0	0
3124.00312	-0.01432	0	0
3124.10312	-0.01431	0	0
3124.20312	-0.01431	0	0
3124.30312	-0.0143	0	0
3124.40312	-0.0143	0	0
3124.50312	-0.01429	0	0
3124.60312	-0.01428	0	0
3124.70312	-0.01428	0	0
3124.80312	-0.01427	0	0
3124.90312	-0.01427	0	0
3125.00313	-0.01426	0	0
3125.10313	-0.01425	0	0
3125.20313	-0.01425	0	0
3125.30313	-0.01424	0	0
3125.40313	-0.01424	0	0
3125.50313	-0.01423	0	0
3125.60313	-0.01422	0	0
3125.70313	-0.01422	0	0
3125.80313	-0.01421	0	0
3125.90313	-0.01421	0	0
3126.00313	-0.0142	0	0
3126.10313	-0.01419	0	0
3126.20313	-0.01419	0	0
3126.30313	-0.01418	0	0
3126.40313	-0.01418	0	0
3126.50313	-0.01417	0	0
3126.60313	-0.01416	0	0
3126.70313	-0.01416	0	0
3126.80313	-0.01415	0	0
3126.90313	-0.01414	0	0
3127.00313	-0.01414	0	0
3127.10313	-0.01413	0	0
3127.20313	-0.01413	0	0
3127.30313	-0.01412	0	0
3127.40313	-0.01411	0	0
3127.50313	-0.01411	0	0
3127.60313	-0.0141	0	0
3127.70313	-0.01409	0	0
3127.80313	-0.01409	0	0
3127.90313	-0.01408	0	0
3128.00313	-0.01408	0	0
3128.10313	-0.01407	0	0
3128.20313	-0.01406	0	0
3128.30313	-0.01406	0	0
3128.40313	-0.01405	0	0
3128.50313	-0.01404	0	0
3128.60313	-0.01404	0	0
3128.70313	-0.01403	0	0
3128.80313	-0.01402	0	0
3128.90313	-0.01402	0	0
3129.00313	-0.01401	0	0
3129.10313	-0.014	0	0
3129.20313	-0.014	0	0
3129.30313	-0.01399	0	0
3129.40313	-0.01399	0	0
3129.50313	-0.01398	0	0
3129.60313	-0.01397	0	0
3129.70313	-0.01397	0	0
3129.80313	-0.01396	0	0
3129.90313	-0.01395	0	0
3130.00313	-0.01395	0	0
3130.10313	-0.01394	0	0
3130.20313	-0.01393	0	0
3130.30313	-0.01393	0	0
3130.40313	-0.01392	0	0
3130.50313	-0.01391	0	0
3130.60313	-0.01391	0	0
3130.70313	-0.0139	0	0
3130.80313	-0.01389	0	0
3130.90313	-0.01389	0	0
3131.00313	-0.01388	0	0
3131.10313	-0.01387	0	0
3131.20313	-0.01387	0	0
3131.30313	-0.01386	0	0
3131.40313	-0.01385	0	0
3131.50313	-0.01385	0	0
3131.60313	-0.01384	0	0
3131.70313	-0.01383	0	0
3131.80313	-0.01383	0	0
3131.90313	-0.01382	0	0
3132.00313	-0.01381	0	0
3132.10313	-0.01381	0	0
3132.20313	-0.0138	0	0
3132.30313	-0.01379	0	0
3132.40313	-0.01378	0	0
3132.50313	-0.01378	0	0
3132.60313	-0.01377	0	0
3132.70313	-0.01376	0	0
3132.80313	-0.01376	0	0
3132.90313	-0.01375	0	0
3133.00313	-0.01374	0	0
3133.10313	-0.01374	0	0
3133.20313	-0.01373	0	0
3133.30313	-0.01372	0	0
3133.40313	-0.01372	0	0
3133.50313	-0.01371	0	0
3133.60313	-0.0137	0	0
3133.70313	-0.0137	0	0
3133.80313	-0.01369	0	0
3133.90313	-0.01368	0	0
3134.00313	-0.01367	0	0
3134.10313	-0.01367	0	0
3134.20313	-0.01366	0	0
3134.30313	-0.01365	0	0
3134.40313	-0.01365	0	0
3134.50313	-0.01364	0	0
3134.60313	-0.01363	0	0
3134.70313	-0.01362	0	0
3134.80313	-0.01362	0	0
3134.90313	-0.01361	0	0
3135.00314	-0.0136	0	0
3135.10314	-0.0136	0	0
3135.20314	-0.01359	0	0
3135.30314	-0.01358	0	0
3135.40314	-0.01357	0	0
3135.50314	-0.01357	0	0
3135.60314	-0.01356	0	0
3135.70314	-0.01355	0	0
3135.80314	-0.01355	0	0
3135.90314	-0.01354	0	0
3136.00314	-0.01353	0	0
3136.10314	-0.01352	0	0
3136.20314	-0.01352	0	0
3136.30314	-0.01351	0	0
3136.40314	-0.0135	0	0
3136.50314	-0.01349	0	0
3136.60314	-0.01349	0	0
3136.70314	-0.01348	0	0
3136.80314	-0.01347	0	0
3136.90314	-0.01347	0	0
3137.00314	-0.01346	0	0
3137.10314	-0.01345	0	0
3137.20314	-0.01344	0	0
3137.30314	-0.01344	0	0
3137.40314	-0.01343	0	0
3137.50314	-0.01342	0	0
3137.60314	-0.01341	0	0
3137.70314	-0.01341	0	0
3137.80314	-0.0134	0	0
3137.90314	-0.01339	0	0
3138.00314	-0.01338	0	0
3138.10314	-0.01338	0	0
3138.20314	-0.01337	0	0
3138.30314	-0.01336	0	0
3138.40314	-0.01335	0	0
3138.50314	-0.01335	0	0
3138.60314	-0.01334	0	0
3138.70314	-0.01333	0	0
3138.80314	-0.01332	0	0
3138.90314	-0.01332	0	0
3139.00314	-0.01331	0	0
3139.10314	-0.0133	0	0
3139.20314	-0.01329	0	0
3139.30314	-0.01329	0	0
3139.40314	-0.01328	0	0
3139.50314	-0.01327	0	0
3139.60314	-0.01326	0	0
3139.70314	-0.01326	0	0
3139.80314	-0.01325	0	0
3139.90314	-0.01324	0	0
3140.00314	-0.01323	0	0
3140.10314	-0.01322	0	0
3140.20314	-0.01322	0	0
3140.30314	-0.01321	0	0
3140.40314	-0.0132	0	0
3140.50314	-0.01319	0	0
3140.60314	-0.01319	0	0
3140.70314	-0.01318	0	0
3140.80314	-0.01317	0	0
3140.90314	-0.01316	0	0
3141.00314	-0.01315	0	0
3141.10314	-0.01315	0	0
3141.20314	-0.01314	0	0
3141.30314	-0.01313	0	0
3141.40314	-0.01312	0	0
3141.50314	-0.01312	0	0
3141.60314	-0.01311	0	0
3141.70314	-0.0131	0	0
3141.80314	-0.01309	0	0
3141.90314	-0.01308	0	0
3142.00314	-0.01308	0	0
3142.10314	-0.01307	0	0
3142.20314	-0.01306	0	0
3142.30314	-0.01305	0	0
3142.40314	-0.01304	0	0
3142.50314	-0.01304	0	0
3142.60314	-0.01303	0	0
3142.70314	-0.01302	0	0
3142.80314	-0.01301	0	0
3142.90314	-0.013	0	0
3143.00314	-0.013	0	0
3143.10314	-0.01299	0	0
3143.20314	-0.01298	0	0
3143.30314	-0.01297	0	0
3143.40314	-0.01296	0	0
3143.50314	-0.01296	0	0
3143.60314	-0.01295	0	0
3143.70314	-0.01294	0	0
3143.80314	-0.01293	0	0
3143.90314	-0.01292	0	0
3144.00314	-0.01292	0	0
3144.10314	-0.01291	0	0
3144.20314	-0.0129	0	0
3144.30314	-0.01289	0	0
3144.40314	-0.01288	0	0
3144.50314	-0.01288	0	0
3144.60314	-0.01287	0	0
3144.70314	-0.01286	0	0
3144.80314	-0.01285	0	0
3144.90314	-0.01284	0	0
3145.00315	-0.01283	0	0
3145.10315	-0.01283	0	0
3145.20315	-0.01282	0	0
3145.30315	-0.01281	0	0
3145.40315	-0.0128	0	0
3145.50315	-0.01279	0	0
3145.60315	-0.01279	0	0
3145.70315	-0.01278	0	0
3145.80315	-0.01277	0	0
3145.90315	-0.01276	0	0
3146.00315	-0.01275	0	0
3146.10315	-0.01274	0	0
3146.20315	-0.01274	0	0
3146.30315	-0.01273	0	0
3146.40315	-0.01272	0	0
3146.50315	-0.01271	0	0
3146.60315	-0.0127	0	0
3146.70315	-0.01269	0	0
3146.80315	-0.01269	0	0
3146.90315	-0.01268	0	0
3147.00315	-0.01267	0	0
3147.10315	-0.01266	0	0
3147.20315	-0.01265	0	0
3147.30315	-0.01264	0	0
3147.40315	-0.01263	0	0
3147.50315	-0.01263	0	0
3147.60315	-0.01262	0	0
3147.70315	-0.01261	0	0
3147.80315	-0.0126	0	0
3147.90315	-0.01259	0	0
3148.00315	-0.01258	0	0
3148.10315	-0.01258	0	0
3148.20315	-0.01257	0	0
3148.30315	-0.01256	0	0
3148.40315	-0.01255	0	0
3148.50315	-0.01254	0	0
3148.60315	-0.01253	0	0
3148.70315	-0.01252	0	0
3148.80315	-0.01252	0	0
3148.90315	-0.01251	0	0
3149.00315	-0.0125	0	0
3149.10315	-0.01249	0	0
3149.20315	-0.01248	0	0
3149.30315	-0.01247	0	0
3149.40315	-0.01246	0	0
3149.50315	-0.01245	0	0
3149.60315	-0.01245	0	0
3149.70315	-0.01244	0	0
3149.80315	-0.01243	0	0
3149.90315	-0.01242	0	0
3150.00315	-0.01241	0	0
3150.10315	-0.0124	0	0
3150.20315	-0.01239	0	0
3150.30315	-0.01239	0	0
3150.40315	-0.01238	0	0
3150.50315	-0.01237	0	0
3150.60315	-0.01236	0	0
3150.70315	-0.01235	0	0
3150.80315	-0.01234	0	0
3150.90315	-0.01233	0	0
3151.00315	-0.01232	0	0
3151.10315	-0.01232	0	0
3151.20315	-0.01231	0	0
3151.30315	-0.0123	0	0
3151.40315	-0.01229	0	0
3151.50315	-0.01228	0	0
3151.60315	-0.01227	0	0
3151.70315	-0.01226	0	0
3151.80315	-0.01225	0	0
3151.90315	-0.01224	0	0
3152.00315	-0.01224	0	0
3152.10315	-0.01223	0	0
3152.20315	-0.01222	0	0
3152.30315	-0.01221	0	0
3152.40315	-0.0122	0	0
3152.50315	-0.01219	0	0
3152.60315	-0.01218	0	0
3152.70315	-0.01217	0	0
3152.80315	-0.01216	0	0
3152.90315	-0.01216	0	0
3153.00315	-0.01215	0	0
3153.10315	-0.01214	0	0
3153.20315	-0.01213	0	0
3153.30315	-0.01212	0	0
3153.40315	-0.01211	0	0
3153.50315	-0.0121	0	0
3153.60315	-0.01209	0	0
3153.70315	-0.01208	0	0
3153.80315	-0.01207	0	0
3153.90315	-0.01207	0	0
3154.00315	-0.01206	0	0
3154.10315	-0.01205	0	0
3154.20315	-0.01204	0	0
3154.30315	-0.01203	0	0
3154.40315	-0.01202	0	0
3154.50315	-0.01201	0	0
3154.60315	-0.012	0	0
3154.70315	-0.01199	0	0
3154.80315	-0.01198	0	0
3154.90315	-0.01197	0	0
3155.00316	-0.01196	0	0
3155.10316	-0.01196	0	0
3155.20316	-0.01195	0	0
3155.30316	-0.01194	0	0
3155.40316	-0.01193	0	0
3155.50316	-0.01192	0	0
3155.60316	-0.01191	0	0
3155.70316	-0.0119	0	0
3155.80316	-0.01189	0	0
3155.90316	-0.01188	0	0
3156.00316	-0.01187	0	0
3156.10316	-0.01186	0	0
3156.20316	-0.01185	0	0
3156.30316	-0.01185	0	0
3156.40316	-0.01184	0	0
3156.50316	-0.01183	0	0
3156.60316	-0.01182	0	0
3156.70316	-0.01181	0	0
3156.80316	-0.0118	0	0
3156.90316	-0.01179	0	0
3157.00316	-0.01178	0	0
3157.10316	-0.01177	0	0
3157.20316	-0.01176	0	0
3157.30316	-0.01175	0	0
3157.40316	-0.01174	0	0
3157.50316	-0.01173	0	0
3157.60316	-0.01172	0	0
3157.70316	-0.01171	0	0
3157.80316	-0.01171	0	0
3157.90316	-0.0117	0	0
3158.00316	-0.01169	0	0
3158.10316	-0.01168	0	0
3158.20316	-0.01167	0	0
3158.30316	-0.01166	0	0
3158.40316	-0.01165	0	0
3158.50316	-0.01164	0	0
3158.60316	-0.01163	0	0
3158.70316	-0.01162	0	0
3158.80316	-0.01161	0	0
3158.90316	-0.0116	0	0
3159.00316	-0.01159	0	0
3159.10316	-0.01158	0	0
3159.20316	-0.01157	0	0
3159.30316	-0.01156	0	0
3159.40316	-0.01155	0	0
3159.50316	-0.01154	0	0
3159.60316	-0.01154	0	0
3159.70316	-0.01153	0	0
3159.80316	-0.01152	0	0
3159.90316	-0.01151	0	0
3160.00316	-0.0115	0	0
3160.10316	-0.01149	0	0
3160.20316	-0.01148	0	0
3160.30316	-0.01147	0	0
3160.40316	-0.01146	0	0
3160.50316	-0.01145	0	0
3160.60316	-0.01144	0	0
3160.70316	-0.01143	0	0
3160.80316	-0.01142	0	0
3160.90316	-0.01141	0	0
3161.00316	-0.0114	0	0
3161.10316	-0.01139	0	0
3161.20316	-0.01138	0	0
3161.30316	-0.01137	0	0
3161.40316	-0.01136	0	0
3161.50316	-0.01135	0	0
3161.60316	-0.01134	0	0
3161.70316	-0.01133	0	0
3161.80316	-0.01132	0	0
3161.90316	-0.01131	0	0
3162.00316	-0.0113	0	0
3162.10316	-0.0113	0	0
3162.20316	-0.01129	0	0
3162.30316	-0.01128	0	0
3162.40316	-0.01127	0	0
3162.50316	-0.01126	0	0
3162.60316	-0.01125	0	0
3162.70316	-0.01124	0	0
3162.80316	-0.01123	0	0
3162.90316	-0.01122	0	0
3163.00316	-0.01121	0	0
3163.10316	-0.0112	0	0
3163.20316	-0.01119	0	0
3163.30316	-0.01118	0	0
3163.40316	-0.01117	0	0
3163.50316	-0.01116	0	0
3163.60316	-0.01115	0	0
3163.70316	-0.01114	0	0
3163.80316	-0.01113	0	0
3163.90316	-0.01112	0	0
3164.00316	-0.01111	0	0
3164.10316	-0.0111	0	0
3164.20316	-0.01109	0	0
3164.30316	-0.01108	0	0
3164.40316	-0.01107	0	0
3164.50316	-0.01106	0	0
3164.60316	-0.01105	0	0
3164.70316	-0.01104	0	0
3164.80316	-0.01103	0	0
3164.90316	-0.01102	0	0
3165.00317	-0.01101	0	0
3165.10317	-0.011	0	0
3165.20317	-0.01099	0	0
3165.30317	-0.01098	0	0
3165.40317	-0.01097	0	0
3165.50317	-0.01096	0	0
3165.60317	-0.01095	0	0
3165.70317	-0.01094	0	0
3165.80317	-0.01093	0	0
3165.90317	-0.01092	0	0
3166.00317	-0.01091	0	0
3166.10317	-0.0109	0	0
3166.20317	-0.01089	0	0
3166.30317	-0.01088	0	0
3166.40317	-0.01087	0	0
3166.50317	-0.01086	0	0
3166.60317	-0.01085	0	0
3166.70317	-0.01084	0	0
3166.80317	-0.01083	0	0
3166.90317	-0.01082	0	0
3167.00317	-0.01081	0	0
3167.10317	-0.0108	0	0
3167.20317	-0.01079	0	0
3167.30317	-0.01078	0	0
3167.40317	-0.01077	0	0
3167.50317	-0.01076	0	0
3167.60317	-0.01075	0	0
3167.70317	-0.01074	0	0
3167.80317	-0.01073	0	0
3167.90317	-0.01072	0	0
3168.00317	-0.01071	0	0
3168.10317	-0.0107	0	0
3168.20317	-0.01069	0	0
3168.30317	-0.01068	0	0
3168.40317	-0.01067	0	0
3168.50317	-0.01066	0	0
3168.60317	-0.01065	0	0
3168.70317	-0.01064	0	0
3168.80317	-0.01063	0	0
3168.90317	-0.01062	0	0
3169.00317	-0.01061	0	0
3169.10317	-0.0106	0	0
3169.20317	-0.01059	0	0
3169.30317	-0.01058	0	0
3169.40317	-0.01057	0	0
3169.50317	-0.01056	0	0
3169.60317	-0.01055	0	0
3169.70317	-0.01054	0	0
3169.80317	-0.01053	0	0
3169.90317	-0.01052	0	0
3170.00317	-0.01051	0	0
3170.10317	-0.0105	0	0
3170.20317	-0.01049	0	0
3170.30317	-0.01048	0	0
3170.40317	-0.01047	0	0
3170.50317	-0.01046	0	0
3170.60317	-0.01045	0	0
3170.70317	-0.01044	0	0
3170.80317	-0.01043	0	0
3170.90317	-0.01042	0	0
3171.00317	-0.01041	0	0
3171.10317	-0.0104	0	0
3171.20317	-0.01039	0	0
3171.30317	-0.01038	0	0
3171.40317	-0.01037	0	0
3171.50317	-0.01036	0	0
3171.60317	-0.01035	0	0
3171.70317	-0.01034	0	0
3171.80317	-0.01033	0	0
3171.90317	-0.01032	0	0
3172.00317	-0.01031	0	0
3172.10317	-0.0103	0	0
3172.20317	-0.01029	0	0
3172.30317	-0.01027	0	0
3172.40317	-0.01026	0	0
3172.50317	-0.01025	0	0
3172.60317	-0.01024	0	0
3172.70317	-0.01023	0	0
3172.80317	-0.01022	0	0
3172.90317	-0.01021	0	0
3173.00317	-0.0102	0	0
3173.10317	-0.01019	0	0
3173.20317	-0.01018	0	0
3173.30317	-0.01017	0	0
3173.40317	-0.01016	0	0
3173.50317	-0.01015	0	0
3173.60317	-0.01014	0	0
3173.70317	-0.01013	0	0
3173.80317	-0.01012	0	0
3173.90317	-0.01011	0	0
3174.00317	-0.0101	0	0
3174.10317	-0.01009	0	0
3174.20317	-0.01008	0	0
3174.30317	-0.01007	0	0
3174.40317	-0.01006	0	0
3174.50317	-0.01005	0	0
3174.60317	-0.01004	0	0
3174.70317	-0.01003	0	0
3174.80317	-0.01002	0	0
3174.90317	-0.01001	0	0
3175.00318	-0.01	0	0
3175.10318	-0.00999	0	0
3175.20318	-0.00998	0	0
3175.30318	-0.00997	0	0
3175.40318	-0.00995	0	0
3175.50318	-0.00994	0	0
3175.60318	-0.00993	0	0
3175.70318	-0.00992	0	0
3175.80318	-0.00991	0	0
3175.90318	-0.0099	0	0
3176.00318	-0.00989	0	0
3176.10318	-0.00988	0	0
3176.20318	-0.00987	0	0
3176.30318	-0.00986	0	0
3176.40318	-0.00985	0	0
3176.50318	-0.00984	0	0
3176.60318	-0.00983	0	0
3176.70318	-0.00982	0	0
3176.80318	-0.00981	0	0
3176.90318	-0.0098	0	0
3177.00318	-0.00979	0	0
3177.10318	-0.00978	0	0
3177.20318	-0.00977	0	0
3177.30318	-0.00976	0	0
3177.40318	-0.00975	0	0
3177.50318	-0.00974	0	0
3177.60318	-0.00973	0	0
3177.70318	-0.00972	0	0
3177.80318	-0.0097	0	0
3177.90318	-0.00969	0	0
3178.00318	-0.00968	0	0
3178.10318	-0.00967	0	0
3178.20318	-0.00966	0	0
3178.30318	-0.00965	0	0
3178.40318	-0.00964	0	0
3178.50318	-0.00963	0	0
3178.60318	-0.00962	0	0
3178.70318	-0.00961	0	0
3178.80318	-0.0096	0	0
3178.90318	-0.00959	0	0
3179.00318	-0.00958	0	0
3179.10318	-0.00957	0	0
3179.20318	-0.00956	0	0
3179.30318	-0.00955	0	0
3179.40318	-0.00954	0	0
3179.50318	-0.00953	0	0
3179.60318	-0.00952	0	0
3179.70318	-0.00951	0	0
3179.80318	-0.0095	0	0
3179.90318	-0.00948	0	0
3180.00318	-0.00947	0	0
3180.10318	-0.00946	0	0
3180.20318	-0.00945	0	0
3180.30318	-0.00944	0	0
3180.40318	-0.00943	0	0
3180.50318	-0.00942	0	0
3180.60318	-0.00941	0	0
3180.70318	-0.0094	0	0
3180.80318	-0.00939	0	0
3180.90318	-0.00938	0	0
3181.00318	-0.00937	0	0
3181.10318	-0.00936	0	0
3181.20318	-0.00935	0	0
3181.30318	-0.00934	0	0
3181.40318	-0.00933	0	0
3181.50318	-0.00932	0	0
3181.60318	-0.00931	0	0
3181.70318	-0.0093	0	0
3181.80318	-0.00929	0	0
3181.90318	-0.00927	0	0
3182.00318	-0.00926	0	0
3182.10318	-0.00925	0	0
3182.20318	-0.00924	0	0
3182.30318	-0.00923	0	0
3182.40318	-0.00922	0	0
3182.50318	-0.00921	0	0
3182.60318	-0.0092	0	0
3182.70318	-0.00919	0	0
3182.80318	-0.00918	0	0
3182.90318	-0.00917	0	0
3183.00318	-0.00916	0	0
3183.10318	-0.00915	0	0
3183.20318	-0.00914	0	0
3183.30318	-0.00913	0	0
3183.40318	-0.00912	0	0
3183.50318	-0.00911	0	0
3183.60318	-0.0091	0	0
3183.70318	-0.00909	0	0
3183.80318	-0.00907	0	0
3183.90318	-0.00906	0	0
3184.00318	-0.00905	0	0
3184.10318	-0.00904	0	0
3184.20318	-0.00903	0	0
3184.30318	-0.00902	0	0
3184.40318	-0.00901	0	0
3184.50318	-0.009	0	0
3184.60318	-0.00899	0	0
3184.70318	-0.00898	0	0
3184.80318	-0.00897	0	0
3184.90318	-0.00896	0	0
3185.00319	-0.00895	0	0
3185.10319	-0.00894	0	0
3185.20319	-0.00893	0	0
3185.30319	-0.00892	0	0
3185.40319	-0.00891	0	0
3185.50319	-0.0089	0	0
3185.60319	-0.00888	0	0
3185.70319	-0.00887	0	0
3185.80319	-0.00886	0	0
3185.90319	-0.00885	0	0
3186.00319	-0.00884	0	0
3186.10319	-0.00883	0	0
3186.20319	-0.00882	0	0
3186.30319	-0.00881	0	0
3186.40319	-0.0088	0	0
3186.50319	-0.00879	0	0
3186.60319	-0.00878	0	0
3186.70319	-0.00877	0	0
3186.80319	-0.00876	0	0
3186.90319	-0.00875	0	0
3187.00319	-0.00874	0	0
3187.10319	-0.00873	0	0
3187.20319	-0.00872	0	0
3187.30319	-0.00871	0	0
3187.40319	-0.00869	0	0
3187.50319	-0.00868	0	0
3187.60319	-0.00867	0	0
3187.70319	-0.00866	0	0
3187.80319	-0.00865	0	0
3187.90319	-0.00864	0	0
3188.00319	-0.00863	0	0
3188.10319	-0.00862	0	0
3188.20319	-0.00861	0	0
3188.30319	-0.0086	0	0
3188.40319	-0.00859	0	0
3188.50319	-0.00858	0	0
3188.60319	-0.00857	0	0
3188.70319	-0.00856	0	0
3188.80319	-0.00855	0	0
3188.90319	-0.00854	0	0
3189.00319	-0.00853	0	0
3189.10319	-0.00852	0	0
3189.20319	-0.00851	0	0
3189.30319	-0.00849	0	0
3189.40319	-0.00848	0	0
3189.50319	-0.00847	0	0
3189.60319	-0.00846	0	0
3189.70319	-0.00845	0	0
3189.80319	-0.00844	0	0
3189.90319	-0.00843	0	0
3190.00319	-0.00842	0	0
3190.10319	-0.00841	0	0
3190.20319	-0.0084	0	0
3190.30319	-0.00839	0	0
3190.40319	-0.00838	0	0
3190.50319	-0.00837	0	0
3190.60319	-0.00836	0	0
3190.70319	-0.00835	0	0
3190.80319	-0.00834	0	0
3190.90319	-0.00833	0	0
3191.00319	-0.00832	0	0
3191.10319	-0.00831	0	0
3191.20319	-0.00829	0	0
3191.30319	-0.00828	0	0
3191.40319	-0.00827	0	0
3191.50319	-0.00826	0	0
3191.60319	-0.00825	0	0
3191.70319	-0.00824	0	0
3191.80319	-0.00823	0	0
3191.90319	-0.00822	0	0
3192.00319	-0.00821	0	0
3192.10319	-0.0082	0	0
3192.20319	-0.00819	0	0
3192.30319	-0.00818	0	0
3192.40319	-0.00817	0	0
3192.50319	-0.00816	0	0
3192.60319	-0.00815	0	0
3192.70319	-0.00814	0	0
3192.80319	-0.00813	0	0
3192.90319	-0.00812	0	0
3193.00319	-0.00811	0	0
3193.10319	-0.0081	0	0
3193.20319	-0.00809	0	0
3193.30319	-0.00807	0	0
3193.40319	-0.00806	0	0
3193.50319	-0.00805	0	0
3193.60319	-0.00804	0	0
3193.70319	-0.00803	0	0
3193.80319	-0.00802	0	0
3193.90319	-0.00801	0	0
3194.00319	-0.008	0	0
3194.10319	-0.00799	0	0
3194.20319	-0.00798	0	0
3194.30319	-0.00797	0	0
3194.40319	-0.00796	0	0
3194.50319	-0.00795	0	0
3194.60319	-0.00794	0	0
3194.70319	-0.00793	0	0
3194.80319	-0.00792	0	0
3194.90319	-0.00791	0	0
3195.0032	-0.0079	0	0
3195.1032	-0.00789	0	0
3195.2032	-0.00788	0	0
3195.3032	-0.00787	0	0
3195.4032	-0.00786	0	0
3195.5032	-0.00785	0	0
3195.6032	-0.00784	0	0
3195.7032	-0.00782	0	0
3195.8032	-0.00781	0	0
3195.9032	-0.0078	0	0
3196.0032	-0.00779	0	0
3196.1032	-0.00778	0	0
3196.2032	-0.00777	0	0
3196.3032	-0.00776	0	0
3196.4032	-0.00775	0	0
3196.5032	-0.00774	0	0
3196.6032	-0.00773	0	0
3196.7032	-0.00772	0	0
3196.8032	-0.00771	0	0
3196.9032	-0.0077	0	0
3197.0032	-0.00769	0	0
3197.1032	-0.00768	0	0
3197.2032	-0.00767	0	0
3197.3032	-0.00766	0	0
3197.4032	-0.00765	0	0
3197.5032	-0.00764	0	0
3197.6032	-0.00763	0	0
3197.7032	-0.00762	0	0
3197.8032	-0.00761	0	0
3197.9032	-0.0076	0	0
3198.0032	-0.00759	0	0
3198.1032	-0.00758	0	0
3198.2032	-0.00757	0	0
3198.3032	-0.00756	0	0
3198.4032	-0.00755	0	0
3198.5032	-0.00754	0	0
3198.6032	-0.00753	0	0
3198.7032	-0.00751	0	0
3198.8032	-0.0075	0	0
3198.9032	-0.00749	0	0
3199.0032	-0.00748	0	0
3199.1032	-0.00747	0	0
3199.2032	-0.00746	0	0
3199.3032	-0.00745	0	0
3199.4032	-0.00744	0	0
3199.5032	-0.00743	0	0
3199.6032	-0.00742	0	0
3199.7032	-0.00741	0	0
3199.8032	-0.0074	0	0
3199.9032	-0.00739	0	0
3200.0032	-0.00738	0	0
3200.1032	-0.00737	0	0
3200.2032	-0.00736	0	0
3200.3032	-0.00735	0	0
3200.4032	-0.00734	0	0
3200.5032	-0.00733	0	0
3200.6032	-0.00732	0	0
3200.7032	-0.00731	0	0
3200.8032	-0.0073	0	0
3200.9032	-0.00729	0	0
3201.0032	-0.00728	0	0
3201.1032	-0.00727	0	0
3201.2032	-0.00726	0	0
3201.3032	-0.00725	0	0
3201.4032	-0.00724	0	0
3201.5032	-0.00723	0	0
3201.6032	-0.00722	0	0
3201.7032	-0.00721	0	0
3201.8032	-0.0072	0	0
3201.9032	-0.00719	0	0
3202.0032	-0.00718	0	0
3202.1032	-0.00717	0	0
3202.2032	-0.00716	0	0
3202.3032	-0.00715	0	0
3202.4032	-0.00714	0	0
3202.5032	-0.00713	0	0
3202.6032	-0.00712	0	0
3202.7032	-0.00711	0	0
3202.8032	-0.0071	0	0
3202.9032	-0.00709	0	0
3203.0032	-0.00708	0	0
3203.1032	-0.00707	0	0
3203.2032	-0.00706	0	0
3203.3032	-0.00705	0	0
3203.4032	-0.00704	0	0
3203.5032	-0.00703	0	0
3203.6032	-0.00702	0	0
3203.7032	-0.00701	0	0
3203.8032	-0.007	0	0
3203.9032	-0.00699	0	0
3204.0032	-0.00698	0	0
3204.1032	-0.00697	0	0
3204.2032	-0.00696	0	0
3204.3032	-0.00695	0	0
3204.4032	-0.00694	0	0
3204.5032	-0.00693	0	0
3204.6032	-0.00692	0	0
3204.7032	-0.00691	0	0
3204.8032	-0.0069	0	0
3204.9032	-0.00689	0	0
3205.00321	-0.00688	0	0
3205.10321	-0.00687	0	0
3205.20321	-0.00686	0	0
3205.30321	-0.00685	0	0
3205.40321	-0.00684	0	0
3205.50321	-0.00683	0	0
3205.60321	-0.00682	0	0
3205.70321	-0.00681	0	0
3205.80321	-0.0068	0	0
3205.90321	-0.00679	0	0
3206.00321	-0.00678	0	0
3206.10321	-0.00677	0	0
3206.20321	-0.00676	0	0
3206.30321	-0.00675	0	0
3206.40321	-0.00674	0	0
3206.50321	-0.00673	0	0
3206.60321	-0.00672	0	0
3206.70321	-0.00671	0	0
3206.80321	-0.0067	0	0
3206.90321	-0.00669	0	0
3207.00321	-0.00668	0	0
3207.10321	-0.00667	0	0
3207.20321	-0.00666	0	0
3207.30321	-0.00665	0	0
3207.40321	-0.00664	0	0
3207.50321	-0.00663	0	0
3207.60321	-0.00662	0	0
3207.70321	-0.00661	0	0
3207.80321	-0.0066	0	0
3207.90321	-0.00659	0	0
3208.00321	-0.00658	0	0
3208.10321	-0.00657	0	0
3208.20321	-0.00656	0	0
3208.30321	-0.00655	0	0
3208.40321	-0.00654	0	0
3208.50321	-0.00653	0	0
3208.60321	-0.00652	0	0
3208.70321	-0.00651	0	0
3208.80321	-0.0065	0	0
3208.90321	-0.00649	0	0
3209.00321	-0.00648	0	0
3209.10321	-0.00647	0	0
3209.20321	-0.00647	0	0
3209.30321	-0.00646	0	0
3209.40321	-0.00645	0	0
3209.50321	-0.00644	0	0
3209.60321	-0.00643	0	0
3209.70321	-0.00642	0	0
3209.80321	-0.00641	0	0
3209.90321	-0.0064	0	0
3210.00321	-0.00639	0	0
3210.10321	-0.00638	0	0
3210.20321	-0.00637	0	0
3210.30321	-0.00636	0	0
3210.40321	-0.00635	0	0
3210.50321	-0.00634	0	0
3210.60321	-0.00633	0	0
3210.70321	-0.00632	0	0
3210.80321	-0.00631	0	0
3210.90321	-0.0063	0	0
3211.00321	-0.00629	0	0
3211.10321	-0.00628	0	0
3211.20321	-0.00627	0	0
3211.30321	-0.00626	0	0
3211.40321	-0.00625	0	0
3211.50321	-0.00624	0	0
3211.60321	-0.00624	0	0
3211.70321	-0.00623	0	0
3211.80321	-0.00622	0	0
3211.90321	-0.00621	0	0
3212.00321	-0.0062	0	0
3212.10321	-0.00619	0	0
3212.20321	-0.00618	0	0
3212.30321	-0.00617	0	0
3212.40321	-0.00616	0	0
3212.50321	-0.00615	0	0
3212.60321	-0.00614	0	0
3212.70321	-0.00613	0	0
3212.80321	-0.00612	0	0
3212.90321	-0.00611	0	0
3213.00321	-0.0061	0	0
3213.10321	-0.00609	0	0
3213.20321	-0.00608	0	0
3213.30321	-0.00608	0	0
3213.40321	-0.00607	0	0
3213.50321	-0.00606	0	0
3213.60321	-0.00605	0	0
3213.70321	-0.00604	0	0
3213.80321	-0.00603	0	0
3213.90321	-0.00602	0	0
3214.00321	-0.00601	0	0
3214.10321	-0.006	0	0
3214.20321	-0.00599	0	0
3214.30321	-0.00598	0	0
3214.40321	-0.00597	0	0
3214.50321	-0.00596	0	0
3214.60321	-0.00595	0	0
3214.70321	-0.00595	0	0
3214.80321	-0.00594	0	0
3214.90321	-0.00593	0	0
3215.00322	-0.00592	0	0
3215.10322	-0.00591	0	0
3215.20322	-0.0059	0	0
3215.30322	-0.00589	0	0
3215.40322	-0.00588	0	0
3215.50322	-0.00587	0	0
3215.60322	-0.00586	0	0
3215.70322	-0.00585	0	0
3215.80322	-0.00584	0	0
3215.90322	-0.00584	0	0
3216.00322	-0.00583	0	0
3216.10322	-0.00582	0	0
3216.20322	-0.00581	0	0
3216.30322	-0.0058	0	0
3216.40322	-0.00579	0	0
3216.50322	-0.00578	0	0
3216.60322	-0.00577	0	0
3216.70322	-0.00576	0	0
3216.80322	-0.00575	0	0
3216.90322	-0.00575	0	0
3217.00322	-0.00574	0	0
3217.10322	-0.00573	0	0
3217.20322	-0.00572	0	0
3217.30322	-0.00571	0	0
3217.40322	-0.0057	0	0
3217.50322	-0.00569	0	0
3217.60322	-0.00568	0	0
3217.70322	-0.00567	0	0
3217.80322	-0.00566	0	0
3217.90322	-0.00566	0	0
3218.00322	-0.00565	0	0
3218.10322	-0.00564	0	0
3218.20322	-0.00563	0	0
3218.30322	-0.00562	0	0
3218.40322	-0.00561	0	0
3218.50322	-0.0056	0	0
3218.60322	-0.00559	0	0
3218.70322	-0.00559	0	0
3218.80322	-0.00558	0	0
3218.90322	-0.00557	0	0
3219.00322	-0.00556	0	0
3219.10322	-0.00555	0	0
3219.20322	-0.00554	0	0
3219.30322	-0.00553	0	0
3219.40322	-0.00552	0	0
3219.50322	-0.00551	0	0
3219.60322	-0.00551	0	0
3219.70322	-0.0055	0	0
3219.80322	-0.00549	0	0
3219.90322	-0.00548	0	0
3220.00322	-0.00547	0	0
3220.10322	-0.00546	0	0
3220.20322	-0.00545	0	0
3220.30322	-0.00545	0	0
3220.40322	-0.00544	0	0
3220.50322	-0.00543	0	0
3220.60322	-0.00542	0	0
3220.70322	-0.00541	0	0
3220.80322	-0.0054	0	0
3220.90322	-0.00539	0	0
3221.00322	-0.00539	0	0
3221.10322	-0.00538	0	0
3221.20322	-0.00537	0	0
3221.30322	-0.00536	0	0
3221.40322	-0.00535	0	0
3221.50322	-0.00534	0	0
3221.60322	-0.00533	0	0
3221.70322	-0.00533	0	0
3221.80322	-0.00532	0	0
3221.90322	-0.00531	0	0
3222.00322	-0.0053	0	0
3222.10322	-0.00529	0	0
3222.20322	-0.00528	0	0
3222.30322	-0.00527	0	0
3222.40322	-0.00527	0	0
3222.50322	-0.00526	0	0
3222.60322	-0.00525	0	0
3222.70322	-0.00524	0	0
3222.80322	-0.00523	0	0
3222.90322	-0.00522	0	0
3223.00322	-0.00522	0	0
3223.10322	-0.00521	0	0
3223.20322	-0.0052	0	0
3223.30322	-0.00519	0	0
3223.40322	-0.00518	0	0
3223.50322	-0.00517	0	0
3223.60322	-0.00517	0	0
3223.70322	-0.00516	0	0
3223.80322	-0.00515	0	0
3223.90322	-0.00514	0	0
3224.00322	-0.00513	0	0
3224.10322	-0.00512	0	0
3224.20322	-0.00512	0	0
3224.30322	-0.00511	0	0
3224.40322	-0.0051	0	0
3224.50322	-0.00509	0	0
3224.60322	-0.00508	0	0
3224.70322	-0.00508	0	0
3224.80322	-0.00507	0	0
3224.90322	-0.00506	0	0
3225.00323	-0.00505	0	0
3225.10323	-0.00504	0	0
3225.20323	-0.00504	0	0
3225.30323	-0.00503	0	0
3225.40323	-0.00502	0	0
3225.50323	-0.00501	0	0
3225.60323	-0.005	0	0
3225.70323	-0.005	0	0
3225.80323	-0.00499	0	0
3225.90323	-0.00498	0	0
3226.00323	-0.00497	0	0
3226.10323	-0.00496	0	0
3226.20323	-0.00496	0	0
3226.30323	-0.00495	0	0
3226.40323	-0.00494	0	0
3226.50323	-0.00493	0	0
3226.60323	-0.00492	0	0
3226.70323	-0.00492	0	0
3226.80323	-0.00491	0	0
3226.90323	-0.0049	0	0
3227.00323	-0.00489	0	0
3227.10323	-0.00488	0	0
3227.20323	-0.00488	0	0
3227.30323	-0.00487	0	0
3227.40323	-0.00486	0	0
3227.50323	-0.00485	0	0
3227.60323	-0.00485	0	0
3227.70323	-0.00484	0	0
3227.80323	-0.00483	0	0
3227.90323	-0.00482	0	0
3228.00323	-0.00481	0	0
3228.10323	-0.00481	0	0
3228.20323	-0.0048	0	0
3228.30323	-0.00479	0	0
3228.40323	-0.00478	0	0
3228.50323	-0.00478	0	0
3228.60323	-0.00477	0	0
3228.70323	-0.00476	0	0
3228.80323	-0.00475	0	0
3228.90323	-0.00475	0	0
3229.00323	-0.00474	0	0
3229.10323	-0.00473	0	0
3229.20323	-0.00472	0	0
3229.30323	-0.00471	0	0
3229.40323	-0.00471	0	0
3229.50323	-0.0047	0	0
3229.60323	-0.00469	0	0
3229.70323	-0.00468	0	0
3229.80323	-0.00468	0	0
3229.90323	-0.00467	0	0
3230.00323	-0.00466	0	0
3230.10323	-0.00465	0	0
3230.20323	-0.00465	0	0
3230.30323	-0.00464	0	0
3230.40323	-0.00463	0	0
3230.50323	-0.00462	0	0
3230.60323	-0.00462	0	0
3230.70323	-0.00461	0	0
3230.80323	-0.0046	0	0
3230.90323	-0.0046	0	0
3231.00323	-0.00459	0	0
3231.10323	-0.00458	0	0
3231.20323	-0.00457	0	0
3231.30323	-0.00457	0	0
3231.40323	-0.00456	0	0
3231.50323	-0.00455	0	0
3231.60323	-0.00454	0	0
3231.70323	-0.00454	0	0
3231.80323	-0.00453	0	0
3231.90323	-0.00452	0	0
3232.00323	-0.00452	0	0
3232.10323	-0.00451	0	0
3232.20323	-0.0045	0	0
3232.30323	-0.00449	0	0
3232.40323	-0.00449	0	0
3232.50323	-0.00448	0	0
3232.60323	-0.00447	0	0
3232.70323	-0.00447	0	0
3232.80323	-0.00446	0	0
3232.90323	-0.00445	0	0
3233.00323	-0.00444	0	0
3233.10323	-0.00444	0	0
3233.20323	-0.00443	0	0
3233.30323	-0.00442	0	0
3233.40323	-0.00442	0	0
3233.50323	-0.00441	0	0
3233.60323	-0.0044	0	0
3233.70323	-0.00439	0	0
3233.80323	-0.00439	0	0
3233.90323	-0.00438	0	0
3234.00323	-0.00437	0	0
3234.10323	-0.00437	0	0
3234.20323	-0.00436	0	0
3234.30323	-0.00435	0	0
3234.40323	-0.00435	0	0
3234.50323	-0.00434	0	0
3234.60323	-0.00433	0	0
3234.70323	-0.00433	0	0
3234.80323	-0.00432	0	0
3234.90323	-0.00431	0	0
3235.00324	-0.0043	0	0
3235.10324	-0.0043	0	0
3235.20324	-0.00429	0	0
3235.30324	-0.00428	0	0
3235.40324	-0.00428	0	0
3235.50324	-0.00427	0	0
3235.60324	-0.00426	0	0
3235.70324	-0.00426	0	0
3235.80324	-0.00425	0	0
3235.90324	-0.00424	0	0
3236.00324	-0.00424	0	0
3236.10324	-0.00423	0	0
3236.20324	-0.00422	0	0
3236.30324	-0.00422	0	0
3236.40324	-0.00421	0	0
3236.50324	-0.0042	0	0
3236.60324	-0.0042	0	0
3236.70324	-0.00419	0	0
3236.80324	-0.00418	0	0
3236.90324	-0.00418	0	0
3237.00324	-0.00417	0	0
3237.10324	-0.00416	0	0
3237.20324	-0.00416	0	0
3237.30324	-0.00415	0	0
3237.40324	-0.00415	0	0
3237.50324	-0.00414	0	0
3237.60324	-0.00413	0	0
3237.70324	-0.00413	0	0
3237.80324	-0.00412	0	0
3237.90324	-0.00411	0	0
3238.00324	-0.00411	0	0
3238.10324	-0.0041	0	0
3238.20324	-0.00409	0	0
3238.30324	-0.00409	0	0
3238.40324	-0.00408	0	0
3238.50324	-0.00407	0	0
3238.60324	-0.00407	0	0
3238.70324	-0.00406	0	0
3238.80324	-0.00406	0	0
3238.90324	-0.00405	0	0
3239.00324	-0.00404	0	0
3239.10324	-0.00404	0	0
3239.20324	-0.00403	0	0
3239.30324	-0.00402	0	0
3239.40324	-0.00402	0	0
3239.50324	-0.00401	0	0
3239.60324	-0.00401	0	0
3239.70324	-0.004	0	0
3239.80324	-0.00399	0	0
3239.90324	-0.00399	0	0
3240.00324	-0.00398	0	0
3240.10324	-0.00397	0	0
3240.20324	-0.00397	0	0
3240.30324	-0.00396	0	0
3240.40324	-0.00396	0	0
3240.50324	-0.00395	0	0
3240.60324	-0.00394	0	0
3240.70324	-0.00394	0	0
3240.80324	-0.00393	0	0
3240.90324	-0.00393	0	0
3241.00324	-0.00392	0	0
3241.10324	-0.00391	0	0
3241.20324	-0.00391	0	0
3241.30324	-0.0039	0	0
3241.40324	-0.0039	0	0
3241.50324	-0.00389	0	0
3241.60324	-0.00388	0	0
3241.70324	-0.00388	0	0
3241.80324	-0.00387	0	0
3241.90324	-0.00387	0	0
3242.00324	-0.00386	0	0
3242.10324	-0.00386	0	0
3242.20324	-0.00385	0	0
3242.30324	-0.00384	0	0
3242.40324	-0.00384	0	0
3242.50324	-0.00383	0	0
3242.60324	-0.00383	0	0
3242.70324	-0.00382	0	0
3242.80324	-0.00381	0	0
3242.90324	-0.00381	0	0
3243.00324	-0.0038	0	0
3243.10324	-0.0038	0	0
3243.20324	-0.00379	0	0
3243.30324	-0.00379	0	0
3243.40324	-0.00378	0	0
3243.50324	-0.00377	0	0
3243.60324	-0.00377	0	0
3243.70324	-0.00376	0	0
3243.80324	-0.00376	0	0
3243.90324	-0.00375	0	0
3244.00324	-0.00375	0	0
3244.10324	-0.00374	0	0
3244.20324	-0.00374	0	0
3244.30324	-0.00373	0	0
3244.40324	-0.00372	0	0
3244.50324	-0.00372	0	0
3244.60324	-0.00371	0	0
3244.70324	-0.00371	0	0
3244.80324	-0.0037	0	0
3244.90324	-0.0037	0	0
3245.00325	-0.00369	0	0
3245.10325	-0.00369	0	0
3245.20325	-0.00368	0	0
3245.30325	-0.00368	0	0
3245.40325	-0.00367	0	0
3245.50325	-0.00366	0	0
3245.60325	-0.00366	0	0
3245.70325	-0.00365	0	0
3245.80325	-0.00365	0	0
3245.90325	-0.00364	0	0
3246.00325	-0.00364	0	0
3246.10325	-0.00363	0	0
3246.20325	-0.00363	0	0
3246.30325	-0.00362	0	0
3246.40325	-0.00362	0	0
3246.50325	-0.00361	0	0
3246.60325	-0.00361	0	0
3246.70325	-0.0036	0	0
3246.80325	-0.0036	0	0
3246.90325	-0.00359	0	0
3247.00325	-0.00359	0	0
3247.10325	-0.00358	0	0
3247.20325	-0.00358	0	0
3247.30325	-0.00357	0	0
3247.40325	-0.00357	0	0
3247.50325	-0.00356	0	0
3247.60325	-0.00356	0	0
3247.70325	-0.00355	0	0
3247.80325	-0.00355	0	0
3247.90325	-0.00354	0	0
3248.00325	-0.00354	0	0
3248.10325	-0.00353	0	0
3248.20325	-0.00353	0	0
3248.30325	-0.00352	0	0
3248.40325	-0.00352	0	0
3248.50325	-0.00351	0	0
3248.60325	-0.00351	0	0
3248.70325	-0.0035	0	0
3248.80325	-0.0035	0	0
3248.90325	-0.00349	0	0
3249.00325	-0.00349	0	0
3249.10325	-0.00348	0	0
3249.20325	-0.00348	0	0
3249.30325	-0.00347	0	0
3249.40325	-0.00347	0	0
3249.50325	-0.00346	0	0
3249.60325	-0.00346	0	0
3249.70325	-0.00345	0	0
3249.80325	-0.00345	0	0
3249.90325	-0.00344	0	0
3250.00325	-0.00344	0	0
3250.10325	-0.00344	0	0
3250.20325	-0.00343	0	0
3250.30325	-0.00343	0	0
3250.40325	-0.00342	0	0
3250.50325	-0.00342	0	0
3250.60325	-0.00341	0	0
3250.70325	-0.00341	0	0
3250.80325	-0.0034	0	0
3250.90325	-0.0034	0	0
3251.00325	-0.00339	0	0
3251.10325	-0.00339	0	0
3251.20325	-0.00339	0	0
3251.30325	-0.00338	0	0
3251.40325	-0.00338	0	0
3251.50325	-0.00337	0	0
3251.60325	-0.00337	0	0
3251.70325	-0.00336	0	0
3251.80325	-0.00336	0	0
3251.90325	-0.00336	0	0
3252.00325	-0.00335	0	0
3252.10325	-0.00335	0	0
3252.20325	-0.00334	0	0
3252.30325	-0.00334	0	0
3252.40325	-0.00333	0	0
3252.50325	-0.00333	0	0
3252.60325	-0.00333	0	0
3252.70325	-0.00332	0	0
3252.80325	-0.00332	0	0
3252.90325	-0.00331	0	0
3253.00325	-0.00331	0	0
3253.10325	-0.00331	0	0
3253.20325	-0.0033	0	0
3253.30325	-0.0033	0	0
3253.40325	-0.00329	0	0
3253.50325	-0.00329	0	0
3253.60325	-0.00329	0	0
3253.70325	-0.00328	0	0
3253.80325	-0.00328	0	0
3253.90325	-0.00327	0	0
3254.00325	-0.00327	0	0
3254.10325	-0.00327	0	0
3254.20325	-0.00326	0	0
3254.30325	-0.00326	0	0
3254.40325	-0.00325	0	0
3254.50325	-0.00325	0	0
3254.60325	-0.00325	0	0
3254.70325	-0.00324	0	0
3254.80325	-0.00324	0	0
3254.90325	-0.00324	0	0
3255.00326	-0.00323	0	0
3255.10326	-0.00323	0	0
3255.20326	-0.00322	0	0
3255.30326	-0.00322	0	0
3255.40326	-0.00322	0	0
3255.50326	-0.00321	0	0
3255.60326	-0.00321	0	0
3255.70326	-0.00321	0	0
3255.80326	-0.0032	0	0
3255.90326	-0.0032	0	0
3256.00326	-0.0032	0	0
3256.10326	-0.00319	0	0
3256.20326	-0.00319	0	0
3256.30326	-0.00319	0	0
3256.40326	-0.00318	0	0
3256.50326	-0.00318	0	0
3256.60326	-0.00318	0	0
3256.70326	-0.00317	0	0
3256.80326	-0.00317	0	0
3256.90326	-0.00317	0	0
3257.00326	-0.00316	0	0
3257.10326	-0.00316	0	0
3257.20326	-0.00316	0	0
3257.30326	-0.00315	0	0
3257.40326	-0.00315	0	0
3257.50326	-0.00315	0	0
3257.60326	-0.00314	0	0
3257.70326	-0.00314	0	0
3257.80326	-0.00314	0	0
3257.90326	-0.00314	0	0
3258.00326	-0.00313	0	0
3258.10326	-0.00313	0	0
3258.20326	-0.00313	0	0
3258.30326	-0.00312	0	0
3258.40326	-0.00312	0	0
3258.50326	-0.00312	0	0
3258.60326	-0.00311	0	0
3258.70326	-0.00311	0	0
3258.80326	-0.00311	0	0
3258.90326	-0.00311	0	0
3259.00326	-0.0031	0	0
3259.10326	-0.0031	0	0
3259.20326	-0.0031	0	0
3259.30326	-0.0031	0	0
3259.40326	-0.00309	0	0
3259.50326	-0.00309	0	0
3259.60326	-0.00309	0	0
3259.70326	-0.00308	0	0
3259.80326	-0.00308	0	0
3259.90326	-0.00308	0	0
3260.00326	-0.00308	0	0
3260.10326	-0.00307	0	0
3260.20326	-0.00307	0	0
3260.30326	-0.00307	0	0
3260.40326	-0.00307	0	0
3260.50326	-0.00306	0	0
3260.60326	-0.00306	0	0
3260.70326	-0.00306	0	0
3260.80326	-0.00306	0	0
3260.90326	-0.00306	0	0
3261.00326	-0.00305	0	0
3261.10326	-0.00305	0	0
3261.20326	-0.00305	0	0
3261.30326	-0.00305	0	0
3261.40326	-0.00304	0	0
3261.50326	-0.00304	0	0
3261.60326	-0.00304	0	0
3261.70326	-0.00304	0	0
3261.80326	-0.00304	0	0
3261.90326	-0.00303	0	0
3262.00326	-0.00303	0	0
3262.10326	-0.00303	0	0
3262.20326	-0.00303	0	0
3262.30326	-0.00303	0	0
3262.40326	-0.00302	0	0
3262.50326	-0.00302	0	0
3262.60326	-0.00302	0	0
3262.70326	-0.00302	0	0
3262.80326	-0.00302	0	0
3262.90326	-0.00301	0	0
3263.00326	-0.00301	0	0
3263.10326	-0.00301	0	0
3263.20326	-0.00301	0	0
3263.30326	-0.00301	0	0
3263.40326	-0.00301	0	0
3263.50326	-0.003	0	0
3263.60326	-0.003	0	0
3263.70326	-0.003	0	0
3263.80326	-0.003	0	0
3263.90326	-0.003	0	0
3264.00326	-0.003	0	0
3264.10326	-0.003	0	0
3264.20326	-0.00299	0	0
3264.30326	-0.00299	0	0
3264.40326	-0.00299	0	0
3264.50326	-0.00299	0	0
3264.60326	-0.00299	0	0
3264.70326	-0.00299	0	0
3264.80326	-0.00299	0	0
3264.90326	-0.00298	0	0
3265.00327	-0.00298	0	0
3265.10327	-0.00298	0	0
3265.20327	-0.00298	0	0
3265.30327	-0.00298	0	0
3265.40327	-0.00298	0	0
3265.50327	-0.00298	0	0
3265.60327	-0.00298	0	0
3265.70327	-0.00298	0	0
3265.80327	-0.00297	0	0
3265.90327	-0.00297	0	0
3266.00327	-0.00297	0	0
3266.10327	-0.00297	0	0
3266.20327	-0.00297	0	0
3266.30327	-0.00297	0	0
3266.40327	-0.00297	0	0
3266.50327	-0.00297	0	0
3266.60327	-0.00297	0	0
3266.70327	-0.00297	0	0
3266.80327	-0.00297	0	0
3266.90327	-0.00297	0	0
3267.00327	-0.00297	0	0
3267.10327	-0.00296	0	0
3267.20327	-0.00296	0	0
3267.30327	-0.00296	0	0
3267.40327	-0.00296	0	0
3267.50327	-0.00296	0	0
3267.60327	-0.00296	0	0
3267.70327	-0.00296	0	0
3267.80327	-0.00296	0	0
3267.90327	-0.00296	0	0
3268.00327	-0.00296	0	0
3268.10327	-0.00296	0	0
3268.20327	-0.00296	0	0
3268.30327	-0.00296	0	0
3268.40327	-0.00296	0	0
3268.50327	-0.00296	0	0
3268.60327	-0.00296	0	0
3268.70327	-0.00296	0	0
3268.80327	-0.00296	0	0
3268.90327	-0.00296	0	0
3269.00327	-0.00296	0	0
3269.10327	-0.00296	0	0
3269.20327	-0.00296	0	0
3269.30327	-0.00296	0	0
3269.40327	-0.00296	0	0
3269.50327	-0.00296	0	0
3269.60327	-0.00296	0	0
3269.70327	-0.00296	0	0
3269.80327	-0.00296	0	0
3269.90327	-0.00296	0	0
3270.00327	-0.00296	0	0
3270.10327	-0.00296	0	0
3270.20327	-0.00296	0	0
3270.30327	-0.00296	0	0
3270.40327	-0.00296	0	0
3270.50327	-0.00296	0	0
3270.60327	-0.00296	0	0
3270.70327	-0.00296	0	0
3270.80327	-0.00296	0	0
3270.90327	-0.00296	0	0
3271.00327	-0.00296	0	0
3271.10327	-0.00296	0	0
3271.20327	-0.00297	0	0
3271.30327	-0.00297	0	0
3271.40327	-0.00297	0	0
3271.50327	-0.00297	0	0
3271.60327	-0.00297	0	0
3271.70327	-0.00297	0	0
3271.80327	-0.00297	0	0
3271.90327	-0.00297	0	0
3272.00327	-0.00297	0	0
3272.10327	-0.00297	0	0
3272.20327	-0.00297	0	0
3272.30327	-0.00297	0	0
3272.40327	-0.00298	0	0
3272.50327	-0.00298	0	0
3272.60327	-0.00298	0	0
3272.70327	-0.00298	0	0
3272.80327	-0.00298	0	0
3272.90327	-0.00298	0	0
3273.00327	-0.00298	0	0
3273.10327	-0.00298	0	0
3273.20327	-0.00299	0	0
3273.30327	-0.00299	0	0
3273.40327	-0.00299	0	0
3273.50327	-0.00299	0	0
3273.60327	-0.00299	0	0
3273.70327	-0.00299	0	0
3273.80327	-0.00299	0	0
3273.90327	-0.00261	0	0
